LG,TM,FIRST,LAST,USE,B/P,C,1B,2B,3B,SS,LF,CF,RF
AL,BO,Hanser,Alberto,REG,BAT,,,3,4,,4,,4
AL,BO,Chris,Davis,REG,BAT,,3,,,,,,4
AL,BO,Austin,Hays,ADD,BAT,,,,,,,3,
AL,BO,Drew,Jackson,COMP,BAT,,,,,,,4,
AL,BO,Trey,Mancini,REG,BAT,,,,,,4(B3),4(B3),4(B3)
AL,BO,Richie,Martin,REG,BAT,,,,,3,,,
AL,BO,Cedric,Mullins II,ADD,BAT,,,,,,,3,
AL,BO,Renato,Nunez,REG,BAT,,5,,5,,5,,
AL,BO,Jace,Peterson,ADD,BAT,,,4,3,,4,,
AL,BO,Joey,Rickard,ADD,BAT,,,,,,3,3,3
AL,BO,Jose,Rondon,ADD,BAT,,4,4,3,4,4,,
AL,BO,Rio,Ruiz,REG,BAT,,4,5,3,,,,
AL,BO,Anthony,Santander,REG,BAT,,,,,,3,4,3
AL,BO,Pedro,Severino,REG,BAT,3,,,,,,,
AL,BO,Chance,Sisco,REG,BAT,4,5,,,,,,
AL,BO,Dwight,Smith,REG,BAT,,,,,,4,,
AL,BO,D.J.,Stewart,REG,BAT,,,,,,4,,4
AL,BO,Jesus,Sucre,ADD,BAT,3,5,,,,,,
AL,BO,Mark,Trumbo,COMP,BAT,,,,,,,,
AL,BO,Jonathan,Villar,REG,BAT,,,3,,4,,,
AL,BO,Steve,Wilkerson,REG,BAT,,,3,,,3,3,3
AL,BO,Mason,Williams,COMP,BAT,,,,,,3,3,
AL,BO,Austin,Wynns,ADD,BAT,3,,,,,,,
AL,BO,Pedro,Araujo,COMP,PIT,,,,,,,,
AL,BO,Shawn,Armstrong,REG,PIT,,,,,,,,
AL,BO,Ty,Blach,COMP,PIT,,,,,,,,
AL,BO,Richard,Bleier,REG,PIT,,,,,,,,
AL,BO,Aaron,Brooks,REG,PIT,,,,,,,,
AL,BO,Dylan,Bundy,REG,PIT,,,,,,,,
AL,BO,Miguel,Castro,REG,PIT,,,,,,,,
AL,BO,Alex,Cobb,COMP,PIT,,,,,,,,
AL,BO,Ryan,Eades,COMP,PIT,,,,,,,,
AL,BO,Tom,Eshelman,REG,PIT,,,,,,,,
AL,BO,Paul,Fry,REG,PIT,,,,,,,,
AL,BO,Sean,Gilmartin,COMP,PIT,,,,,,,,
AL,BO,Mychal,Givens,REG,PIT,,,,,,,,
AL,BO,Hunter,Harvey,COMP,PIT,,,,,,,,
AL,BO,David,Hess,REG,PIT,,,,,,,,
AL,BO,Nate,Karns,COMP,PIT,,,,,,,,
AL,BO,Branden,Kline,REG,PIT,,,,,,,,
AL,BO,Josh,Lucas,COMP,PIT,,,,,,,,
AL,BO,John,Means,REG,PIT,,,,,,,,
AL,BO,Luis,Ortiz,COMP,PIT,,,,,,,,
AL,BO,Evan,Phillips,ADD,PIT,,,,,,,,
AL,BO,Yefry,Ramirez,COMP,PIT,,,,,,,,
AL,BO,Josh,Rogers,COMP,PIT,,,,,,,,
AL,BO,Tanner,Scott,ADD,PIT,,,,,,,,
AL,BO,Tayler,Scott,COMP,PIT,,,,,,,,
AL,BO,Chandler,Shepherd,COMP,PIT,,,,,,,,
AL,BO,Dan,Straily,ADD,PIT,,,,,,,,
AL,BO,Dillon,Tate,COMP,PIT,,,,,,,,
AL,BO,Asher,Wojciechowski,REG,PIT,,,,,,,,
AL,BO,Matt,Wotherspoon,COMP,PIT,,,,,,,,
AL,BO,Jimmy,Yacabonis,REG,PIT,,,,,,,,
AL,BO,Gabriel,Ynoa,REG,PIT,,,,,,,,
AL,BR,Andrew,Benintendi,REG,BAT,,,,,,3,3,
AL,BR,Mookie,Betts,REG,BAT,,,,,,,2,1
AL,BR,Xander,Bogaerts,REG,BAT,,,,,3,,,
AL,BR,Jackie,Bradley Jr.,REG,BAT,,,,,,,1,1
AL,BR,Juan,Centeno,COMP,BAT,3,,,,,,,
AL,BR,Michael,Chavis,REG,BAT,,3,4,4,,,,
AL,BR,Rafael,Devers,REG,BAT,,,,4,5,,,
AL,BR,Gorkys,Hernandez,COMP,BAT,,,,,,2,3,2
AL,BR,Marco,Hernandez,REG,BAT,,,3(B2),,4,,,
AL,BR,Brock,Holt,REG,BAT,,4,3(B2),4,4,4,,4
AL,BR,Sandy,Leon,REG,BAT,1,4,,,,,,
AL,BR,Tzu-Wei,Lin,COMP,BAT,,,2,,3,,4,
AL,BR,J.D.,Martinez,REG,BAT,,,,,,4,,4
AL,BR,Mitch,Moreland,REG,BAT,,3,,,,,,
AL,BR,Eduardo,Nunez,ADD,BAT,,,4,4,4,,,
AL,BR,Chris,Owings,ADD,BAT,,,3,4,4,4,4,4
AL,BR,Steve,Pearce,ADD,BAT,,3(B4),,,,4,,
AL,BR,Dustin,Pedroia,COMP,BAT,,,4,,,,,
AL,BR,Blake,Swihart,COMP,BAT,4,4,,,,4,,
AL,BR,Sam,Travis,REG,BAT,,3,,,,4,,
AL,BR,Christian,Vazquez,REG,BAT,2,3,5,5,,,,
AL,BR,Matt,Barnes,REG,PIT,,,,,,,,
AL,BR,Ryan,Brasier,REG,PIT,,,,,,,,
AL,BR,Colten,Brewer,REG,PIT,,,,,,,,
AL,BR,Andrew,Cashner,REG,PIT,,,,,,,,
AL,BR,Jhoulys,Chacin,COMP,PIT,,,,,,,,
AL,BR,Nathan,Eovaldi,REG,PIT,,,,,,,,
AL,BR,Heath,Hembree,REG,PIT,,,,,,,,
AL,BR,Darwinzon,Hernandez,ADD,PIT,,,,,,,,
AL,BR,Brian,Johnson,ADD,PIT,,,,,,,,
AL,BR,Trevor,Kelley,COMP,PIT,,,,,,,,
AL,BR,Travis,Lakins,COMP,PIT,,,,,,,,
AL,BR,Rick,Porcello,REG,PIT,,,,,,,,
AL,BR,Bobby,Poyner,COMP,PIT,,,,,,,,
AL,BR,David,Price,REG,PIT,,,,,,,,
AL,BR,Erasmo,Ramirez,COMP,PIT,,,,,,,,
AL,BR,Eduardo,Rodriguez,REG,PIT,,,,,,,,
AL,BR,Chris,Sale,REG,PIT,,,,,,,,
AL,BR,Mike,Shawaryn,COMP,PIT,,,,,,,,
AL,BR,Josh A.,Smith,ADD,PIT,,,,,,,,
AL,BR,Josh,Taylor,REG,PIT,,,,,,,,
AL,BR,Tyler,Thornburg,COMP,PIT,,,,,,,,
AL,BR,Hector,Velazquez,REG,PIT,,,,,,,,
AL,BR,Marcus,Walden,REG,PIT,,,,,,,,
AL,BR,Ryan,Weber,ADD,PIT,,,,,,,,
AL,BR,Brandon,Workman,REG,PIT,,,,,,,,
AL,BR,Steven,Wright,COMP,PIT,,,,,,,,
AL,CH,Jose,Abreu,REG,BAT,,3,,,,,,
AL,CH,Yonder,Alonso,ADD,BAT,,3,,,,,,
AL,CH,Tim,Anderson,REG,BAT,,,,,4,,,
AL,CH,Welington,Castillo,REG,BAT,4,,,,,,,
AL,CH,Zack,Collins,ADD,BAT,4,4,,,,,,
AL,CH,Ryan,Cordell,REG,BAT,,,,,,3,3,3
AL,CH,Nick,Delmonico,ADD,BAT,,4,,,,4,,
AL,CH,Adam,Engel,REG,BAT,,,,,,,1(B2),
AL,CH,Leury,Garcia,REG,BAT,,,4,4,4,3,3,3
AL,CH,Ryan,Goins,REG,BAT,,4,,4,3,,,5
AL,CH,Jon,Jay,REG,BAT,,,,,,4,,3
AL,CH,Eloy,Jimenez,REG,BAT,,,,,,4,,
AL,CH,James,McCann,REG,BAT,2,,,,,,,
AL,CH,Danny,Mendick,COMP,BAT,,,3,4,4,,,
AL,CH,Yoan,Moncada,REG,BAT,,,,3,,,,
AL,CH,Daniel,Palka,ADD,BAT,,5,,,,,,5
AL,CH,A.J.,Reed,COMP,BAT,,4,,,,,,
AL,CH,Yolmer,Sanchez,REG,BAT,,,1,,,,,
AL,CH,Matt,Skole,ADD,BAT,,4,,,,,,
AL,CH,Charlie,Tilson,REG,BAT,,,,,,4,4,4
AL,CH,Seby,Zavala,COMP,BAT,4,,,,,,,
AL,CH,Manny,Banuelos,ADD,PIT,,,,,,,,
AL,CH,Aaron,Bummer,REG,PIT,,,,,,,,
AL,CH,Ryan,Burr,COMP,PIT,,,,,,,,
AL,CH,Dylan,Cease,REG,PIT,,,,,,,,
AL,CH,Alex,Colome,REG,PIT,,,,,,,,
AL,CH,Jimmy,Cordero,REG,PIT,,,,,,,,
AL,CH,Dylan,Covey,REG,PIT,,,,,,,,
AL,CH,Odrisamer,Despaigne,COMP,PIT,,,,,,,,
AL,CH,Ross,Detwiler,REG,PIT,,,,,,,,
AL,CH,Caleb,Frare,COMP,PIT,,,,,,,,
AL,CH,Jace,Fry,REG,PIT,,,,,,,,
AL,CH,Carson,Fulmer,ADD,PIT,,,,,,,,
AL,CH,Lucas,Giolito,REG,PIT,,,,,,,,
AL,CH,Kelvin,Herrera,REG,PIT,,,,,,,,
AL,CH,Nate,Jones,COMP,PIT,,,,,,,,
AL,CH,Reynaldo,Lopez,REG,PIT,,,,,,,,
AL,CH,Evan,Marshall,REG,PIT,,,,,,,,
AL,CH,Juan,Minaya,ADD,PIT,,,,,,,,
AL,CH,Ivan,Nova,REG,PIT,,,,,,,,
AL,CH,Josh,Osich,REG,PIT,,,,,,,,
AL,CH,Carlos,Rodon,ADD,PIT,,,,,,,,
AL,CH,Jose,Ruiz,REG,PIT,,,,,,,,
AL,CH,Ervin,Santana,COMP,PIT,,,,,,,,
AL,CH,Hector,Santiago,COMP,PIT,,,,,,,,
AL,CH,Thyago,Vieira,COMP,PIT,,,,,,,,
AL,CI,Greg,Allen,REG,BAT,,,,,,2,2,2
AL,CI,Jake,Bauers,REG,BAT,,2,,,,4(B3),,
AL,CI,Bobby,Bradley,COMP,BAT,,4,,,,,,
AL,CI,Yu,Chang,ADD,BAT,,,,4,4,,,
AL,CI,Ryan,Flaherty,COMP,BAT,,,4,4,,,,
AL,CI,Mike,Freeman,REG,BAT,,,3,3(B4),4,4,,
AL,CI,Carlos,Gonzalez,ADD,BAT,,,,,,3,,3
AL,CI,Eric,Haase,COMP,BAT,4,,,,,,,
AL,CI,Jason,Kipnis,REG,BAT,,,4(B3),,,,,
AL,CI,Francisco,Lindor,REG,BAT,,,,,1,,,
AL,CI,Jordan,Luplow,REG,BAT,,,,,,3(B2),4,3(B2)
AL,CI,Leonys,Martin,MIX,BAT,,,,,,,2,
AL,CI,Oscar,Mercado,REG,BAT,,,,,,3,2,3
AL,CI,Brad,Miller,COMP,BAT,,,4,,,,,
AL,CI,Max,Moroff,COMP,BAT,,,3,3,3,,,
AL,CI,Tyler,Naquin,REG,BAT,,,,,,3(B2),,3(B2)
AL,CI,Roberto,Perez,REG,BAT,1,,,,,,,
AL,CI,Kevin,Plawecki,REG,BAT,3,4,,,,,,
AL,CI,Yasiel,Puig,REG,BAT,,,,,,,,3
AL,CI,Hanley,Ramirez,COMP,BAT,,,,,,,,
AL,CI,Jose,Ramirez,REG,BAT,,,,1(B2),,,,
AL,CI,Franmil,Reyes,REG,BAT,,,,,,,,5
AL,CI,Carlos,Santana,REG,BAT,,3,,,,,,
AL,CI,Eric,Stamets,COMP,BAT,,,,,3,,,
AL,CI,Andrew,Velazquez,COMP,BAT,,,3,3,,,4,
AL,CI,Bradley,Zimmer,COMP,BAT,,,,,,,2,2
AL,CI,Logan,Allen,COMP,PIT,,,,,,,,
AL,CI,Cody,Anderson,COMP,PIT,,,,,,,,
AL,CI,Trevor,Bauer,MIX,PIT,,,,,,,,
AL,CI,Shane,Bieber,REG,PIT,,,,,,,,
AL,CI,Carlos,Carrasco,REG,PIT,,,,,,,,
AL,CI,Adam,Cimber,REG,PIT,,,,,,,,
AL,CI,Aaron,Civale,REG,PIT,,,,,,,,
AL,CI,Mike,Clevinger,REG,PIT,,,,,,,,
AL,CI,Tyler,Clippard,REG,PIT,,,,,,,,
AL,CI,A.J.,Cole,ADD,PIT,,,,,,,,
AL,CI,Jon,Edwards,COMP,PIT,,,,,,,,
AL,CI,Nick,Goody,REG,PIT,,,,,,,,
AL,CI,Brad,Hand,REG,PIT,,,,,,,,
AL,CI,James,Hoyt,COMP,PIT,,,,,,,,
AL,CI,James,Karinchak,COMP,PIT,,,,,,,,
AL,CI,Corey,Kluber,ADD,PIT,,,,,,,,
AL,CI,Phil,Maton,COMP,PIT,,,,,,,,
AL,CI,Tyler,Olson,ADD,PIT,,,,,,,,
AL,CI,Dan,Otero,ADD,PIT,,,,,,,,
AL,CI,Oliver,Perez,REG,PIT,,,,,,,,
AL,CI,Zach,Plesac,REG,PIT,,,,,,,,
AL,CI,Adam,Plutko,REG,PIT,,,,,,,,
AL,CI,Jefry,Rodriguez,ADD,PIT,,,,,,,,
AL,CI,Danny,Salazar,COMP,PIT,,,,,,,,
AL,CI,Josh D.,Smith,COMP,PIT,,,,,,,,
AL,CI,Nick,Wittgren,REG,PIT,,,,,,,,
AL,CI,Hunter,Wood,REG,PIT,,,,,,,,
AL,DT,Gordon,Beckham,REG,BAT,,4,3,3,4,,,
AL,DT,Miguel,Cabrera,REG,BAT,,5,,,,,,
AL,DT,Jeimer,Candelario,REG,BAT,,3,,3,,,,
AL,DT,Nicholas,Castellanos,MIX,BAT,,,,,,,,5(B4)
AL,DT,Harold,Castro,REG,BAT,4,4,4,4,,4(B3),4,4(B3)
AL,DT,Willi,Castro,ADD,BAT,,,,,4,,,
AL,DT,Travis,Demeritte,ADD,BAT,,,,,,,,4(B3)
AL,DT,Brandon,Dixon,REG,BAT,,3,4,4,,4,4,4
AL,DT,Niko,Goodrum,REG,BAT,,3,3(B4),4,3,4,4,4
AL,DT,Grayson,Greiner,REG,BAT,3,,,,,,,
AL,DT,Josh,Harrison,ADD,BAT,,,4(B3),,,,,
AL,DT,John,Hicks,REG,BAT,4,4,,,,,,
AL,DT,JaCoby,Jones,REG,BAT,,,,,,,2,
AL,DT,Dawel,Lugo,REG,BAT,,,,4(B3),,,,
AL,DT,Mikie,Mahtook,COMP,BAT,,,,,,,3,
AL,DT,Jordy,Mercer,REG,BAT,,4,4,4,4,,,
AL,DT,Dustin,Peterson,COMP,BAT,,5,,,,4,4,4
AL,DT,Victor,Reyes,REG,BAT,,,,,,3(B2),3(B2),3
AL,DT,Ronny,Rodriguez,REG,BAT,,4,3,4,4,4,,
AL,DT,Jake,Rogers,ADD,BAT,4(B3),,,,,,,
AL,DT,Christin,Stewart,REG,BAT,,,,,,5,,
AL,DT,Bobby,Wilson,COMP,BAT,3,,,,,,,
AL,DT,Austin D,Adams,COMP,PIT,,,,,,,,
AL,DT,Victor,Alcantara,REG,PIT,,,,,,,,
AL,DT,Tyler,Alexander,REG,PIT,,,,,,,,
AL,DT,Sandy,Baez,COMP,PIT,,,,,,,,
AL,DT,Matthew,Boyd,REG,PIT,,,,,,,,
AL,DT,Ryan,Carpenter,ADD,PIT,,,,,,,,
AL,DT,Jose,Cisnero,REG,PIT,,,,,,,,
AL,DT,Buck,Farmer,REG,PIT,,,,,,,,
AL,DT,Jose,Fernandez,COMP,PIT,,,,,,,,
AL,DT,Bryan,Garcia,COMP,PIT,,,,,,,,
AL,DT,Reed,Garrett,COMP,PIT,,,,,,,,
AL,DT,Shane,Greene,MIX,PIT,,,,,,,,
AL,DT,Matt,Hall,COMP,PIT,,,,,,,,
AL,DT,Blaine,Hardy,ADD,PIT,,,,,,,,
AL,DT,Edwin,Jackson,REG,PIT,,,,,,,,
AL,DT,Eduardo,Jimenez,COMP,PIT,,,,,,,,
AL,DT,Joe,Jimenez,REG,PIT,,,,,,,,
AL,DT,David,McKay,ADD,PIT,,,,,,,,
AL,DT,Matt,Moore,COMP,PIT,,,,,,,,
AL,DT,Daniel,Norris,REG,PIT,,,,,,,,
AL,DT,Nick,Ramirez,REG,PIT,,,,,,,,
AL,DT,Zac,Reininger,ADD,PIT,,,,,,,,
AL,DT,Trevor,Rosenthal,COMP,PIT,,,,,,,,
AL,DT,Tyson,Ross,ADD,PIT,,,,,,,,
AL,DT,John,Schreiber,COMP,PIT,,,,,,,,
AL,DT,Gregory,Soto,REG,PIT,,,,,,,,
AL,DT,Daniel,Stumpf,REG,PIT,,,,,,,,
AL,DT,Carlos,Torres,COMP,PIT,,,,,,,,
AL,DT,Spencer,Turnbull,REG,PIT,,,,,,,,
AL,DT,Drew,VerHagen,ADD,PIT,,,,,,,,
AL,DT,Jordan,Zimmermann,REG,PIT,,,,,,,,
AL,HA,Jose,Altuve,REG,BAT,,,2(B3),,4,,,
AL,HA,Yordan,Alvarez,REG,BAT,,,,,,5,,
AL,HA,Michael,Brantley,REG,BAT,,,,,,3,,4
AL,HA,Alex,Bregman,REG,BAT,,,,1,2,,,
AL,HA,Robinson,Chirinos,REG,BAT,2,,,,,,,
AL,HA,Carlos,Correa,REG,BAT,,,,,2,,,
AL,HA,Aledmys,Diaz,REG,BAT,,4,4,3,4,4,,
AL,HA,Yuli,Gurriel,REG,BAT,,1,4,4(B3),,,,
AL,HA,Tony,Kemp,ADD,BAT,,,4,,,3,4,
AL,HA,Martin,Maldonado,REG,BAT,2,4,,,,,,
AL,HA,Jake,Marisnick,REG,BAT,,,,,,,1,
AL,HA,Jack,Mayfield,ADD,BAT,,,4,4,4,,,
AL,HA,Josh,Reddick,REG,BAT,,5,,,,2,3,1
AL,HA,George,Springer,REG,BAT,,,,,,,2,2
AL,HA,Myles,Straw,REG,BAT,,,4,,3,2,2,3
AL,HA,Garrett,Stubbs,COMP,BAT,3,,,,,4,,
AL,HA,Abraham,Toro,ADD,BAT,,4,,4,,,,
AL,HA,Kyle,Tucker,ADD,BAT,,5,,,,4,,4
AL,HA,Tyler,White,ADD,BAT,,4(B3),,,,,,
AL,HA,Bryan,Abreu,COMP,PIT,,,,,,,,
AL,HA,Rogelio,Armenteros,COMP,PIT,,,,,,,,
AL,HA,Joe,Biagini,MIX,PIT,,,,,,,,
AL,HA,Gerrit,Cole,REG,PIT,,,,,,,,
AL,HA,Chris,Devenski,REG,PIT,,,,,,,,
AL,HA,Zack,Greinke,REG,PIT,,,,,,,,
AL,HA,Reymin,Guduan,COMP,PIT,,,,,,,,
AL,HA,Will,Harris,REG,PIT,,,,,,,,
AL,HA,Josh,James,REG,PIT,,,,,,,,
AL,HA,Corbin,Martin,COMP,PIT,,,,,,,,
AL,HA,Collin,McHugh,REG,PIT,,,,,,,,
AL,HA,Wade,Miley,REG,PIT,,,,,,,,
AL,HA,Roberto,Osuna,REG,PIT,,,,,,,,
AL,HA,Brad,Peacock,REG,PIT,,,,,,,,
AL,HA,Cionel,Perez,COMP,PIT,,,,,,,,
AL,HA,Ryan,Pressly,REG,PIT,,,,,,,,
AL,HA,Brady,Rodgers,COMP,PIT,,,,,,,,
AL,HA,Hector,Rondon,REG,PIT,,,,,,,,
AL,HA,Aaron,Sanchez,MIX,PIT,,,,,,,,
AL,HA,Joe,Smith,REG,PIT,,,,,,,,
AL,HA,Cy,Sneed,COMP,PIT,,,,,,,,
AL,HA,Jose,Urquidy,ADD,PIT,,,,,,,,
AL,HA,Framber,Valdez,REG,PIT,,,,,,,,
AL,HA,Justin,Verlander,REG,PIT,,,,,,,,
AL,KR,Humberto,Arteaga,REG,BAT,,,2,4,2,,,
AL,KR,Jorge,Bonifacio,COMP,BAT,,,,,,4,,4
AL,KR,Cheslor,Cuthbert,REG,BAT,,4,,4(B5),,,,
AL,KR,Nick,Dini,REG,BAT,4,,,,,,,
AL,KR,Hunter,Dozier,REG,BAT,,4,,4(B3),,,,4
AL,KR,Lucas,Duda,ADD,BAT,,4,,,,,,
AL,KR,Cam,Gallagher,REG,BAT,3,,,,,,,
AL,KR,Alex,Gordon,REG,BAT,,,,,,2,,
AL,KR,Terrance,Gore,COMP,BAT,,,,,,4,4,4
AL,KR,Kelvin,Gutierrez,ADD,BAT,,,,3,,,,
AL,KR,Billy,Hamilton,MIX,BAT,,,,,,,1,
AL,KR,Nicky,Lopez,REG,BAT,,,2,,3(B2),,,
AL,KR,Ryan,McBroom,ADD,BAT,,4,,,,4,,4
AL,KR,Erick,Mejia,COMP,BAT,,,4,,4,,4,
AL,KR,Whit,Merrifield,REG,BAT,,4,2,,,3,3,3
AL,KR,Adalberto,Mondesi,REG,BAT,,,,,1,,,
AL,KR,Ryan,O'Hearn,REG,BAT,,4,,,,5,,
AL,KR,Brett,Phillips,REG,BAT,,,,,,2,2,2
AL,KR,Frank,Schwindel,COMP,BAT,,4,,,,,,
AL,KR,Jorge,Soler,REG,BAT,,,,,,,,4
AL,KR,Bubba,Starling,REG,BAT,,,,,,3,2,3
AL,KR,Meibrys,Viloria,REG,BAT,4,,,,,,,
AL,KR,Scott,Barlow,REG,PIT,,,,,,,,
AL,KR,Jacob,Barnes,COMP,PIT,,,,,,,,
AL,KR,Brad,Boxberger,REG,PIT,,,,,,,,
AL,KR,Danny,Duffy,REG,PIT,,,,,,,,
AL,KR,Chris,Ellis,COMP,PIT,,,,,,,,
AL,KR,Heath,Fillmyer,COMP,PIT,,,,,,,,
AL,KR,Brian,Flynn,ADD,PIT,,,,,,,,
AL,KR,Jesse,Hahn,COMP,PIT,,,,,,,,
AL,KR,Tim,Hill,REG,PIT,,,,,,,,
AL,KR,Jakob,Junis,REG,PIT,,,,,,,,
AL,KR,Brad,Keller,REG,PIT,,,,,,,,
AL,KR,Ian,Kennedy,REG,PIT,,,,,,,,
AL,KR,Ben,Lively,COMP,PIT,,,,,,,,
AL,KR,Jorge,Lopez,REG,PIT,,,,,,,,
AL,KR,Richard,Lovelady,COMP,PIT,,,,,,,,
AL,KR,Kevin,McCarthy,REG,PIT,,,,,,,,
AL,KR,Mike,Montgomery,REG,PIT,,,,,,,,
AL,KR,Jake,Newberry,REG,PIT,,,,,,,,
AL,KR,Wily,Peralta,REG,PIT,,,,,,,,
AL,KR,Randy,Rosario,COMP,PIT,,,,,,,,
AL,KR,Eric,Skoglund,COMP,PIT,,,,,,,,
AL,KR,Glenn,Sparkman,REG,PIT,,,,,,,,
AL,KR,Gabe,Speier,COMP,PIT,,,,,,,,
AL,KR,Josh,Staumont,COMP,PIT,,,,,,,,
AL,KR,Kyle,Zimmer,COMP,PIT,,,,,,,,
AL,LA,Anthony,Bemboom,COMP,BAT,4,,,,,,,
AL,LA,Justin,Bour,ADD,BAT,,5,,,,,,
AL,LA,Peter,Bourjos,COMP,BAT,,,5,,,2,2,
AL,LA,Kole,Calhoun,REG,BAT,,,,,,,4,2
AL,LA,Kaleb,Cowart,COMP,BAT,,,3,2,,,,
AL,LA,Zack,Cozart,ADD,BAT,,,3,3,3,,,
AL,LA,David,Fletcher,REG,BAT,,,2,3,3(B2),4,,4
AL,LA,Brian,Goodwin,REG,BAT,,,,,,3,3,3
AL,LA,Michael,Hermosillo,COMP,BAT,,,,,,3,4,4
AL,LA,Tommy,La Stella,REG,BAT,,5,4,4(B3),,,,
AL,LA,Jonathan,Lucroy,MIX,BAT,4,4,,,,,,
AL,LA,Shohei,Ohtani,REG,BAT,,,,,,,,
AL,LA,Jarrett,Parker,COMP,BAT,,,,,,3,,
AL,LA,Cesar,Puello,COMP,BAT,,,,,,3,,
AL,LA,Albert,Pujols,REG,BAT,,4,,5,,,,
AL,LA,Luis,Rengifo,REG,BAT,,,3,,3,,,
AL,LA,Andrelton,Simmons,REG,BAT,,,,,1(B2),,,
AL,LA,Kevan,Smith,REG,BAT,4,,,,,,,
AL,LA,Max,Stassi,REG,BAT,2,4,,,,,,
AL,LA,Matt,Thaiss,REG,BAT,,4,,5,,,,
AL,LA,Wilfredo,Tovar,ADD,BAT,,,,,3(B2),,,
AL,LA,Mike,Trout,REG,BAT,,,,,,,2,
AL,LA,Justin,Upton,REG,BAT,,,,,,5,,
AL,LA,Jared,Walsh,ADD,BAT,,4,,,,,,
AL,LA,Taylor,Ward,COMP,BAT,,,,4,,4,,
AL,LA,Kean,Wong,COMP,BAT,,,4,,,,,4
AL,LA,Cody,Allen,COMP,PIT,,,,,,,,
AL,LA,Justin,Anderson,REG,PIT,,,,,,,,
AL,LA,Luke,Bard,ADD,PIT,,,,,,,,
AL,LA,Jaime,Barria,REG,PIT,,,,,,,,
AL,LA,Cam,Bedrosian,REG,PIT,,,,,,,,
AL,LA,Ty,Buttrey,REG,PIT,,,,,,,,
AL,LA,Trevor,Cahill,REG,PIT,,,,,,,,
AL,LA,Griffin,Canning,REG,PIT,,,,,,,,
AL,LA,Taylor,Cole,REG,PIT,,,,,,,,
AL,LA,John,Curtiss,COMP,PIT,,,,,,,,
AL,LA,Miguel,Del Pozo,COMP,PIT,,,,,,,,
AL,LA,Sam,Freeman,COMP,PIT,,,,,,,,
AL,LA,Luis,Garcia,REG,PIT,,,,,,,,
AL,LA,Matt,Harvey,ADD,PIT,,,,,,,,
AL,LA,Andrew,Heaney,REG,PIT,,,,,,,,
AL,LA,Jake,Jewell,ADD,PIT,,,,,,,,
AL,LA,Adalberto,Mejia,ADD,PIT,,,,,,,,
AL,LA,Keynan,Middleton,COMP,PIT,,,,,,,,
AL,LA,Felix,Pena,REG,PIT,,,,,,,,
AL,LA,Dillon,Peters,REG,PIT,,,,,,,,
AL,LA,JC,Ramirez,COMP,PIT,,,,,,,,
AL,LA,Noe,Ramirez,REG,PIT,,,,,,,,
AL,LA,Matt,Ramsey,COMP,PIT,,,,,,,,
AL,LA,Hansel,Robles,REG,PIT,,,,,,,,
AL,LA,Jose,Rodriguez,COMP,PIT,,,,,,,,
AL,LA,Patrick,Sandoval,ADD,PIT,,,,,,,,
AL,LA,Tyler,Skaggs,MIX,PIT,,,,,,,,
AL,LA,Chris,Stratton,ADD,PIT,,,,,,,,
AL,LA,Jose,Suarez,REG,PIT,,,,,,,,
AL,LA,Nick,Tropeano,COMP,PIT,,,,,,,,
AL,MT,Ehire,Adrianza,REG,BAT,,4,3,2,3,,,4
AL,MT,Luis,Arraez,REG,BAT,,,4,4,4,5,,
AL,MT,Willians,Astudillo,REG,BAT,4,4,4,4,,4,,4
AL,MT,Tyler,Austin,COMP,BAT,,4,,,,,,
AL,MT,Byron,Buxton,REG,BAT,,,,,,,1,
AL,MT,Jason,Castro,REG,BAT,2,,,,,,,
AL,MT,Jake,Cave,REG,BAT,,,,,,3,4,3
AL,MT,C.J.,Cron,REG,BAT,,2,,,,,,
AL,MT,Nelson,Cruz,REG,BAT,,,,,,,,
AL,MT,Mitch,Garver,REG,BAT,4,4,,,,,,
AL,MT,Marwin,Gonzalez,REG,BAT,,3,4,3(B2),4,3,,3
AL,MT,Max,Kepler,REG,BAT,,,,,,,2(B1),2(B1)
AL,MT,Ryan,LaMarre,COMP,BAT,,,,,,,3,3
AL,MT,Ian,Miller,COMP,BAT,,,,,,3,3,3
AL,MT,Jorge,Polanco,REG,BAT,,,,,2(B3),,,
AL,MT,Eddie,Rosario,REG,BAT,,,,,,4,4,4
AL,MT,Miguel,Sano,REG,BAT,,4,,4,,,,
AL,MT,Jonathan,Schoop,REG,BAT,,,2(B3),,,,,
AL,MT,Ronald,Torreyes,COMP,BAT,,,2,2,3,4,,
AL,MT,LaMonte,Wade,COMP,BAT,,4,,,,3,4,3
AL,MT,Jorge,Alcala,COMP,PIT,,,,,,,,
AL,MT,Jose,Berrios,REG,PIT,,,,,,,,
AL,MT,Chase,De Jong,COMP,PIT,,,,,,,,
AL,MT,Randy,Dobnak,ADD,PIT,,,,,,,,
AL,MT,Tyler,Duffey,REG,PIT,,,,,,,,
AL,MT,Sam,Dyson,COMP,PIT,,,,,,,,
AL,MT,Kyle,Gibson,REG,PIT,,,,,,,,
AL,MT,Brusdar,Graterol,COMP,PIT,,,,,,,,
AL,MT,Ryne,Harper,REG,PIT,,,,,,,,
AL,MT,Trevor,Hildenberger,COMP,PIT,,,,,,,,
AL,MT,Zack,Littell,REG,PIT,,,,,,,,
AL,MT,Trevor,May,REG,PIT,,,,,,,,
AL,MT,Mike,Morin,COMP,PIT,,,,,,,,
AL,MT,Jake,Odorizzi,REG,PIT,,,,,,,,
AL,MT,Blake,Parker,ADD,PIT,,,,,,,,
AL,MT,Martin,Perez,REG,PIT,,,,,,,,
AL,MT,Michael,Pineda,REG,PIT,,,,,,,,
AL,MT,Sean,Poppen,COMP,PIT,,,,,,,,
AL,MT,Taylor,Rogers,REG,PIT,,,,,,,,
AL,MT,Fernando,Romero,COMP,PIT,,,,,,,,
AL,MT,Sergio,Romo,REG,PIT,,,,,,,,
AL,MT,Devin,Smeltzer,REG,PIT,,,,,,,,
AL,MT,Cody,Stashak,ADD,PIT,,,,,,,,
AL,MT,Kohl,Stewart,COMP,PIT,,,,,,,,
AL,MT,Lewis,Thorpe,ADD,PIT,,,,,,,,
AL,NY,Miguel,Andujar,COMP,BAT,,,,4,,,,
AL,NY,Greg,Bird,COMP,BAT,,4,,,,,,
AL,NY,Edwin,Encarnacion,REG,BAT,,4(B3),5,,,,,
AL,NY,Thairo,Estrada,ADD,BAT,,,3,,4,5,,5
AL,NY,Mike,Ford,ADD,BAT,,4,,,,,,
AL,NY,Clint,Frazier,REG,BAT,,,,,,5,,5
AL,NY,Brett,Gardner,REG,BAT,,,,,,1,2,
AL,NY,Didi,Gregorius,REG,BAT,,,,,2,,,
AL,NY,Aaron,Hicks,REG,BAT,,,,,,,2,
AL,NY,Kyle,Higashioka,COMP,BAT,3,,,,,,,
AL,NY,Aaron,Judge,REG,BAT,,,,,,,,1
AL,NY,DJ,LeMahieu,REG,BAT,,2,1,2,,,,
AL,NY,Cameron,Maybin,REG,BAT,,,,,,3,3,3
AL,NY,Kendrys,Morales,ADD,BAT,,4,,,,,,
AL,NY,Austin,Romine,REG,BAT,2,,,,,,,
AL,NY,Gary,Sanchez,REG,BAT,3,,,,,,,
AL,NY,Giancarlo,Stanton,ADD,BAT,,,,,,4,,4
AL,NY,Mike,Tauchman,REG,BAT,,,,,,2,3(B2),2
AL,NY,Gleyber,Torres,REG,BAT,,,2(B3),,3,,,
AL,NY,Troy,Tulowitzki,COMP,BAT,,,,,4,,,
AL,NY,Giovanny,Urshela,REG,BAT,,4,,2,5,,,
AL,NY,Luke,Voit,REG,BAT,,4,,,,,,
AL,NY,Tyler,Wade,ADD,BAT,,,3,3,3,3,4,4
AL,NY,Chance,Adams,COMP,PIT,,,,,,,,
AL,NY,Jake,Barrett,COMP,PIT,,,,,,,,
AL,NY,Dellin,Betances,COMP,PIT,,,,,,,,
AL,NY,Zack,Britton,REG,PIT,,,,,,,,
AL,NY,Luis,Cessa,REG,PIT,,,,,,,,
AL,NY,Aroldis,Chapman,REG,PIT,,,,,,,,
AL,NY,Nestor,Cortes,REG,PIT,,,,,,,,
AL,NY,Cory,Gearrin,MIX,PIT,,,,,,,,
AL,NY,Domingo,German,REG,PIT,,,,,,,,
AL,NY,Chad,Green,REG,PIT,,,,,,,,
AL,NY,David,Hale,ADD,PIT,,,,,,,,
AL,NY,J.A.,Happ,REG,PIT,,,,,,,,
AL,NY,Joe,Harvey,COMP,PIT,,,,,,,,
AL,NY,Ben,Heller,COMP,PIT,,,,,,,,
AL,NY,Jonathan,Holder,REG,PIT,,,,,,,,
AL,NY,Tommy,Kahnle,REG,PIT,,,,,,,,
AL,NY,Michael,King,COMP,PIT,,,,,,,,
AL,NY,Brady,Lail,COMP,PIT,,,,,,,,
AL,NY,Jonathan,Loaisiga,ADD,PIT,,,,,,,,
AL,NY,Tyler,Lyons,COMP,PIT,,,,,,,,
AL,NY,Joe,Mantiply,COMP,PIT,,,,,,,,
AL,NY,Jordan,Montgomery,COMP,PIT,,,,,,,,
AL,NY,Adam,Ottavino,REG,PIT,,,,,,,,
AL,NY,James,Paxton,REG,PIT,,,,,,,,
AL,NY,Adonis,Rosa,COMP,PIT,,,,,,,,
AL,NY,CC,Sabathia,REG,PIT,,,,,,,,
AL,NY,Luis,Severino,ADD,PIT,,,,,,,,
AL,NY,Masahiro,Tanaka,REG,PIT,,,,,,,,
AL,NY,Stephen,Tarpley,COMP,PIT,,,,,,,,
AL,OA,Franklin,Barreto,COMP,BAT,,,4(B5),,4,,,
AL,OA,Skye,Bolt,COMP,BAT,,,,,,,3,3
AL,OA,Seth,Brown,REG,BAT,,4,,,,4,,
AL,OA,Mark,Canha,REG,BAT,,4,,,,3,3,3
AL,OA,Matt,Chapman,REG,BAT,,,,1,,,,
AL,OA,Khris,Davis,REG,BAT,,,,,,4,,
AL,OA,Dustin,Garneau,ADD,BAT,3,4,,,,,,
AL,OA,Robbie,Grossman,REG,BAT,,,,,,3(B2),4,3(B2)
AL,OA,Chris,Herrmann,REG,BAT,4,,,,,4,,
AL,OA,Nick,Hundley,ADD,BAT,4,,,,,,,
AL,OA,Corban,Joseph,COMP,BAT,,,4,4,,,,
AL,OA,Ramon,Laureano,REG,BAT,,,,,,,3(B2),3(B2)
AL,OA,Nick,Martini,COMP,BAT,,,,,,3,,
AL,OA,Sean,Murphy,ADD,BAT,3,,,,,,,
AL,OA,Sheldon,Neuse,ADD,BAT,,,3,3,,,,
AL,OA,Matt,Olson,REG,BAT,,1(B2),,,,,,
AL,OA,Josh,Phegley,REG,BAT,4,,,,,,,
AL,OA,Chad,Pinder,REG,BAT,,4,3,3,4,2,4(B3),3
AL,OA,Stephen,Piscotty,REG,BAT,,,,,,,,3(B2)
AL,OA,Jurickson,Profar,REG,BAT,,4,4,,,4,,
AL,OA,Marcus,Semien,REG,BAT,,,,,2,,,
AL,OA,Beau,Taylor,COMP,BAT,4,,,,,,,
AL,OA,Brett,Anderson,REG,PIT,,,,,,,,
AL,OA,Tanner,Anderson,COMP,PIT,,,,,,,,
AL,OA,Homer,Bailey,REG,PIT,,,,,,,,
AL,OA,Chris,Bassitt,REG,PIT,,,,,,,,
AL,OA,Paul,Blackburn,COMP,PIT,,,,,,,,
AL,OA,Ryan,Buchter,REG,PIT,,,,,,,,
AL,OA,Jake,Diekman,REG,PIT,,,,,,,,
AL,OA,Marco,Estrada,COMP,PIT,,,,,,,,
AL,OA,Mike,Fiers,REG,PIT,,,,,,,,
AL,OA,Liam,Hendriks,REG,PIT,,,,,,,,
AL,OA,Jesus,Luzardo,ADD,PIT,,,,,,,,
AL,OA,Sean,Manaea,ADD,PIT,,,,,,,,
AL,OA,Daniel,Mengden,REG,PIT,,,,,,,,
AL,OA,Frankie,Montas,REG,PIT,,,,,,,,
AL,OA,Yusmeiro,Petit,REG,PIT,,,,,,,,
AL,OA,A.J.,Puk,COMP,PIT,,,,,,,,
AL,OA,Tanner,Roark,REG,PIT,,,,,,,,
AL,OA,Fernando,Rodney,COMP,PIT,,,,,,,,
AL,OA,Brian,Schlitter,COMP,PIT,,,,,,,,
AL,OA,Joakim,Soria,REG,PIT,,,,,,,,
AL,OA,Blake,Treinen,REG,PIT,,,,,,,,
AL,OA,Lou,Trivino,REG,PIT,,,,,,,,
AL,OA,Wei-Chung,Wang,ADD,PIT,,,,,,,,
AL,OA,J.B.,Wendelken,ADD,PIT,,,,,,,,
AL,SM,Tim,Beckham,REG,BAT,,4,4,4,4,5,,
AL,SM,Braden,Bishop,COMP,BAT,,,,,,3,3,
AL,SM,Keon,Broxton,ADD,BAT,,,,,,2,2,2
AL,SM,Jay,Bruce,ADD,BAT,,5,,,,4,,4
AL,SM,Ryan,Court,COMP,BAT,,3,,,,4,,4
AL,SM,J.P.,Crawford,REG,BAT,,,,,2,,,
AL,SM,Jake,Fraley,COMP,BAT,,,,,,,3,3
AL,SM,David,Freitas,COMP,BAT,4,,,,,,,
AL,SM,Dee,Gordon,REG,BAT,,,2,,4,,,
AL,SM,Mitch,Haniger,REG,BAT,,,,,,,4(B3),3(B2)
AL,SM,Ryon,Healy,ADD,BAT,,4,,5,,,,
AL,SM,Kyle,Lewis,ADD,BAT,,,,,,,4,3
AL,SM,Shed,Long,REG,BAT,,,4,4,,4,,
AL,SM,Tim,Lopes,REG,BAT,,,4,,,4,,5
AL,SM,Dylan,Moore,REG,BAT,,4,3,4,4,4,4,4
AL,SM,Tom,Murphy,REG,BAT,3,,,,,5,,
AL,SM,Omar,Narvaez,REG,BAT,4,,5,,,,,
AL,SM,Kristopher,Negron,COMP,BAT,,,,4,,4,4,4
AL,SM,Austin,Nola,REG,BAT,4,3(B2),4,4,,,,5
AL,SM,Domingo,Santana,REG,BAT,,,,,,5,,5
AL,SM,Kyle,Seager,REG,BAT,,,,2,,,,
AL,SM,Mallex,Smith,REG,BAT,,,,,,4,4,4
AL,SM,Ichiro,Suzuki,COMP,BAT,,,,,,,,4
AL,SM,Dan,Vogelbach,REG,BAT,,5(B4),,,,,,
AL,SM,Donnie,Walton,COMP,BAT,,,4,,4,,,
AL,SM,Mac,Williamson,ADD,BAT,,,,,,4,,
AL,SM,Austin L,Adams,REG,PIT,,,,,,,,
AL,SM,R.J.,Alaniz,COMP,PIT,,,,,,,,
AL,SM,Dan,Altavilla,COMP,PIT,,,,,,,,
AL,SM,Anthony,Bass,REG,PIT,,,,,,,,
AL,SM,Gerson,Bautista,COMP,PIT,,,,,,,,
AL,SM,Chasen,Bradford,COMP,PIT,,,,,,,,
AL,SM,Brandon,Brennan,REG,PIT,,,,,,,,
AL,SM,Matt,Carasiti,COMP,PIT,,,,,,,,
AL,SM,Justin,Dunn,COMP,PIT,,,,,,,,
AL,SM,Roenis,Elias,MIX,PIT,,,,,,,,
AL,SM,Matt,Festa,COMP,PIT,,,,,,,,
AL,SM,Ryan,Garton,COMP,PIT,,,,,,,,
AL,SM,Marco,Gonzales,REG,PIT,,,,,,,,
AL,SM,Zac,Grotz,COMP,PIT,,,,,,,,
AL,SM,Taylor,Guilbeau,COMP,PIT,,,,,,,,
AL,SM,Felix,Hernandez,REG,PIT,,,,,,,,
AL,SM,Yusei,Kikuchi,REG,PIT,,,,,,,,
AL,SM,Mike,Leake,MIX,PIT,,,,,,,,
AL,SM,Wade,LeBlanc,REG,PIT,,,,,,,,
AL,SM,Matt,Magill,REG,PIT,,,,,,,,
AL,SM,Parker,Markel,COMP,PIT,,,,,,,,
AL,SM,Reggie,McClain,COMP,PIT,,,,,,,,
AL,SM,Tommy,Milone,REG,PIT,,,,,,,,
AL,SM,Andrew,Moore,COMP,PIT,,,,,,,,
AL,SM,Nick,Rumbelow,COMP,PIT,,,,,,,,
AL,SM,Connor,Sadzeck,COMP,PIT,,,,,,,,
AL,SM,Justus,Sheffield,REG,PIT,,,,,,,,
AL,SM,Hunter,Strickland,COMP,PIT,,,,,,,,
AL,SM,Erik,Swanson,REG,PIT,,,,,,,,
AL,SM,Anthony,Swarzak,COMP,PIT,,,,,,,,
AL,SM,Sam,Tuivailala,REG,PIT,,,,,,,,
AL,SM,Art,Warren,COMP,PIT,,,,,,,,
AL,SM,Matt,Wisler,REG,PIT,,,,,,,,
AL,SM,Mike,Wright Jr.,ADD,PIT,,,,,,,,
AL,TB,Willy,Adames,REG,BAT,,,,,2,,,
AL,TB,Jesus,Aguilar,ADD,BAT,,4,,,,,,
AL,TB,Christian,Arroyo,COMP,BAT,,,4,3,,,,
AL,TB,Michael,Brosseau,ADD,BAT,,4,4,3,,4,,4
AL,TB,Ji-Man,Choi,REG,BAT,,3,,,,,,
AL,TB,Nick,Ciuffo,COMP,BAT,3,,,,,,,
AL,TB,Travis,d'Arnaud,REG,BAT,4,3,,,,,,
AL,TB,Johnny,Davis,COMP,BAT,,,,,,,4,
AL,TB,Yandy,Diaz,REG,BAT,,4,,4,,,,
AL,TB,Matt,Duffy,ADD,BAT,,,,3,4,,,
AL,TB,Avisail,Garcia,REG,BAT,,,,,,,4,3
AL,TB,Guillermo,Heredia,REG,BAT,,,,,,2,2,2
AL,TB,Kevin,Kiermaier,REG,BAT,,,,,,,1,
AL,TB,Erik,Kratz,COMP,BAT,3,,,,,,,
AL,TB,Brandon,Lowe,REG,BAT,,4,3,,,4,,4
AL,TB,Nathaniel,Lowe,ADD,BAT,,4,,5,,,,
AL,TB,Austin,Meadows,REG,BAT,,,,,,3,4,3
AL,TB,Michael,Perez,COMP,BAT,3,4,,,,,,
AL,TB,Tommy,Pham,REG,BAT,,,,,,3(B2),,
AL,TB,Daniel,Robertson,REG,BAT,,,2,2,2,,,
AL,TB,Eric,Sogard,MIX,BAT,,,3,4,4,5,,5
AL,TB,Joey,Wendle,REG,BAT,,,2,2(B3),4,,,5
AL,TB,Mike,Zunino,REG,BAT,1,,,,,,,
AL,TB,Jose,Alvarado,REG,PIT,,,,,,,,
AL,TB,Nick,Anderson,REG,PIT,,,,,,,,
AL,TB,Anthony,Banda,COMP,PIT,,,,,,,,
AL,TB,Jalen,Beeks,REG,PIT,,,,,,,,
AL,TB,Diego,Castillo,REG,PIT,,,,,,,,
AL,TB,Yonny,Chirinos,REG,PIT,,,,,,,,
AL,TB,Jose,De Leon,COMP,PIT,,,,,,,,
AL,TB,Oliver,Drake,REG,PIT,,,,,,,,
AL,TB,Peter,Fairbanks,COMP,PIT,,,,,,,,
AL,TB,Jake,Faria,COMP,PIT,,,,,,,,
AL,TB,Tyler,Glasnow,REG,PIT,,,,,,,,
AL,TB,Andrew,Kittredge,REG,PIT,,,,,,,,
AL,TB,Adam,Kolarek,ADD,PIT,,,,,,,,
AL,TB,Brendan,McKay,ADD,PIT,,,,,,,,
AL,TB,Hoby,Milner,COMP,PIT,,,,,,,,
AL,TB,Charlie,Morton,REG,PIT,,,,,,,,
AL,TB,Emilio,Pagan,REG,PIT,,,,,,,,
AL,TB,Ricardo,Pinto,COMP,PIT,,,,,,,,
AL,TB,Colin,Poche,REG,PIT,,,,,,,,
AL,TB,Austin,Pruitt,ADD,PIT,,,,,,,,
AL,TB,Trevor,Richards,COMP,PIT,,,,,,,,
AL,TB,Chaz,Roe,REG,PIT,,,,,,,,
AL,TB,Casey,Sadler,COMP,PIT,,,,,,,,
AL,TB,Aaron,Slegers,COMP,PIT,,,,,,,,
AL,TB,Blake,Snell,REG,PIT,,,,,,,,
AL,TB,Ryne,Stanek,MIX,PIT,,,,,,,,
AL,TB,Cole,Sulser,COMP,PIT,,,,,,,,
AL,TB,Ryan,Yarbrough,REG,PIT,,,,,,,,
AL,TE,Elvis,Andrus,REG,BAT,,,,,2,,,
AL,TE,Asdrubal,Cabrera,MIX,BAT,,,,4(B3),,,,
AL,TE,Willie,Calhoun,REG,BAT,,,,,,5(B4),,
AL,TE,Shin-Soo,Choo,REG,BAT,,,,,,4,,4
AL,TE,Delino,DeShields,REG,BAT,,,,,,,2,
AL,TE,Tim,Federowicz,ADD,BAT,4,,,,,,,
AL,TE,Logan,Forsythe,REG,BAT,,4,3,4,4,,,
AL,TE,Joey,Gallo,REG,BAT,,,,,,3,3,
AL,TE,Ronald,Guzman,REG,BAT,,2,,,,,,
AL,TE,Scott,Heineman,ADD,BAT,,4,,,,3,4,3
AL,TE,Isiah,Kiner-Falefa,REG,BAT,4,,,3,,,,
AL,TE,Jeff,Mathis,REG,BAT,2,,,,,,,
AL,TE,Nomar,Mazara,REG,BAT,,,,,,,,4(B3)
AL,TE,Rougned,Odor,REG,BAT,,,3,,,,,
AL,TE,Hunter,Pence,REG,BAT,,,,,,4,,4
AL,TE,Danny,Santana,REG,BAT,,4,3(B4),4,4,4,3,4
AL,TE,Nick,Solak,ADD,BAT,,,4,4(B5),,,,
AL,TE,Jose,Trevino,REG,BAT,3,,,,,,,
AL,TE,Patrick,Wisdom,COMP,BAT,,4,,3,,,,
AL,TE,Kolby,Allard,REG,PIT,,,,,,,,
AL,TE,Jesse,Biddle,COMP,PIT,,,,,,,,
AL,TE,Kyle,Bird,COMP,PIT,,,,,,,,
AL,TE,Brock,Burke,ADD,PIT,,,,,,,,
AL,TE,David,Carpenter,COMP,PIT,,,,,,,,
AL,TE,Jesse,Chavez,REG,PIT,,,,,,,,
AL,TE,Emmanuel,Clase,COMP,PIT,,,,,,,,
AL,TE,Kyle,Dowdy,COMP,PIT,,,,,,,,
AL,TE,Luke,Farrell,COMP,PIT,,,,,,,,
AL,TE,Ian,Gibaut,COMP,PIT,,,,,,,,
AL,TE,Jeanmar,Gomez,COMP,PIT,,,,,,,,
AL,TE,Taylor,Guerrieri,REG,PIT,,,,,,,,
AL,TE,Taylor,Hearn,COMP,PIT,,,,,,,,
AL,TE,Jonathan,Hernandez,COMP,PIT,,,,,,,,
AL,TE,Wei-Chieh,Huang,COMP,PIT,,,,,,,,
AL,TE,Ariel,Jurado,REG,PIT,,,,,,,,
AL,TE,Shawn,Kelley,REG,PIT,,,,,,,,
AL,TE,Jose,Leclerc,REG,PIT,,,,,,,,
AL,TE,Lance,Lynn,REG,PIT,,,,,,,,
AL,TE,Brett,Martin,REG,PIT,,,,,,,,
AL,TE,Chris,Martin,ADD,PIT,,,,,,,,
AL,TE,Yohander,Mendez,COMP,PIT,,,,,,,,
AL,TE,Shelby,Miller,REG,PIT,,,,,,,,
AL,TE,Mike,Minor,REG,PIT,,,,,,,,
AL,TE,Rafael,Montero,REG,PIT,,,,,,,,
AL,TE,Joseph,Palumbo,COMP,PIT,,,,,,,,
AL,TE,Pedro,Payano,COMP,PIT,,,,,,,,
AL,TE,Adrian,Sampson,REG,PIT,,,,,,,,
AL,TE,Drew,Smyly,ADD,PIT,,,,,,,,
AL,TE,Jeffrey,Springs,REG,PIT,,,,,,,,
AL,TE,Locke,St. John,COMP,PIT,,,,,,,,
AL,TE,Phillips,Valdez,COMP,PIT,,,,,,,,
AL,TE,Edinson,Volquez,COMP,PIT,,,,,,,,
AL,TO,Anthony,Alford,COMP,BAT,,,,,,2,3,3
AL,TO,Bo,Bichette,REG,BAT,,,,,3,,,
AL,TO,Cavan,Biggio,REG,BAT,,4,4,,,4,,4
AL,TO,Socrates,Brito,COMP,BAT,,,,,,,3,2
AL,TO,Jonathan,Davis,ADD,BAT,,,,,,3,3,3
AL,TO,Brandon,Drury,REG,BAT,,4,3,3,4,5,,5
AL,TO,Derek,Fisher,REG,BAT,,,,,,4,4,4
AL,TO,Freddy,Galvis,MIX,BAT,,,2,,2,,,
AL,TO,Randal,Grichuk,REG,BAT,,,,,,,4(B3),3(B2)
AL,TO,Vladimir,Guerrero Jr.,REG,BAT,,,,4,,,,
AL,TO,Lourdes,Gurriel Jr.,REG,BAT,,4,4,,,4(B3),,
AL,TO,Alen,Hanson,COMP,BAT,,5,4,,,,,4
AL,TO,Teoscar,Hernandez,REG,BAT,,,,,,4(B3),4(B3),
AL,TO,Danny,Jansen,REG,BAT,2,,,,,,,
AL,TO,Luke,Maile,REG,BAT,2,,,,,,,
AL,TO,Reese,McGuire,ADD,BAT,3,,,,,,,
AL,TO,Billy,McKinney,REG,BAT,,4,,,,3,,3
AL,TO,Kevin,Pillar,COMP,BAT,,,,,,,1,
AL,TO,Justin,Smoak,REG,BAT,,2,,,,,,
AL,TO,Rowdy,Tellez,REG,BAT,,4,,,,,,
AL,TO,Richard,Urena,ADD,BAT,,,3,4,3,5,,
AL,TO,Breyvic,Valera,COMP,BAT,,,3,4,4,,,
AL,TO,Jason,Adam,COMP,PIT,,,,,,,,
AL,TO,Ryan,Borucki,COMP,PIT,,,,,,,,
AL,TO,Buddy,Boshers,REG,PIT,,,,,,,,
AL,TO,Clay,Buchholz,REG,PIT,,,,,,,,
AL,TO,Yennsy,Diaz,COMP,PIT,,,,,,,,
AL,TO,Ryan,Dull,COMP,PIT,,,,,,,,
AL,TO,Ryan,Feierabend,COMP,PIT,,,,,,,,
AL,TO,Wilmer,Font,REG,PIT,,,,,,,,
AL,TO,Sam,Gaviglio,REG,PIT,,,,,,,,
AL,TO,Ken,Giles,REG,PIT,,,,,,,,
AL,TO,Zack,Godley,COMP,PIT,,,,,,,,
AL,TO,Javy,Guerra,COMP,PIT,,,,,,,,
AL,TO,Daniel,Hudson,ADD,PIT,,,,,,,,
AL,TO,Anthony,Kay,COMP,PIT,,,,,,,,
AL,TO,Nick,Kingham,COMP,PIT,,,,,,,,
AL,TO,Derek,Law,REG,PIT,,,,,,,,
AL,TO,Elvis,Luciano,REG,PIT,,,,,,,,
AL,TO,Tim,Mayza,REG,PIT,,,,,,,,
AL,TO,Thomas,Pannone,REG,PIT,,,,,,,,
AL,TO,David,Phelps,COMP,PIT,,,,,,,,
AL,TO,Neil,Ramirez,COMP,PIT,,,,,,,,
AL,TO,Sean,Reid-Foley,REG,PIT,,,,,,,,
AL,TO,Clayton,Richard,REG,PIT,,,,,,,,
AL,TO,Jordan,Romano,COMP,PIT,,,,,,,,
AL,TO,Zac,Rosscup,COMP,PIT,,,,,,,,
AL,TO,Justin,Shafer,REG,PIT,,,,,,,,
AL,TO,Matt,Shoemaker,ADD,PIT,,,,,,,,
AL,TO,Brock,Stewart,COMP,PIT,,,,,,,,
AL,TO,Marcus,Stroman,MIX,PIT,,,,,,,,
AL,TO,Ryan,Tepera,COMP,PIT,,,,,,,,
AL,TO,Trent,Thornton,REG,PIT,,,,,,,,
AL,TO,Jacob,Waguespack,REG,PIT,,,,,,,,
AL,TO,T.J.,Zeuch,COMP,PIT,,,,,,,,
NL,AR,Nick,Ahmed,REG,BAT,,,,,1,,,
NL,AR,Abraham,Almonte,COMP,BAT,,,,,,,4,4
NL,AR,Alex,Avila,REG,BAT,3,,,,,,,
NL,AR,Kevin,Cron,ADD,BAT,,4,,5,,,,
NL,AR,Jarrod,Dyson,REG,BAT,,,,,,1,1,1
NL,AR,Eduardo,Escobar,REG,BAT,,,3(B2),1,,,,
NL,AR,Wilmer,Flores,REG,BAT,,4,4,,,,,
NL,AR,Adam,Jones,REG,BAT,,,,,,,4,4
NL,AR,Caleb,Joseph,COMP,BAT,4,,,,,,,
NL,AR,Carson,Kelly,REG,BAT,2,,,5,,,,
NL,AR,Jake,Lamb,REG,BAT,,4,,4,,,,
NL,AR,Domingo,Leyba,COMP,BAT,,,4,4,4,,,
NL,AR,Tim,Locastro,REG,BAT,,,,,,2,3,2
NL,AR,Ketel,Marte,REG,BAT,,,2,,4,,3(B2),
NL,AR,David,Peralta,REG,BAT,,,,,,2,,
NL,AR,Josh,Rojas,REG,BAT,,,4,,,3,,4
NL,AR,Blake,Swihart,ADD,BAT,,4,,,,4,,4
NL,AR,Yasmany,Tomas,COMP,BAT,,,,,,,,
NL,AR,Ildemaro,Vargas,REG,BAT,,,2,4,4,4,,
NL,AR,Christian,Walker,REG,BAT,,3,,,,,,
NL,AR,Matt,Andriese,REG,PIT,,,,,,,,
NL,AR,Archie,Bradley,REG,PIT,,,,,,,,
NL,AR,Andrew,Chafin,REG,PIT,,,,,,,,
NL,AR,Taylor,Clarke,REG,PIT,,,,,,,,
NL,AR,Stefan,Crichton,ADD,PIT,,,,,,,,
NL,AR,Jon,Duplantier,ADD,PIT,,,,,,,,
NL,AR,Zac,Gallen,REG,PIT,,,,,,,,
NL,AR,Kevin,Ginkel,COMP,PIT,,,,,,,,
NL,AR,Zack,Godley,ADD,PIT,,,,,,,,
NL,AR,Zack,Greinke,MIX,PIT,,,,,,,,
NL,AR,Yoshihisa,Hirano,REG,PIT,,,,,,,,
NL,AR,Greg,Holland,REG,PIT,,,,,,,,
NL,AR,Merrill,Kelly,REG,PIT,,,,,,,,
NL,AR,Matt,Koch,COMP,PIT,,,,,,,,
NL,AR,Mike,Leake,REG,PIT,,,,,,,,
NL,AR,Yoan,Lopez,REG,PIT,,,,,,,,
NL,AR,T.J.,McFarland,REG,PIT,,,,,,,,
NL,AR,Joel,Payamps,COMP,PIT,,,,,,,,
NL,AR,Robbie,Ray,REG,PIT,,,,,,,,
NL,AR,Robby,Scott,COMP,PIT,,,,,,,,
NL,AR,Jimmie,Sherfy,COMP,PIT,,,,,,,,
NL,AR,Taijuan,Walker,COMP,PIT,,,,,,,,
NL,AR,Luke,Weaver,ADD,PIT,,,,,,,,
NL,AR,Alex,Young,REG,PIT,,,,,,,,
NL,AT,Ronald,Acuna Jr.,REG,BAT,,,,,,2,3,3
NL,AT,Ozzie,Albies,REG,BAT,,,1,,,,,
NL,AT,Johan,Camargo,REG,BAT,,5,3,4(B5),4(B3),4,,4
NL,AT,Francisco,Cervelli,ADD,BAT,3,5,,,,,,
NL,AT,Charlie,Culberson,REG,BAT,,4,,3,4,3,,4
NL,AT,Josh,Donaldson,REG,BAT,,,,1,,,,
NL,AT,Adam,Duvall,ADD,BAT,,,,,,2,,3
NL,AT,Tyler,Flowers,REG,BAT,3,,,,,,,
NL,AT,Freddie,Freeman,REG,BAT,,1,,,,,,
NL,AT,Billy,Hamilton,COMP,BAT,,,,,,,1,
NL,AT,Adeiny,Hechavarria,REG,BAT,,,3,3,2(B3),,,
NL,AT,Ender,Inciarte,REG,BAT,,,,,,,1,
NL,AT,Alex,Jackson,COMP,BAT,4,,,,,,,
NL,AT,Matt,Joyce,REG,BAT,,,,,,4,,4
NL,AT,Nick,Markakis,REG,BAT,,,,,,3(B2),,3(B2)
NL,AT,Brian,McCann,REG,BAT,3,,,,,,,
NL,AT,John Ryan,Murphy,ADD,BAT,2,,,,,,,
NL,AT,Rafael,Ortega,ADD,BAT,,,,,,3,4,3
NL,AT,Austin,Riley,REG,BAT,,4,,4,,4,,4
NL,AT,Dansby,Swanson,REG,BAT,,,,,3,,,
NL,AT,Jesse,Biddle,COMP,PIT,,,,,,,,
NL,AT,Jerry,Blevins,REG,PIT,,,,,,,,
NL,AT,Shane,Carle,COMP,PIT,,,,,,,,
NL,AT,Grant,Dayton,COMP,PIT,,,,,,,,
NL,AT,Mike,Foltynewicz,REG,PIT,,,,,,,,
NL,AT,Max,Fried,REG,PIT,,,,,,,,
NL,AT,Shane,Greene,REG,PIT,,,,,,,,
NL,AT,Luke,Jackson,REG,PIT,,,,,,,,
NL,AT,Dallas,Keuchel,REG,PIT,,,,,,,,
NL,AT,Chris,Martin,COMP,PIT,,,,,,,,
NL,AT,Mark,Melancon,REG,PIT,,,,,,,,
NL,AT,A.J.,Minter,ADD,PIT,,,,,,,,
NL,AT,Sean,Newcomb,REG,PIT,,,,,,,,
NL,AT,Darren,O'Day,COMP,PIT,,,,,,,,
NL,AT,Chad,Sobotka,ADD,PIT,,,,,,,,
NL,AT,Mike,Soroka,REG,PIT,,,,,,,,
NL,AT,Anthony,Swarzak,REG,PIT,,,,,,,,
NL,AT,Julio,Teheran,REG,PIT,,,,,,,,
NL,AT,Josh,Tomlin,REG,PIT,,,,,,,,
NL,AT,Touki,Toussaint,ADD,PIT,,,,,,,,
NL,AT,Arodys,Vizcaino,COMP,PIT,,,,,,,,
NL,AT,Jeremy,Walker,COMP,PIT,,,,,,,,
NL,AT,Jacob,Webb,REG,PIT,,,,,,,,
NL,AT,Bryse,Wilson,COMP,PIT,,,,,,,,
NL,AT,Dan,Winkler,COMP,PIT,,,,,,,,
NL,AT,Kyle,Wright,COMP,PIT,,,,,,,,
NL,AT,Huascar,Ynoa,COMP,PIT,,,,,,,,
NL,CC,Jim,Adduci,COMP,BAT,,,,,,,,4
NL,CC,Albert,Almora Jr.,REG,BAT,,,,,,,1(B2),
NL,CC,Javier,Baez,REG,BAT,,,,3,1(B2),,,
NL,CC,David,Bote,REG,BAT,,,3,3(B4),4,,,5
NL,CC,Kris,Bryant,REG,BAT,,4,,3,,4,,4
NL,CC,Victor,Caratini,REG,BAT,4,4,,5,,,,
NL,CC,Nick,Castellanos,REG,BAT,,,,,,5(B4),,5(B4)
NL,CC,Willson,Contreras,REG,BAT,3,4,,,,,,4
NL,CC,Taylor,Davis,COMP,BAT,4,4,,,,,,
NL,CC,Daniel,Descalso,REG,BAT,,4,4,4,,,,
NL,CC,Robel,Garcia,ADD,BAT,,,4(B5),,,4,,4
NL,CC,Carlos,Gonzalez,COMP,BAT,,,,,,3,,3
NL,CC,Ian,Happ,REG,BAT,,4,4,4,,4,4,4
NL,CC,Jason,Heyward,REG,BAT,,,,,,,3,1
NL,CC,Nico,Hoerner,ADD,BAT,,,3,,4,,4,
NL,CC,Tony,Kemp,ADD,BAT,,,4,,,3,,4
NL,CC,Jonathan,Lucroy,COMP,BAT,4,,,,,,,
NL,CC,Martin,Maldonado,COMP,BAT,2,,,,,,,
NL,CC,Anthony,Rizzo,REG,BAT,,1,,,,,,
NL,CC,Addison,Russell,REG,BAT,,,2,,2(B3),,,
NL,CC,Kyle,Schwarber,REG,BAT,5,,,,,4,,
NL,CC,Mark,Zagunis,COMP,BAT,,,,,,4,,4
NL,CC,Ben,Zobrist,REG,BAT,,,3(B4),,4,3,,3
NL,CC,Adbert,Alzolay,COMP,PIT,,,,,,,,
NL,CC,Tony,Barnette,COMP,PIT,,,,,,,,
NL,CC,Xavier,Cedeno,COMP,PIT,,,,,,,,
NL,CC,Tyler,Chatwood,REG,PIT,,,,,,,,
NL,CC,Steve,Cishek,REG,PIT,,,,,,,,
NL,CC,Tim,Collins,COMP,PIT,,,,,,,,
NL,CC,Yu,Darvish,REG,PIT,,,,,,,,
NL,CC,Cole,Hamels,REG,PIT,,,,,,,,
NL,CC,Kyle,Hendricks,REG,PIT,,,,,,,,
NL,CC,Derek,Holland,REG,PIT,,,,,,,,
NL,CC,Danny,Hultzen,COMP,PIT,,,,,,,,
NL,CC,Craig,Kimbrel,REG,PIT,,,,,,,,
NL,CC,Brandon,Kintzler,REG,PIT,,,,,,,,
NL,CC,Jon,Lester,REG,PIT,,,,,,,,
NL,CC,Dillon,Maples,COMP,PIT,,,,,,,,
NL,CC,Alec,Mills,ADD,PIT,,,,,,,,
NL,CC,Mike,Montgomery,ADD,PIT,,,,,,,,
NL,CC,James,Norwood,COMP,PIT,,,,,,,,
NL,CC,David,Phelps,COMP,PIT,,,,,,,,
NL,CC,Jose,Quintana,REG,PIT,,,,,,,,
NL,CC,Randy,Rosario,COMP,PIT,,,,,,,,
NL,CC,Kyle,Ryan,REG,PIT,,,,,,,,
NL,CC,Pedro,Strop,REG,PIT,,,,,,,,
NL,CC,Duane,Underwood Jr.,COMP,PIT,,,,,,,,
NL,CC,Allen,Webster,COMP,PIT,,,,,,,,
NL,CC,Rowan,Wick,REG,PIT,,,,,,,,
NL,CC,Brad,Wieck,ADD,PIT,,,,,,,,
NL,CN,Aristides,Aquino,REG,BAT,,,,,,,,3
NL,CN,Tucker,Barnhart,REG,BAT,2,4,,,,,,
NL,CN,Alex,Blandino,COMP,BAT,,4,3,3,,,,
NL,CN,Curt,Casali,REG,BAT,3,4,,,,,,
NL,CN,Christian,Colon,COMP,BAT,,,3,,,,,
NL,CN,Derek,Dietrich,REG,BAT,,4,4(B3),4,,4,,
NL,CN,Phillip,Ervin,REG,BAT,,,,,,3,4,3
NL,CN,Kyle,Farmer,REG,BAT,4,3,3,4,4,,,
NL,CN,Freddy,Galvis,REG,BAT,,,2,,2,,,
NL,CN,Juan,Graterol,COMP,BAT,3,,,,,,,
NL,CN,Jose,Iglesias,REG,BAT,,,,,1,,,
NL,CN,Matt,Kemp,ADD,BAT,,,,,,5,,
NL,CN,Ryan,Lavarnway,COMP,BAT,4,,,,,,,
NL,CN,Michael,Lorenzen,ADD,BAT,,,,,,2,2,2
NL,CN,Brian,O'Grady,COMP,BAT,,3,,,,3,3,
NL,CN,Jose,Peraza,REG,BAT,,,2(B3),4,3,4,4,
NL,CN,Yasiel,Puig,MIX,BAT,,,,,,,,3
NL,CN,Scott,Schebler,ADD,BAT,,,,,,3,4,
NL,CN,Nick,Senzel,REG,BAT,,,4,,,,4,
NL,CN,Eugenio,Suarez,REG,BAT,,,,3,,,,
NL,CN,Josh,VanMeter,REG,BAT,,4,4,4,,4,,4
NL,CN,Joey,Votto,REG,BAT,,2,,,,,,
NL,CN,Jesse,Winker,REG,BAT,,,,,,4,4,4
NL,CN,R.J.,Alaniz,COMP,PIT,,,,,,,,
NL,CN,Trevor,Bauer,REG,PIT,,,,,,,,
NL,CN,Matt,Bowman,REG,PIT,,,,,,,,
NL,CN,Luis,Castillo,REG,PIT,,,,,,,,
NL,CN,Anthony,DeSclafani,REG,PIT,,,,,,,,
NL,CN,Zach,Duke,COMP,PIT,,,,,,,,
NL,CN,Amir,Garrett,REG,PIT,,,,,,,,
NL,CN,Kevin,Gausman,REG,PIT,,,,,,,,
NL,CN,Sonny,Gray,REG,PIT,,,,,,,,
NL,CN,Jimmy,Herget,COMP,PIT,,,,,,,,
NL,CN,David,Hernandez,REG,PIT,,,,,,,,
NL,CN,Raisel,Iglesias,REG,PIT,,,,,,,,
NL,CN,Joel,Kuhnel,COMP,PIT,,,,,,,,
NL,CN,Michael,Lorenzen,REG,PIT,,,,,,,,
NL,CN,Tyler,Mahle,REG,PIT,,,,,,,,
NL,CN,Keury,Mella,COMP,PIT,,,,,,,,
NL,CN,Cody,Reed,COMP,PIT,,,,,,,,
NL,CN,Tanner,Roark,MIX,PIT,,,,,,,,
NL,CN,Sal,Romano,COMP,PIT,,,,,,,,
NL,CN,Lucas,Sims,REG,PIT,,,,,,,,
NL,CN,Robert,Stephenson,REG,PIT,,,,,,,,
NL,CN,Alex,Wood,ADD,PIT,,,,,,,,
NL,CO,Yonder,Alonso,ADD,BAT,,3,,,,,,
NL,CO,Nolan,Arenado,REG,BAT,,,,1,,,,
NL,CO,Charlie,Blackmon,REG,BAT,,,,,,,,4
NL,CO,Drew,Butera,COMP,BAT,4,4,,,,,,
NL,CO,Noel,Cuevas,COMP,BAT,,,,,,4,,
NL,CO,David,Dahl,REG,BAT,,,,,,2,3,2
NL,CO,Yonathan,Daza,REG,BAT,,,,,,3,3,3
NL,CO,Ian,Desmond,REG,BAT,,,,,,4,4,
NL,CO,Josh,Fuentes,COMP,BAT,,4,,4,,,,
NL,CO,Garrett,Hampson,REG,BAT,,,3,,4,4,4,
NL,CO,Sam,Hilliard,ADD,BAT,,,,,,3,4,3
NL,CO,Chris,Iannetta,REG,BAT,4,,,,,,,
NL,CO,Ryan,McMahon,REG,BAT,,4,4,4,,,,
NL,CO,Daniel,Murphy,REG,BAT,,5(B4),5,,,,,
NL,CO,Dom,Nunez,COMP,BAT,4,,,,,,,
NL,CO,Mark,Reynolds,REG,BAT,,4,,,,,,
NL,CO,Brendan,Rodgers,ADD,BAT,,,4(B5),,4,,,
NL,CO,Trevor,Story,REG,BAT,,,,,1,,,
NL,CO,Raimel,Tapia,REG,BAT,,,,,,3,4,3
NL,CO,Pat,Valaika,ADD,BAT,,4,4,4,4,,,
NL,CO,Tony,Wolters,REG,BAT,2,,4,4,,,,
NL,CO,Yency,Almonte,ADD,PIT,,,,,,,,
NL,CO,Tyler,Anderson,COMP,PIT,,,,,,,,
NL,CO,Chad,Bettis,REG,PIT,,,,,,,,
NL,CO,Wade,Davis,REG,PIT,,,,,,,,
NL,CO,Jairo,Diaz,REG,PIT,,,,,,,,
NL,CO,Phillip,Diehl,COMP,PIT,,,,,,,,
NL,CO,Mike,Dunn,COMP,PIT,,,,,,,,
NL,CO,Carlos,Estevez,REG,PIT,,,,,,,,
NL,CO,Kyle,Freeland,REG,PIT,,,,,,,,
NL,CO,Rico,Garcia,COMP,PIT,,,,,,,,
NL,CO,Chi Chi,Gonzalez,REG,PIT,,,,,,,,
NL,CO,Jon,Gray,REG,PIT,,,,,,,,
NL,CO,Joe,Harvey,COMP,PIT,,,,,,,,
NL,CO,Jeff,Hoffman,REG,PIT,,,,,,,,
NL,CO,Sam,Howard,COMP,PIT,,,,,,,,
NL,CO,DJ,Johnson,COMP,PIT,,,,,,,,
NL,CO,Peter,Lambert,REG,PIT,,,,,,,,
NL,CO,German,Marquez,REG,PIT,,,,,,,,
NL,CO,Jake,McGee,REG,PIT,,,,,,,,
NL,CO,Tim,Melville,ADD,PIT,,,,,,,,
NL,CO,Harrison,Musgrave,COMP,PIT,,,,,,,,
NL,CO,Scott,Oberg,REG,PIT,,,,,,,,
NL,CO,Seunghwan,Oh,COMP,PIT,,,,,,,,
NL,CO,Wes,Parsons,ADD,PIT,,,,,,,,
NL,CO,James,Pazos,COMP,PIT,,,,,,,,
NL,CO,Chris,Rusin,COMP,PIT,,,,,,,,
NL,CO,Antonio,Senzatela,REG,PIT,,,,,,,,
NL,CO,Bryan,Shaw,REG,PIT,,,,,,,,
NL,CO,Jesus,Tinoco,ADD,PIT,,,,,,,,
NL,LD,Austin,Barnes,REG,BAT,2,,4,,,,,
NL,LD,Matt,Beaty,REG,BAT,,4,,4,,4,,4
NL,LD,Cody,Bellinger,REG,BAT,,2,,,,,3,1
NL,LD,Travis,d'Arnaud,COMP,BAT,4,,,,,,,
NL,LD,David,Freese,REG,BAT,,4,,4,,,,
NL,LD,Rocky,Gale,COMP,BAT,3,,,,,,,
NL,LD,Kyle,Garlick,COMP,BAT,,,,,,4,,4
NL,LD,Jedd,Gyorko,ADD,BAT,,4,4,3,,,,
NL,LD,Enrique,Hernandez,REG,BAT,,4,2,4,4,3,3,3
NL,LD,Gavin,Lux,ADD,BAT,,,4,,,,,
NL,LD,Russell,Martin,REG,BAT,2,,,4,,,,
NL,LD,Max,Muncy,REG,BAT,,4,4,4,,,,
NL,LD,Kristopher,Negron,COMP,BAT,,,3,4,3,4,4,4
NL,LD,Joc,Pederson,REG,BAT,,5,,,,3,,4(B3)
NL,LD,A.J.,Pollock,REG,BAT,,,,,,3,3,
NL,LD,Edwin,Rios,COMP,BAT,,4,,4,,5,,
NL,LD,Corey,Seager,REG,BAT,,,,,3,,,
NL,LD,Will,Smith,REG,BAT,3,,,,,,,
NL,LD,Chris,Taylor,REG,BAT,,,3,4,3,2,3,3
NL,LD,Justin,Turner,REG,BAT,,,5,3,,,,
NL,LD,Alex,Verdugo,REG,BAT,,,,,,2,3,2
NL,LD,Tyler,White,COMP,BAT,,4(B3),,,,,,
NL,LD,Scott,Alexander,COMP,PIT,,,,,,,,
NL,LD,Pedro,Baez,REG,PIT,,,,,,,,
NL,LD,Walker,Buehler,REG,PIT,,,,,,,,
NL,LD,JT,Chargois,COMP,PIT,,,,,,,,
NL,LD,Caleb,Ferguson,REG,PIT,,,,,,,,
NL,LD,Dylan,Floro,REG,PIT,,,,,,,,
NL,LD,Yimi,Garcia,REG,PIT,,,,,,,,
NL,LD,Tony,Gonsolin,ADD,PIT,,,,,,,,
NL,LD,Rich,Hill,REG,PIT,,,,,,,,
NL,LD,Kenley,Jansen,REG,PIT,,,,,,,,
NL,LD,Joe,Kelly,REG,PIT,,,,,,,,
NL,LD,Clayton,Kershaw,REG,PIT,,,,,,,,
NL,LD,Adam,Kolarek,ADD,PIT,,,,,,,,
NL,LD,Kenta,Maeda,REG,PIT,,,,,,,,
NL,LD,Dustin,May,ADD,PIT,,,,,,,,
NL,LD,Zac,Rosscup,COMP,PIT,,,,,,,,
NL,LD,Hyun-Jin,Ryu,REG,PIT,,,,,,,,
NL,LD,Casey,Sadler,ADD,PIT,,,,,,,,
NL,LD,Dennis,Santana,COMP,PIT,,,,,,,,
NL,LD,Josh,Sborz,COMP,PIT,,,,,,,,
NL,LD,Jaime,Schultz,COMP,PIT,,,,,,,,
NL,LD,Brock,Stewart,COMP,PIT,,,,,,,,
NL,LD,Ross,Stripling,REG,PIT,,,,,,,,
NL,LD,Julio,Urias,REG,PIT,,,,,,,,
NL,MI,Jorge,Alfaro,REG,BAT,3,4,,,,,,
NL,MI,Brian,Anderson,REG,BAT,,,,2,,,,3
NL,MI,Jon,Berti,REG,BAT,,,,4,3,4,4,4
NL,MI,Lewis,Brinson,REG,BAT,,,,,,,2,2
NL,MI,Wilkin,Castillo,COMP,BAT,4,,,,,,,
NL,MI,Starlin,Castro,REG,BAT,,,3,3,4,,,
NL,MI,Garrett,Cooper,REG,BAT,,3,,,,,,4
NL,MI,Austin,Dean,REG,BAT,,4,,,,4(B5),,4(B5)
NL,MI,Isan,Diaz,REG,BAT,,,4(B5),,,,,
NL,MI,Isaac,Galloway,COMP,BAT,,,,,,2,3,2
NL,MI,Curtis,Granderson,REG,BAT,,,,,,4(B3),,4(B3)
NL,MI,Tyler,Heineman,COMP,BAT,4,,,,,,,
NL,MI,Rosell,Herrera,ADD,BAT,,,4,4,4,3,3,3
NL,MI,Bryan,Holaday,REG,BAT,3,,,,,,,
NL,MI,Deven,Marrero,COMP,BAT,,,,3,4,,,
NL,MI,Peter,O'Brien,COMP,BAT,,4,,,,5,,5
NL,MI,Martin,Prado,REG,BAT,,4(B3),,3,,,,
NL,MI,Cesar,Puello,ADD,BAT,,,,,,,4,3
NL,MI,Harold,Ramirez,REG,BAT,,,,,,4(B3),4,4(B3)
NL,MI,J.T.,Riddle,ADD,BAT,,,,,4,,4,
NL,MI,Yadiel,Rivera,ADD,BAT,,3,3,3,3,,4,4
NL,MI,Miguel,Rojas,REG,BAT,,3,3,,2,,,
NL,MI,Magneuris,Sierra,COMP,BAT,,,,,,,3,3
NL,MI,Neil,Walker,REG,BAT,,3,4,4,,,,
NL,MI,Chad,Wallach,COMP,BAT,3,,,,,,,
NL,MI,Sandy,Alcantara,REG,PIT,,,,,,,,
NL,MI,Nick,Anderson,ADD,PIT,,,,,,,,
NL,MI,Austin,Brice,REG,PIT,,,,,,,,
NL,MI,Jeff,Brigham,ADD,PIT,,,,,,,,
NL,MI,Wei-Yin,Chen,REG,PIT,,,,,,,,
NL,MI,Adam,Conley,REG,PIT,,,,,,,,
NL,MI,Robert,Dugger,ADD,PIT,,,,,,,,
NL,MI,Jarlin,Garcia,REG,PIT,,,,,,,,
NL,MI,Tayron,Guerrero,REG,PIT,,,,,,,,
NL,MI,Elieser,Hernandez,REG,PIT,,,,,,,,
NL,MI,Kyle,Keller,COMP,PIT,,,,,,,,
NL,MI,Tyler,Kinley,REG,PIT,,,,,,,,
NL,MI,Pablo,Lopez,REG,PIT,,,,,,,,
NL,MI,Brian,Moran,COMP,PIT,,,,,,,,
NL,MI,Hector,Noesi,ADD,PIT,,,,,,,,
NL,MI,Jose,Quijada,ADD,PIT,,,,,,,,
NL,MI,Trevor,Richards,MIX,PIT,,,,,,,,
NL,MI,Sergio,Romo,MIX,PIT,,,,,,,,
NL,MI,Caleb,Smith,REG,PIT,,,,,,,,
NL,MI,Josh D.,Smith,COMP,PIT,,,,,,,,
NL,MI,Ryne,Stanek,REG,PIT,,,,,,,,
NL,MI,Drew,Steckenrider,COMP,PIT,,,,,,,,
NL,MI,Jose,Urena,REG,PIT,,,,,,,,
NL,MI,Jordan,Yamamoto,REG,PIT,,,,,,,,
NL,ML,Jesus,Aguilar,MIX,BAT,,4,,5,,,,
NL,ML,Orlando,Arcia,REG,BAT,,,,,1,,,
NL,ML,Tyler,Austin,ADD,BAT,,4,,,,5,,5
NL,ML,Ryan,Braun,REG,BAT,,,,,,4,,4
NL,ML,Lorenzo,Cain,REG,BAT,,,,,,,1,
NL,ML,David,Freitas,COMP,BAT,,,,,,,,
NL,ML,Ben,Gamel,REG,BAT,,,,,,3(B2),4,3(B2)
NL,ML,Yasmani,Grandal,REG,BAT,2,4,,,,,,
NL,ML,Trent,Grisham,REG,BAT,,,,,,3,3,3
NL,ML,Keston,Hiura,REG,BAT,,,4(B5),,,,,
NL,ML,Mike,Moustakas,REG,BAT,,,4(B3),3,,,,
NL,ML,Jacob,Nottingham,COMP,BAT,4,4,,,,,,
NL,ML,Hernan,Perez,REG,BAT,,4,3,3,4,3,,3
NL,ML,Manny,Pina,REG,BAT,2,,,,,,,
NL,ML,Tyler,Saladino,ADD,BAT,,,3,3,3,4,,
NL,ML,Travis,Shaw,REG,BAT,,3,4,2,,,,
NL,ML,Cory,Spangenberg,ADD,BAT,,,3,4,4,4,,
NL,ML,Tyrone,Taylor,COMP,BAT,,,,,,,3,3
NL,ML,Eric,Thames,REG,BAT,,4(B3),,,,,,4
NL,ML,Christian,Yelich,REG,BAT,,,,,,2,,2
NL,ML,Matt,Albers,REG,PIT,,,,,,,,
NL,ML,Chase,Anderson,REG,PIT,,,,,,,,
NL,ML,Jacob,Barnes,COMP,PIT,,,,,,,,
NL,ML,Ray,Black,COMP,PIT,,,,,,,,
NL,ML,Corbin,Burnes,ADD,PIT,,,,,,,,
NL,ML,Jhoulys,Chacin,MIX,PIT,,,,,,,,
NL,ML,Alex,Claudio,REG,PIT,,,,,,,,
NL,ML,Zach,Davies,REG,PIT,,,,,,,,
NL,ML,Jake,Faria,COMP,PIT,,,,,,,,
NL,ML,Gio,Gonzalez,REG,PIT,,,,,,,,
NL,ML,Deolis,Guerra,COMP,PIT,,,,,,,,
NL,ML,Junior,Guerra,REG,PIT,,,,,,,,
NL,ML,Josh,Hader,REG,PIT,,,,,,,,
NL,ML,Adrian,Houser,REG,PIT,,,,,,,,
NL,ML,Jay,Jackson,REG,PIT,,,,,,,,
NL,ML,Jeremy,Jeffress,REG,PIT,,,,,,,,
NL,ML,Jordan,Lyles,REG,PIT,,,,,,,,
NL,ML,Jimmy,Nelson,COMP,PIT,,,,,,,,
NL,ML,Freddy,Peralta,REG,PIT,,,,,,,,
NL,ML,Jake,Petricka,COMP,PIT,,,,,,,,
NL,ML,Drew,Pomeranz,REG,PIT,,,,,,,,
NL,ML,Brent,Suter,ADD,PIT,,,,,,,,
NL,ML,Aaron,Wilkerson,COMP,PIT,,,,,,,,
NL,ML,Devin,Williams,COMP,PIT,,,,,,,,
NL,ML,Taylor,Williams,COMP,PIT,,,,,,,,
NL,ML,Alex,Wilson,COMP,PIT,,,,,,,,
NL,ML,Brandon,Woodruff,REG,PIT,,,,,,,,
NL,NM,Peter,Alonso,REG,BAT,,4,,,,,,
NL,NM,Aaron,Altherr,ADD,BAT,,,,,,2,3,3
NL,NM,Keon,Broxton,COMP,BAT,,,,,,2,2,2
NL,NM,Robinson,Cano,REG,BAT,,,4(B3),,,,,
NL,NM,Michael,Conforto,REG,BAT,,,,,,,4(B3),3
NL,NM,Rajai,Davis,COMP,BAT,,,,,,2,,2
NL,NM,J.D.,Davis,REG,BAT,,,,5,,5(B4),,
NL,NM,Todd,Frazier,REG,BAT,,4,,3,,,,
NL,NM,Carlos,Gomez,ADD,BAT,,,,,,3,3,3
NL,NM,Luis,Guillorme,REG,BAT,,,3,4,3,,,
NL,NM,Sam,Haggerty,COMP,BAT,,,4,,,,,4
NL,NM,Juan,Lagares,REG,BAT,,,,,,,2,
NL,NM,Jed,Lowrie,COMP,BAT,,,,,,,,
NL,NM,Jeff,McNeil,REG,BAT,,,3,4(B3),,3,,3
NL,NM,Tomas,Nido,REG,BAT,3,,,,,,,
NL,NM,Brandon,Nimmo,REG,BAT,,,,,,3,4,3
NL,NM,Joe,Panik,REG,BAT,,,3,,,,,
NL,NM,Wilson,Ramos,REG,BAT,4,,,,,,,
NL,NM,Rene,Rivera,COMP,BAT,4,,,,,,,
NL,NM,Amed,Rosario,REG,BAT,,,,,3,5,,
NL,NM,Dominic,Smith,REG,BAT,,3,,,,5,,5
NL,NM,Ruben,Tejada,COMP,BAT,,,4,4,4,,,
NL,NM,Luis,Avilan,REG,PIT,,,,,,,,
NL,NM,Tyler,Bashlor,COMP,PIT,,,,,,,,
NL,NM,Brad,Brach,REG,PIT,,,,,,,,
NL,NM,Jacob,deGrom,REG,PIT,,,,,,,,
NL,NM,Edwin,Diaz,REG,PIT,,,,,,,,
NL,NM,Jeurys,Familia,REG,PIT,,,,,,,,
NL,NM,Chris,Flexen,COMP,PIT,,,,,,,,
NL,NM,Wilmer,Font,ADD,PIT,,,,,,,,
NL,NM,Drew,Gagnon,COMP,PIT,,,,,,,,
NL,NM,Robert,Gsellman,REG,PIT,,,,,,,,
NL,NM,Donnie,Hart,COMP,PIT,,,,,,,,
NL,NM,Walker,Lockett,REG,PIT,,,,,,,,
NL,NM,Seth,Lugo,REG,PIT,,,,,,,,
NL,NM,Steven,Matz,REG,PIT,,,,,,,,
NL,NM,Chris,Mazza,COMP,PIT,,,,,,,,
NL,NM,Stephen,Nogosek,COMP,PIT,,,,,,,,
NL,NM,Ryan,O'Rourke,COMP,PIT,,,,,,,,
NL,NM,Corey,Oswalt,COMP,PIT,,,,,,,,
NL,NM,Tim,Peterson,COMP,PIT,,,,,,,,
NL,NM,Brooks,Pounders,COMP,PIT,,,,,,,,
NL,NM,Jacob,Rhame,COMP,PIT,,,,,,,,
NL,NM,Hector,Santiago,COMP,PIT,,,,,,,,
NL,NM,Paul,Sewald,COMP,PIT,,,,,,,,
NL,NM,Marcus,Stroman,REG,PIT,,,,,,,,
NL,NM,Noah,Syndergaard,REG,PIT,,,,,,,,
NL,NM,Zack,Wheeler,REG,PIT,,,,,,,,
NL,NM,Justin,Wilson,REG,PIT,,,,,,,,
NL,NM,Daniel,Zamora,COMP,PIT,,,,,,,,
NL,PH,Rob,Brantly,COMP,BAT,,,,,,,,
NL,PH,Jay,Bruce,REG,BAT,,,,,,4,,
NL,PH,Dylan,Cozens,COMP,BAT,,,,,,,,
NL,PH,Corey,Dickerson,REG,BAT,,,,,,4,,
NL,PH,Maikel,Franco,REG,BAT,,4,,4(B3),,,,
NL,PH,Phil,Gosselin,ADD,BAT,,,,4,4,4,,
NL,PH,Deivy,Grullon,COMP,BAT,4,,,,,,,
NL,PH,Bryce,Harper,REG,BAT,,,,,,,,2
NL,PH,Adam,Haseley,REG,BAT,,,,,,3,3,3
NL,PH,Cesar,Hernandez,REG,BAT,,,3,,,,,
NL,PH,Odubel,Herrera,ADD,BAT,,,,,,,4,
NL,PH,Rhys,Hoskins,REG,BAT,,4,,,,,,
NL,PH,Scott,Kingery,REG,BAT,,,3,3,4,3,3,
NL,PH,Andrew,Knapp,REG,BAT,4,4,,,,,,
NL,PH,Andrew,McCutchen,REG,BAT,,,,,,2,4,
NL,PH,Brad,Miller,ADD,BAT,,,,4,4,4,,
NL,PH,Logan,Morrison,COMP,BAT,,4,,,,,,
NL,PH,Jose,Pirela,COMP,BAT,,,,,,4,,4
NL,PH,Roman,Quinn,ADD,BAT,,,,,,,2,
NL,PH,J.T.,Realmuto,REG,BAT,1,3,,,,,,
NL,PH,Sean,Rodriguez,REG,BAT,,4,3,3,4,4,4,4
NL,PH,Jean,Segura,REG,BAT,,,,,3,,,
NL,PH,Vince,Velasquez,REG,PIT,,,,,,3,,
NL,PH,Mitch,Walding,COMP,BAT,,,,,,,,
NL,PH,Nick,Williams,REG,BAT,,,,,,4,,4
NL,PH,Jose,Alvarez,REG,PIT,,,,,,,,
NL,PH,Drew,Anderson,COMP,PIT,,,,,,,,
NL,PH,Victor,Arano,COMP,PIT,,,,,,,,
NL,PH,Jake,Arrieta,REG,PIT,,,,,,,,
NL,PH,Austin,Davis,COMP,PIT,,,,,,,,
NL,PH,Enyel,De Los Santos,COMP,PIT,,,,,,,,
NL,PH,Seranthony,Dominguez,COMP,PIT,,,,,,,,
NL,PH,Zach,Eflin,REG,PIT,,,,,,,,
NL,PH,Jerad,Eickhoff,ADD,PIT,,,,,,,,
NL,PH,Edgar,Garcia,REG,PIT,,,,,,,,
NL,PH,J. D.,Hammer,COMP,PIT,,,,,,,,
NL,PH,Jared,Hughes,REG,PIT,,,,,,,,
NL,PH,Tommy,Hunter,COMP,PIT,,,,,,,,
NL,PH,Cole,Irvin,ADD,PIT,,,,,,,,
NL,PH,Adam,Morgan,ADD,PIT,,,,,,,,
NL,PH,Mike,Morin,ADD,PIT,,,,,,,,
NL,PH,Hector,Neris,REG,PIT,,,,,,,,
NL,PH,Pat,Neshek,COMP,PIT,,,,,,,,
NL,PH,Juan,Nicasio,REG,PIT,,,,,,,,
NL,PH,Aaron,Nola,REG,PIT,,,,,,,,
NL,PH,Blake,Parker,COMP,PIT,,,,,,,,
NL,PH,Nick,Pivetta,REG,PIT,,,,,,,,
NL,PH,Edubray,Ramos,COMP,PIT,,,,,,,,
NL,PH,David,Robertson,COMP,PIT,,,,,,,,
NL,PH,Fernando,Salas,COMP,PIT,,,,,,,,
NL,PH,Drew,Smyly,REG,PIT,,,,,,,,
NL,PH,Ranger,Suarez,REG,PIT,,,,,,,,
NL,PH,Jason,Vargas,REG,PIT,,,,,,,,
NL,PH,Vince,Velasquez,REG,PIT,,,,,,,,
NL,PH,Nick,Vincent,ADD,PIT,,,,,,,,
NL,PI,Steven,Baron,COMP,BAT,4,,,,,,,
NL,PI,Josh,Bell,REG,BAT,,4,,,,,,
NL,PI,Melky,Cabrera,REG,BAT,,,,,,5(B4),,5(B4)
NL,PI,Elias,Diaz,REG,BAT,4,,,,,,,
NL,PI,Jake,Elmore,COMP,BAT,,,4,4,,4,,4
NL,PI,Adam,Frazier,REG,BAT,,,2,,,,,
NL,PI,Erik,Gonzalez,REG,BAT,,,,3(B4),3,4,4,
NL,PI,Corban,Joseph,COMP,BAT,,,4,4,,,,4
NL,PI,Jung Ho,Kang,ADD,BAT,,,,4,4,,,
NL,PI,Kevin,Kramer,COMP,BAT,,,4,,,4,,4
NL,PI,Starling,Marte,REG,BAT,,,,,,,2,
NL,PI,Jason,Martin,COMP,BAT,,,,,,3,4,
NL,PI,Colin,Moran,REG,BAT,,4,4,4,,5,,
NL,PI,Kevin,Newman,REG,BAT,,,3,4,3,4,,
NL,PI,Jose,Osuna,REG,BAT,,4,,4,,5,,5
NL,PI,Gregory,Polanco,ADD,BAT,,,,,,,,4
NL,PI,Pablo,Reyes,REG,BAT,,,4,4,4,4,4,4
NL,PI,Bryan,Reynolds,REG,BAT,,,,,,3,4,3
NL,PI,J.B.,Shuck,COMP,BAT,,,,,,3,4,3
NL,PI,Jacob,Stallings,REG,BAT,2,,,,,,,
NL,PI,Cole,Tucker,REG,BAT,,,,,3(B2),,,
NL,PI,Dario,Agrazal,REG,PIT,,,,,,,,
NL,PI,Chris,Archer,REG,PIT,,,,,,,,
NL,PI,Steven,Brault,REG,PIT,,,,,,,,
NL,PI,Nick,Burdi,COMP,PIT,,,,,,,,
NL,PI,Kyle,Crick,REG,PIT,,,,,,,,
NL,PI,Rookie,Davis,COMP,PIT,,,,,,,,
NL,PI,Montana,DuRapau,COMP,PIT,,,,,,,,
NL,PI,Luis,Escobar,COMP,PIT,,,,,,,,
NL,PI,Michael,Feliz,REG,PIT,,,,,,,,
NL,PI,Geoff,Hartlieb,ADD,PIT,,,,,,,,
NL,PI,Clay,Holmes,REG,PIT,,,,,,,,
NL,PI,Williams,Jerez,COMP,PIT,,,,,,,,
NL,PI,Keone,Kela,REG,PIT,,,,,,,,
NL,PI,Mitch,Keller,REG,PIT,,,,,,,,
NL,PI,Nick,Kingham,ADD,PIT,,,,,,,,
NL,PI,Francisco,Liriano,REG,PIT,,,,,,,,
NL,PI,Tyler,Lyons,COMP,PIT,,,,,,,,
NL,PI,Parker,Markel,COMP,PIT,,,,,,,,
NL,PI,James,Marvel,COMP,PIT,,,,,,,,
NL,PI,Alex,McRae,ADD,PIT,,,,,,,,
NL,PI,Joe,Musgrove,REG,PIT,,,,,,,,
NL,PI,Dovydas,Neverauskas,COMP,PIT,,,,,,,,
NL,PI,Yefry,Ramirez,COMP,PIT,,,,,,,,
NL,PI,Yacksel,Rios,COMP,PIT,,,,,,,,
NL,PI,Richard,Rodriguez,REG,PIT,,,,,,,,
NL,PI,Chris,Stratton,REG,PIT,,,,,,,,
NL,PI,Jameson,Taillon,ADD,PIT,,,,,,,,
NL,PI,Felipe,Vazquez,REG,PIT,,,,,,,,
NL,PI,Wei-Chung,Wang,COMP,PIT,,,,,,,,
NL,PI,Trevor,Williams,REG,PIT,,,,,,,,
NL,SC,Randy,Arozarena,ADD,BAT,,,,,,4,3,4
NL,SC,Harrison,Bader,REG,BAT,,,,,,,1,
NL,SC,Matt,Carpenter,REG,BAT,,4,,3,,,,
NL,SC,Paul,DeJong,REG,BAT,,,,,2,,,
NL,SC,Tommy,Edman,REG,BAT,,,3,2,,4,,3
NL,SC,Dexter,Fowler,REG,BAT,,,,,,,4,3
NL,SC,Paul,Goldschmidt,REG,BAT,,1,,,,,,
NL,SC,Joe,Hudson,COMP,BAT,,,,,,,,
NL,SC,Andrew,Knizner,COMP,BAT,4,4,,,,,,
NL,SC,Jose,Martinez,REG,BAT,,,,,,5(B4),,5(B4)
NL,SC,Yadier,Molina,REG,BAT,2,4,,5,,,,
NL,SC,Yairo,Munoz,REG,BAT,,,4,3,4,4,4,4
NL,SC,Tyler,O'Neill,REG,BAT,,,,,,3(B4),4(B5),3(B4)
NL,SC,Marcell,Ozuna,REG,BAT,,,,,,3,,
NL,SC,Rangel,Ravelo,COMP,BAT,,4,,,,,,
NL,SC,Drew,Robinson,COMP,BAT,,,,,,,4,
NL,SC,Edmundo,Sosa,COMP,BAT,,,4,,,,,
NL,SC,Lane,Thomas,COMP,BAT,,,,,,3,3,3
NL,SC,Matt,Wieters,REG,BAT,3,,,,,,,
NL,SC,Kolten,Wong,REG,BAT,,,1,,,,,
NL,SC,John,Brebbia,REG,PIT,,,,,,,,
NL,SC,Genesis,Cabrera,COMP,PIT,,,,,,,,
NL,SC,Junior,Fernandez,COMP,PIT,,,,,,,,
NL,SC,Jack,Flaherty,REG,PIT,,,,,,,,
NL,SC,Giovanny,Gallegos,REG,PIT,,,,,,,,
NL,SC,John,Gant,REG,PIT,,,,,,,,
NL,SC,Luke,Gregerson,COMP,PIT,,,,,,,,
NL,SC,Ryan,Helsley,REG,PIT,,,,,,,,
NL,SC,Jordan,Hicks,MIX,PIT,,,,,,,,
NL,SC,Dakota,Hudson,REG,PIT,,,,,,,,
NL,SC,Dominic,Leone,REG,PIT,,,,,,,,
NL,SC,Carlos,Martinez,REG,PIT,,,,,,,,
NL,SC,Mike,Mayers,COMP,PIT,,,,,,,,
NL,SC,Adalberto,Mejia,COMP,PIT,,,,,,,,
NL,SC,Miles,Mikolas,REG,PIT,,,,,,,,
NL,SC,Andrew,Miller,REG,PIT,,,,,,,,
NL,SC,Daniel,Ponce de Leon,REG,PIT,,,,,,,,
NL,SC,Alex,Reyes,COMP,PIT,,,,,,,,
NL,SC,Chasen,Shreve,COMP,PIT,,,,,,,,
NL,SC,Michael,Wacha,REG,PIT,,,,,,,,
NL,SC,Adam,Wainwright,REG,PIT,,,,,,,,
NL,SC,Tyler,Webb,REG,PIT,,,,,,,,
NL,SD,Austin,Allen,ADD,BAT,4,4,,,,,,
NL,SD,Franchy,Cordero,COMP,BAT,,,,,,,3,3
NL,SD,Ty,France,REG,BAT,,4,4,3,,,,
NL,SD,Greg,Garcia,REG,BAT,,4,4(B3),4,4,5,,
NL,SD,Austin,Hedges,REG,BAT,1,,,5,,,,
NL,SD,Eric,Hosmer,REG,BAT,,3,,,,,,
NL,SD,Travis,Jankowski,COMP,BAT,,,,,,2,2,2
NL,SD,Ian,Kinsler,REG,BAT,,,3,,,,,
NL,SD,Manny,Machado,REG,BAT,,,,1(B2),3,,,
NL,SD,Manuel,Margot,REG,BAT,,,,,,,3,
NL,SD,Nick,Martini,ADD,BAT,,,,,,3,,
NL,SD,Francisco,Mejia,REG,BAT,4(B3),,,,,4,,
NL,SD,Seth,Mejias-Brean,COMP,BAT,,4,,4,4,,,
NL,SD,Wil,Myers,REG,BAT,,3,,5,,2,4,3
NL,SD,Josh,Naylor,REG,BAT,,,,,,5,,5
NL,SD,Hunter,Renfroe,REG,BAT,,,,,,2,4(B3),2
NL,SD,Franmil,Reyes,MIX,BAT,,,,,,,,5
NL,SD,Fernando,Tatis Jr.,REG,BAT,,,,,2(B3),,,
NL,SD,Luis,Torrens,ADD,BAT,4,,,,,,,
NL,SD,Luis,Urias,REG,BAT,,,3,4,3,,,
NL,SD,Logan,Allen,COMP,PIT,,,,,,,,
NL,SD,Pedro,Avila,COMP,PIT,,,,,,,,
NL,SD,Michel,Baez,REG,PIT,,,,,,,,
NL,SD,David,Bednar,COMP,PIT,,,,,,,,
NL,SD,Ronald,Bolanos,COMP,PIT,,,,,,,,
NL,SD,Jose,Castillo,COMP,PIT,,,,,,,,
NL,SD,Miguel,Diaz,COMP,PIT,,,,,,,,
NL,SD,Carl,Edwards Jr.,COMP,PIT,,,,,,,,
NL,SD,Robbie,Erlin,REG,PIT,,,,,,,,
NL,SD,Javier,Guerra,COMP,PIT,,,,,,,,
NL,SD,Dinelson,Lamet,REG,PIT,,,,,,,,
NL,SD,Eric,Lauer,REG,PIT,,,,,,,,
NL,SD,Aaron,Loup,COMP,PIT,,,,,,,,
NL,SD,Joey,Lucchesi,REG,PIT,,,,,,,,
NL,SD,Nick,Margevicius,REG,PIT,,,,,,,,
NL,SD,Phil,Maton,COMP,PIT,,,,,,,,
NL,SD,Adrian,Morejon,COMP,PIT,,,,,,,,
NL,SD,Andres,Munoz,COMP,PIT,,,,,,,,
NL,SD,Chris,Paddack,REG,PIT,,,,,,,,
NL,SD,Luis,Perdomo,REG,PIT,,,,,,,,
NL,SD,Cal,Quantrill,REG,PIT,,,,,,,,
NL,SD,Gerardo,Reyes,REG,PIT,,,,,,,,
NL,SD,Garrett,Richards,COMP,PIT,,,,,,,,
NL,SD,Craig,Stammen,REG,PIT,,,,,,,,
NL,SD,Robert,Stock,COMP,PIT,,,,,,,,
NL,SD,Matt,Strahm,REG,PIT,,,,,,,,
NL,SD,Adam,Warren,ADD,PIT,,,,,,,,
NL,SD,Trey,Wingenter,REG,PIT,,,,,,,,
NL,SD,Matt,Wisler,ADD,PIT,,,,,,,,
NL,SD,Eric,Yardley,COMP,PIT,,,,,,,,
NL,SD,Kirby,Yates,REG,PIT,,,,,,,,
NL,SF,Cristhian,Adames,COMP,BAT,,,3,4,,,,
NL,SF,Abiatal,Avelino,COMP,BAT,,,,,4,4,,
NL,SF,Brandon,Belt,REG,BAT,,2,,,,4,,
NL,SF,Brandon,Crawford,REG,BAT,,,,,3,,,
NL,SF,Jaylin,Davis,COMP,BAT,,,,,,,,3
NL,SF,Alex,Dickerson,REG,BAT,,,,,,4,,4
NL,SF,Mauricio,Dubon,REG,BAT,,,2(B3),,4,,,
NL,SF,Steven,Duggar,REG,BAT,,,,,,,2,2
NL,SF,Aramis,Garcia,COMP,BAT,4,4,,,,,,
NL,SF,Scooter,Gennett,ADD,BAT,,,4(B3),,,,,
NL,SF,Mike,Gerber,COMP,BAT,,,,,,3,,4
NL,SF,Zach,Green,COMP,BAT,,,,4,,,,
NL,SF,Connor,Joe,COMP,BAT,,,,,,4,,
NL,SF,Erik,Kratz,COMP,BAT,3,,,,,,,
NL,SF,Evan,Longoria,REG,BAT,,,,2,,,,
NL,SF,Kevin,Pillar,REG,BAT,,,,,,,1(B2),2
NL,SF,Buster,Posey,REG,BAT,1,2,,,,,,
NL,SF,Michael,Reed,COMP,BAT,,,,,,4,,4
NL,SF,Joey,Rickard,COMP,BAT,,,,,,3,,
NL,SF,Pablo,Sandoval,REG,BAT,,4,,4,,,,
NL,SF,Chris,Shaw,COMP,BAT,,4,,,,,,
NL,SF,Austin,Slater,REG,BAT,,4,4,,,3,,3
NL,SF,Donovan,Solano,REG,BAT,,,3,4,4,,,
NL,SF,Yangervis,Solarte,ADD,BAT,,,4,4,4,4,,
NL,SF,Stephen,Vogt,REG,BAT,4,4,,,,5,,
NL,SF,Mac,Williamson,COMP,BAT,,,,,,4,,4
NL,SF,Mike,Yastrzemski,REG,BAT,,,,,,2,4,3
NL,SF,Fernando,Abad,COMP,PIT,,,,,,,,
NL,SF,Shaun,Anderson,REG,PIT,,,,,,,,
NL,SF,Kyle,Barraclough,ADD,PIT,,,,,,,,
NL,SF,Tyler,Beede,REG,PIT,,,,,,,,
NL,SF,Travis,Bergen,COMP,PIT,,,,,,,,
NL,SF,Ty,Blach,COMP,PIT,,,,,,,,
NL,SF,Madison,Bumgarner,REG,PIT,,,,,,,,
NL,SF,Sam,Coonrod,REG,PIT,,,,,,,,
NL,SF,Johnny,Cueto,COMP,PIT,,,,,,,,
NL,SF,Sam,Dyson,MIX,PIT,,,,,,,,
NL,SF,Enderson,Franco,COMP,PIT,,,,,,,,
NL,SF,Trevor,Gott,REG,PIT,,,,,,,,
NL,SF,Jandel,Gustave,REG,PIT,,,,,,,,
NL,SF,Conner,Menez,COMP,PIT,,,,,,,,
NL,SF,Reyes,Moronta,REG,PIT,,,,,,,,
NL,SF,Wandy,Peralta,REG,PIT,,,,,,,,
NL,SF,Dereck,Rodriguez,REG,PIT,,,,,,,,
NL,SF,Tyler,Rogers,COMP,PIT,,,,,,,,
NL,SF,Jeff,Samardzija,REG,PIT,,,,,,,,
NL,SF,Sam,Selman,COMP,PIT,,,,,,,,
NL,SF,Burch,Smith,COMP,PIT,,,,,,,,
NL,SF,Will,Smith,REG,PIT,,,,,,,,
NL,SF,Andrew,Suarez,REG,PIT,,,,,,,,
NL,SF,Pat,Venditte,COMP,PIT,,,,,,,,
NL,SF,Tony,Watson,REG,PIT,,,,,,,,
NL,SF,Logan,Webb,REG,PIT,,,,,,,,
NL,WN,Matt,Adams,REG,BAT,,4,,,,,,
NL,WN,Tres,Barrera,COMP,BAT,4,,,,,,,
NL,WN,Asdrubal,Cabrera,REG,BAT,,4,4(B3),4,,,,
NL,WN,Wilmer,Difo,ADD,BAT,,,3,3,4(B3),,,
NL,WN,Brian,Dozier,REG,BAT,,,3,,,,,
NL,WN,Adam,Eaton,REG,BAT,,,,,,2,,3
NL,WN,Yan,Gomes,REG,BAT,2,4,,,,,,
NL,WN,Howie,Kendrick,REG,BAT,,4,4,4,,,,
NL,WN,Carter,Kieboom,COMP,BAT,,,,,4(B5),,,
NL,WN,Jake,Noll,COMP,BAT,,4,,4,,,,
NL,WN,Gerardo,Parra,REG,BAT,,4,5,,,2,4,3
NL,WN,Raudy,Read,COMP,BAT,4,,,,,,,
NL,WN,Anthony,Rendon,REG,BAT,,,,1,,,,
NL,WN,Victor,Robles,REG,BAT,,,,,,,1,2
NL,WN,Adrian,Sanchez,COMP,BAT,,4,3,3,4,5,,
NL,WN,Juan,Soto,REG,BAT,,,,,,2,,
NL,WN,Andrew,Stevenson,COMP,BAT,,,,,,2,,
NL,WN,Kurt,Suzuki,REG,BAT,3(B4),,,,,,,
NL,WN,Michael A.,Taylor,REG,BAT,,,,,,,1,2
NL,WN,Trea,Turner,REG,BAT,,,,,2,,,
NL,WN,Ryan,Zimmerman,REG,BAT,,3,,,,,,
NL,WN,Austin L,Adams,COMP,PIT,,,,,,,,
NL,WN,Aaron,Barrett,COMP,PIT,,,,,,,,
NL,WN,Michael,Blazek,COMP,PIT,,,,,,,,
NL,WN,James,Bourque,COMP,PIT,,,,,,,,
NL,WN,Patrick,Corbin,REG,PIT,,,,,,,,
NL,WN,Sean,Doolittle,REG,PIT,,,,,,,,
NL,WN,Roenis,Elias,COMP,PIT,,,,,,,,
NL,WN,Erick,Fedde,REG,PIT,,,,,,,,
NL,WN,Matt,Grace,REG,PIT,,,,,,,,
NL,WN,Javy,Guerra,REG,PIT,,,,,,,,
NL,WN,Jeremy,Hellickson,ADD,PIT,,,,,,,,
NL,WN,Daniel,Hudson,REG,PIT,,,,,,,,
NL,WN,Dan,Jennings,COMP,PIT,,,,,,,,
NL,WN,Kyle,McGowin,COMP,PIT,,,,,,,,
NL,WN,Justin,Miller,COMP,PIT,,,,,,,,
NL,WN,Tanner,Rainey,REG,PIT,,,,,,,,
NL,WN,Fernando,Rodney,REG,PIT,,,,,,,,
NL,WN,Trevor,Rosenthal,COMP,PIT,,,,,,,,
NL,WN,Joe,Ross,REG,PIT,,,,,,,,
NL,WN,Anibal,Sanchez,REG,PIT,,,,,,,,
NL,WN,Max,Scherzer,REG,PIT,,,,,,,,
NL,WN,Tony,Sipp,COMP,PIT,,,,,,,,
NL,WN,Stephen,Strasburg,REG,PIT,,,,,,,,
NL,WN,Hunter,Strickland,ADD,PIT,,,,,,,,
NL,WN,Wander,Suero,REG,PIT,,,,,,,,
NL,WN,Jonny,Venters,COMP,PIT,,,,,,,,
NL,WN,Austin,Voth,ADD,PIT,,,,,,,,
NL,WN,Austen,Williams,COMP,PIT,,,,,,,,