Class,Rank,Top 100,Trend,Name,Pos,Age,Ht,Wt,B,T,School,College Commit,FV,Risk,Report,Video,playerId
2021,"1",,,"Jack Leiter","SP","21.125","6' 1""","195","R","R","Vanderbilt",,"50","Med","Leiter's fastball has a flat approach angle that plays really well at the top of the strike zone, and he makes very advanced use of both his curveball and slider, which have distinct differences in shape and depth. His glove-side slider command is quite good, enough that it might enable the pitch to play a little better than its raw nastiness. We've seen some good changeups from him in the past but he barely threw the pitch during his freshman season. He has been consistently getting better since high school and was throwing harder in the Fall. Should that continue, I think he'll create some distance between himself and the other top prospects in the class.",,
2021,"2",,,"Kumar Rocker","SP","21.5388888","6' 5""","250","R","R","Vanderbilt",,"50","High","Rocker looked like a first rounder for much of his high school career, but his stuff dipped as the 2018 draft approached while his asking price did not, so teams backed away and Rocker went to college. After a rocky first few weeks of his Vanderbilt career, he became dominant down the stretch, culminating in a 19-strikeout no-hitter against Duke. He made just three starts as a sophomore before COVID-19 ended the season, two strong (vs UIC and UConn) and one not (UCLA). His roller coaster performance during the last couple of years is perhaps a bit of a blemish on an otherwise typical top-of-the-class power pitcher profile led by a mid-90s fastball and plus slider.","i9ljeJlzB5A",
2021,"3",,,"Matt McLain","SS","21.8333333","5' 10""","175","R","R","UCLA",,"50","Low","Perhaps the most polished high school hit tool in the 2018 draft, McLain opted not to sign with Arizona as a first round pick. He's an easy plus runner and plays hard, but had a tough freshman year at UCLA playing in the outfield due to the draft-eligible depth in the Bruins' infield (Toglia, Strumpf, Kreidler); he then bounced back on the Cape and during an abbreviated 2020. McLain knows how to lift the ball in games despite having fringe raw power and his hit/pop combo should be enough to profile at either middle infield position or in center. I consider him a better fit at second base long-term, but there's a pretty large contingent of scouts who think he's capable at shortstop, where he'll likely play all of 2021.","Ei8VE-JkAL8",
2021,"4",,,"Kahlil Watson","SS","18.1388888","5' 11""","168","L","R","Wake Forest HS",,"45+","High","Electricity personified, Watson has perhaps the best bat speed in the entire 2021 draft class regardless of demo (college or high school). He has an up-the-middle defensive projection and the potential for star-level power and speed output. Watson is also a volatile on-field entity, sometimes demonstrative with umpires and hard on himself when he's struggling. He's as high-ceiling a talent as there is in the whole class.",,
2021,"5",,,"Jordan Lawlar","SS","18.8861111","6' 1""","170","R","R","Jesuit Prep HS",,"45+","Med","Lawlar is a complete prospect. He has terrific defensive hands, feet, and actions, enough arm strength for the left side of the infield, and advanced feel to hit and barrel control. He's similar to Cubs 2020 first rounder Ed Howard in that Lawlar is well-rounded and plays a premium position but isn't especially toolsy, but Howard had more physical projection while Lawlar's swing has more natural leverage and loft. Lawlar's ability to impact balls at the top of the strike zone will be valuable in a pro environment that features velo at the letters.",,
2021,"6",,,"Jaden Hill","MIRP","21.4555555","6' 4""","215","R","R","LSU",,"45+","High","Hill was built like a quarterback in high school and had a fastball that sat 90-94 and an easy plus changeup, but he was unspeakably wild and ended up at LSU. He showed occasional feel to pitch as a Tiger freshman and looked to be turning the corner in the weekend rotation when he went down with a strained UCL. He didn't pitch in the Fall but was ready to go for his sophomore spring and was up to 97 in the preseason before being up to 99 during the early part of the shortened 2020 campaign. In addition to his changeup, Hill has two breaking balls (LSU calls them a slider and cutter, but they have more curve/modern slider sensibilities), the best of which is a slider/cutter in the 88-90 mph range. He looks like a late-inning power bullpen arm.",,
2021,"7",,,"Marcelo Mayer","SS","18.4833333","6' 3""","180","L","R","Eastlake HS",,"45+","High","Mayer wasn't at as many national events during the 2020 summer since, like most West Coast prospects, he was farthest away from the Southeast states with loose COVID restrictions where they were held. Working in Mayer's favor is that many decision-making team personnel have already seen him since he shared an infield with former Twins first round pick Keoni Cavaco, and at the time Cavaco was drafted, area scouts thought that Mayer was already the better prospect. Mayer is a graceful infield defender with a very projectable frame. His swing currently prioritizes contact. He has terrific vertical plate coverage and generates all-fields spray, but he's also shown an ability to turn on and punish pitches inside with power. His frame is nearly identical to Izaac Pachecho's, but Mayer has a better chance to stay at short and has more room to fill out, so he's slightly ahead of Pacheco here.",,
2021,"8",,,"Jud Fabian","CF","20.6916666","6' 1""","180","R","L","Florida",,"45+","Med","It's been somewhat trendy for a top prospect or two to skip the draft as a high school senior and early-enroll at their college to reach college eligibility a year sooner, and that's what Fabian did in 2018. He had a good freshman season for a rookie in the SEC then went to the Cape and raked, which continued during his COVID-shortened sophomore year. Fabian has a rare, unfavorable ""backwards"" profile -- he hits right and throws left, limiting him to 1B/OF -- but looks like he'll hit enough for that not to matter. While his lower half has gotten a little heavier and softer since high school, Fabian still has a fairly athletic swing, and his hitting hands work in an explosive loop that give him low-ball power. His hands load deep and high, and Fabian's bat path doesn't always look like it's going to work, but he still covers the zone from (nearly) top to bottom and can pull his hands in to get the barrel on inside pitches, and I think barrel accuracy is tougher to teach than augmenting someone's path. Fabian is a power/speed center field fit if the swing gets dialed in, similar to Travis Swaggerty a few years ago albeit with larger-conference performance.",,
2021,"9",,,"Brady House","3B","18.0055555","6' 3""","200","R","R","Winder-Barrow HS",,"45+","High","House has an ideal frame and is built like a shrunken-down version of Dwight Howard. Some scouts thought he should have reclassified to the 2020 Draft, where he'd have been a likely first rounder at age 17.0. He's deceptively quick as an underway runner and better than you'd think at shortstop given his size, but he should settle as a fringe runner who plays an average to above third base so long as he has the requisite throwing utility to make all the throws. He's up to 95 on the mound and has an easy plus arm, but the separator is easy plus raw power that will likely be a 70 at peak; there's some Alec Bohm or Kris Bryant look to it. The only real nitpicks are that he's a likely corner fit due to the projection and that there's a little stiffness and length to the swing that could mean possible trouble with velo on his hands, but he's basically only been scouted playing kids a year or two older than him and he has performed everywhere he has been.","LgJWO0o1GtM",
2021,"10",,,"Ty Madden","SP","21.2916666","6' 3""","200","R","R","Texas",,"45+","Med","Madden's velocity has been up and down the last few years. He was up to 98 in the Fall before his freshman year, then dipped into the high-80s during the spring of 2019 before he was shut down with a shoulder injury. He was back into the mid-90s during the early part of 2020 and touching the upper-90s during Texas' fall practices. It's unclear whether that velo will hold in long outings or throughout a whole season, something Madden has never proven nor had the opportunity to prove. His delivery is very upright and his arm slot very vertical, so he works with downhill angle similar to a treacherous ski slope. That's not necessarily a good thing, as flat approach angles seem to miss more bats. He has a four-pitch mix led by a projected plus slider.",,
2021,"11",,,"Henry Davis","C","21.7083333","6' 2""","195","R","R","Louisville",,"45+","High","The sample size is too small to be useful, but Davis' 2020 exit velocities are pretty ridiculous, as nearly half the balls he put in play were 95 mph or above. He has considerable power driven by strength in his forearms and wrists, as well as a power-first angle of attack with his bat, rather than whippy, upper-body rotation. It works great for Davis, who also has a 7 arm, a trait that will likely be of greater importance than receiving once this draft class reaches the big leagues.",,
2021,"12",,,"Sal Frelick","2B","21.1305555","5' 10""","175","L","R","Boston College",,"45+","High","A Massachusetts multi-sport prep standout (he was the Gatorade POY in football as a quarterback, as well as a lauded hockey player), Frelick emerged last spring playing outfield and putting up huge numbers for Boston College. He has several catalytic qualities already and might hit for more in-game power later as his swing and approach evolve. Right now Frelick is a slap-and-slash hitter who'll occasionally show you low-ball power. He has good vertical plate coverage and can catch pitches near the top of the zone. It takes projecting on some elements of Frelick's offense to see him as an impact regular, but so much of his skillset is either new or changing (he's also played some second base) and I'm betting on late development here because of the multi-sport, Northeast background and time lost due to a 2019 knee injury/surgery.","IsWJYCo_Gl0",
2021,"13",,,"Max Ferguson","2B","21.7861111","6' 1""","180","L","R","Tennessee",,"45+","High","Ferguson had a quiet freshman year, then had a very loud fall/winter before his sophomore season, with reports indicating he had the foundation of a first round talent. Ferguson has a broad-shouldered, flat-backed, projectable frame and really smooth hitting hands in the box. He's also a good hands and feet athlete capable of making tough plays in on the grass. He's a promising middle infield stick.",,
2021,"14",,,"Ian Moller","C","18.6111111","6' 1""","197","R","R","Wahlert HS",,"45","High","High school catching is notoriously risky; from the last decade or so, only Austin Hedges has come from the prep catching ranks and seized an everyday job. The beating catchers take on their way to the big leagues often dilutes their offensive ability or slows their progress, but Moller has the requisite athleticism and arm strength to catch, and he's also one of the more well-rounded high school hitters in the class, regardless of position. He has incredible hitting hands, which generate a combo of contact (because he's so short to the ball) and impact with lift. His offensive footwork is often ill-timed, but that's a minor, correctable blemish on an otherwise exciting all-around profile.",,
2021,"15",,,"Izaac Pacheco","3B","18.55","6' 4""","200","L","R","Friendswood HS",,"45","Med","Of the non-first base high school infielders near the top of the 2021 draft class, Pacheco has the most obvious route to in-game power production. His swing has natural lift and looks an awful lot like that of Cardinals prospect Nolan Gorman, and Pacheco has low-ball proclivity and barrel accuracy in the bottom of the zone. His frame has sizable power projection, though adding 20-plus pounds probably mean he's likely a third baseman long-term, though he's playing shortstop for now.","vymFfGwMcSo",
2021,"16",,,"Cody Morissette","SS","21.3888888","6' 0""","175","L","R","Boston College",,"45","Med","A sweet-swinging, multi-positional infielder, Morissette bears an eerie resemblance to Rays infielder Joey Wendle. Like Wendle, Morissette's bat-to-ball skills and approach are what will likely carry him to the big leagues; he's currently ranked behind similar hitters who have more power projection.",,
2021,"17",,,"Adrian Del Castillo","C","21.6916666","5' 11""","205","L","R","Miami",,"45","Med","The best college catcher in the country typically comes off the board in the top 15 picks, and that projects to be either Henry Davis or Adrian Del Castillo in 2021. Del Castillo had more walks than strikeouts as a freshman while slugging 12 homers, 22 doubles, and playing some third base and right field in addition to catching. He followed that up with a good summer on Cape Cod and start to his COVID-shortened 2020 sophomore year. He's a contact-oriented hitter who peppers the opposite baseline with flares and line drives, so while he has the power to punish mistakes, Del Castillo projects to have a hit-tool driven profile. His receiving and throwing are okay, enough that he'll likely remain a catcher, but he doesn't project as an impact defender.",,
2021,"18",,,"Alex Binelas","3B","21.0277777","6' 3""","210","L","R","Louisville",,"45","Low","Binelas' triple slash line as a freshman (.291/.383/.612) put him in this draft class' first round mix, even though he doesn't have premium physical tools. His peripherals (a 20% strikeout rate, twice his walk rate) were not as dominant, and I was eager to see if Binelas could repeat or improve upon his 2019, but a wrist injury and COVID-19 limited him to just two games. Binelas has ultra-short levers and he's very difficult to beat with velocity. He doesn't have an especially projectable frame and he has middling present power, but if he ends up a 6 or better bat, that's still an everyday third baseman. At the very least, he projects into a strong corner platoon role.",,
2021,"19",,,"Andrew Painter","SP","18.1555555","6' 6""","210","R","R","Calvary Christian HS",,"45","High","Painter is a prototypical prep arm with an XXL frame, premium arm strength, and nascent feel for spin, and like many high schoolers of this ilk, he has a mid-rotation shot if everything comes together. Painter's fastball velocity climbed throughout the summer, and he wrapped sitting 94-97 during his last abbreviated showcase outing. He has three other pitches: a mid-80s changeup, a mid-70s curveball, and a mid-80s slider that has cuttery, horizontal action right now, but for which Painter has good arm-side feel. You could point to Tyler Kolek and argue there's some elevated risk in taking a kid this large in the first round.",,
2021,"20",,,"Joshua Baez","RF","17.9388888","6' 3""","210","R","R","Dexter Southfield HS",,"45","High","Baez is a prototypical right field prospect with big present power as well as frame-based projection, a big arm, and strikeouts that threaten to torpedo his profile. He has a long-levered swing that cuts through the middle of the zone. He plays both ways and is from the Northeast, so it's possible the feel for contact is still coming.",,
2021,"21",,,"Jordan Wicks","SP","21.7638888","6' 3""","220","L","L","Kansas State",,"45","Low","Wicks has arguably the best changeup in the 2021 draft and his fastball, while not all that hard, has traits that enable it to play at the top of the strike zone, though Wicks hasn't yet worked up there with it. His breaking stuff is mediocre but workable so long as those pitches are located well, which Wicks' general feel for strike-throwing suggests they will be. Arizona gave high school lefty Avery Short, a similarly-built pitcher with a similar delivery, just shy of $1 million to sign him away from Louisville because his fastball had traits similar to Wicks'. Wicks has that, throws a little harder, has a much better secondary weapon in his changeup, and a track record of college performance, so he's in line for well above $1 million if he holds his stuff in 2021.",,
2021,"22",,,"Benny Montgomery","CF","18.7416666","6' 3""","185","R","R","Red Land HS",,"45","High","Montgomery is similar to Orioles 2020 overslot draftee Coby Mayo, in that he's a big-framed young guy who runs well underway and has a rare combination of bat speed and hand-eye coordination dressed in an ugly swing. His long speed gives him a chance to stay up the middle. He bears a resemblance to Bubba Starling with the present swing.",,
2021,"23",,,"Harry Ford","C","18.2916666","5' 10""","180","R","R","North Cobb HS",,"40+","High","Ford is a very explosive, high-upside catching prospect with plus-plus bat speed. He looks incredible during BP but has raw in-game feel to hit.",,
2021,"24",,,"Ethan Wilson","LF","21.5805555","6' 2""","205","L","L","South Alabama",,"40+","High","Wilson is a small school hitter with strikeout issues, which is a bit scary, but he also has monster power that he's gotten to in games throughout his college career despite his strikeouts.",,
2021,"25",,,"Thatcher Hurd","RHP","18.4916666","6' 4""","205","R","R","Mira Costa HS",,"40+","High","Hurd checks all the proverbial boxes. He has a big, projectable PAC-12 quarterback frame, he throws pretty hard and might throw harder as he fills out, he has feel for one good breaking ball and another that needs refining, and he has nascent changeup feel. Were his delivery a bit more graceful, his release a bit more consistent, he'd be ranked ahead of Painter.",,
2021,"26",,,"Drew Gray","LHP","18.075","6' 3""","180","L","L","IMG Academy",,"40+","High","Gray is an athletic, projectable two-way player. He gets way down the mound and is very balanced over his lead leg as he delivers home with big extension and flat angle. He also has feel for a loopy breaking ball that lefty hitters struggle with because  of Gray's length. He has some young Josh Hader traits.",,
2021,"27",,,"Tyree Reed","CF","18.4083333","6' 2""","181","L","L","American Canyon HS",,"40+","High","Like Marcelo Mayer, Reed is a West Coast prospect who didn't travel to 2020 summer showcase events being held in the Southeast, likely because of the pandemic. He's made consistent contact in the games he's been seen in, though, often to the opposite field. From a tools perspective, Reed is a typical prep center field prospect with high-end speed and a frame on which to dream. He doesn't have the track record of the first round center field types of the last couple years but could grow into significantly more power than the likes of Corbin Carroll or Pete Crow-Armstrong and explode during his senior year.",,
2021,"28",,,"Levi Usher","CF","20.9472222","6' 1""","195","L","R","Louisville",,"40+","High","While in high school, Usher was a prominent prospect on the national showcase circuit. He went to an Iowa junior college for a year before heading to Louisville, where he began 2020 on a tear. Speed, arm strength, and pull power are the carrying tools here, while stiffness in the swing limits his in-game power impact and might make it hard for the hit tool to play consistently in pro ball, causing some to consider him a tweener fourth outfield type. But the tools are loud enough that if the swing ends up working (something we'll hopefully know more about after a full season against good pitching), Usher will be an everyday player.",,
2021,"29",,,"Jackson Jobe","RHP","18.85","6' 2""","180","R","R","Heritage Hill HS",,"40+","High","Jobe was an upper-80s/breaking ball feel prospect until 2020, when he had a significant velo spike and was parked in the mid-90s during the summer. He also generates elite spin on a plus-flashing slider and will flash an above-average changeup. Jobe's fastball has tailing action, so its ability to miss bats is going to be more velo/location dependent than those of his backspinning peers, but there's still a shot for three 55-grade (or better) pitches here.",,
2021,"30",,,"Josh Hartle","LHP","18.2","6' 5""","175","L","L","Reagan HS",,"40+","High","Hartle is a lanky lefty with 40 present stuff but huge projection. He has fairly advanced feel for locating but there's arm deceleration on the changeup.",,
2021,"31",,,"Richard Fitts","MIRP","21.4694444","6' 3""","185","R","R","Auburn",,"40+","High","Up to 93 and flashing a plus breaking ball as a freshman walk-on, Fitts pitched out of the bullpen during most of his first two seasons before experiencing a huge velo spike during COVID quarantine. He was up to 98 in Fall practice. His delivery is reliever-ish, or at least it was before his velo spike. He'll need to hold that stuff deep in spring 2021 games as a starter to profile as one long-term.",,
2021,"32",,,"Malakhi Knight","CF","18.7083333","6' 3""","190","R","R","Archbishop Murphy HS",,"40+","High","Knight is a multi-sport developmental project with a skinny, broad-shouldered frame and fairly strong raw power projection. He has limited bat control and feel to hit, but he's also played less baseball relative to his peers. ",,
2021,"33",,,"Colton Cowser","RF","21.2111111","6' 3""","190","L","R","Sam Houston State",,"40+","Low","Cowser has average speed and arm strength with fringe raw power but a standout bat. He fits as a tweener but he may hit enough to go on Day 1.",,
2021,"34",,,"Gunnar Hoglund","SP","21.4694444","6' 5""","210","L","R","Ole Miss",,"40+","High","Hoglund was many scout's favorite non-first round prep projection arm for 2018: up to 96 with average off-speed stuff but a clean delivery and frame with room to grow. He didn't sign as a comp round pick of the Pirates. He had growing pains as a freshman, but looks crisp in the Fall before 2020, sitting in the low-90s, flashing an above average curve and average slider, with the changeup still behind but flashing average. He was the same early in 2020. He's a solid athlete who will hit some for the Rebels as well.","hPsKzBvxiho",
2021,"35",,,"Robby Martin","RF","21.8027777","6' 3""","200","L","R","Florida State",,"40+","High","I've had scouts tell me they think Martin is a hit-over-power bat and I think it's because they're looking at data and seeing low exit velos that are a result of him failing to square balls rather than him lacking raw power. My visual evaluation of Martin is that he projects to have plus raw but has swing-and-miss risk, which is harrowing for a corner outfielder.","oXfUgI4hPlE",
2021,"36",,,"Braden Montgomery","SP","18.1388888","6' 2""","201","S","R","Madison Central HS",,"40+","High","He has above-average bat speed from both sides of the plate but Montgomery's swing elements are raw from both sides, especially the left. There's more bat control from the right side but general concerns about swing playability cause one to prefer him on the mound. There he was 89-92, with a really gorgeous delivery, and a breaking ball that has shape but not bite yet. He's a dev project with a chance for growth based on considerable athleticism.",,
2021,"37",,,"Bubba Chandler","SP","18.7277777","6' 4""","195","S","R","North Oconee HS",,"40+","High","Chandler is a multi-sport athlete who's committed to Clemson to play quarterback. He's an ultra-smooth, athletic righty with a backspinning fastball, curveball and changeup. There's not much velo right now but you can go nuts projecting on the whole package because of the athleticism and the possibility that the secondaries progress with a focus on baseball.",,
2021,"38",,,"Michael Braswell","SS","18.7694444","6' 1""","175","R","R","Campbell HS",,"40+","Med","Braswell is a plus athlete with a plus frame, he's a lock at shortstop, and he has hit in games. He also has good general feel and baseball acumen. There's a chance all the components become average or better if the frame actualizes, but Braswell's a little old for the class so there's a bit more risk that since it hasn't yet, it simply won't.",,
2021,"39",,,"Noah Smith","SS","18.5805555","6' 2""","185","R","R","Marist HS",,"40+","Med","He's not especially athletic nor explosive but Smith is a smooth, fundamentally sound infield defender who'll likely play second base if he can't stay at shortstop. His carrying tool is the bat-to-ball skills. He has excellent barrel control and feel to hit, as well as a fairly projectable frame that might enable him to grow into power. He could end up in a shift-aided infield role if his body is thicker than I anticipate it will be at maturity, but if that's true he's probably also outgrown my power projections, which will be fine.",,
2021,"40",,,"Jonathan Cannon","SP","20.8805555","6' 6""","205","R","R","Georgia",,"40+","Med","A sophomore-eligible sinker/slider guy with a workhorse build, Cannon has been up to 97 but mostly sits 92-94. He has a four-pitch mix, and just needs a full season of innings for scouts to see changeup and curveball quality, which he lacked in 2020 due to the pandemic. His stuff ticked up during the 2020 summer but he'll be entering 2021 having just recovered from mono, so he shouldn't be dismissed even if he comes out of the gate slowly.",,
2021,"41",,,"Christian MacLeod","SP","21.15","6' 3""","215","L","L","Mississippi State",,"40+","Med","One of three Mississippi State pitchers who could go in this range, MacLeod is a deceptive pitchability lefty, wielding a sneaky low-90s fastball. His out pitch is a curveball.",,
2021,"42",,,"Kevin Abel","SP","22.2972222","6' 1""","195","R","R","Oregon State",,"40+","Med","Abel dominated as a freshman in the College World Series clinching game for the Beavers with an ordinary average fastball/breaker but a plus changeup and plus feel. He was doing well in his sophomore year before blowing out and needing Tommy John surgery. He's back for 2021.",,
2021,"43",,,"McCade Brown","SP","21.0583333","6' 6""","225","R","R","Indiana",,"40+","Med","Brown enjoyed a velocity uptick between his freshman and sophomore year and has retained it, sitting 92-96 in the Fall of 2020. He has a viable four-pitch mix and starter's control despite some mechanical violence.",,
2021,"44",,,"Joe Mack","C","18.4416666","6' 1""","203","L","R","Williamsville East HS",,"40+","High","Mack is a lefty-hitting catcher with a big frame, above-average bat speed, and an upright, kind of stiff swing. He might catch and play some 3B/2B.",,
2021,"45",,,"Steven Hajjar","SP","20.8305555","6' 4""","205","R","L","Michigan",,"40+","Med","Hajjar missed freshman year with a torn ACL suffered while playing pickup basketball and sat 87-91 in 2020, but has a very deceptive delivery, his slider breaks very late, and he is arguably still projectable due to his frame, injury, and cold weather background.",,
2021,"46",,,"Shane Panzini","SP","19.6","6' 2""","205","R","R","Red Bank Catholic HS",,"40+","Low","He's old for the class and not at all projectable, but Panzini has real stuff, including a mid-90s fastball that plays at the letters and the makings of two good breaking balls.",,
2021,"47",,,"Alex Mooney","SS","18.9166666","6' 1""","170","R","R","Orchard Lake St. Mary's Prep HS",,"40+","Med","Mooney is old for the class, but he's also a well-balanced player with above average potential tools across the board.",,
2021,"48",,,"Gage Jump","MIRP","18.15","5' 11""","170","L","L","JSerra Catholic HS",,"40+","High","Jump is coming along at an opportune time, when his underlying fastball traits are more desired than ever across the industry. His fastball has near perfect backspin and a flat approach angle, which enables it to miss bats at the top of the zone with impunity even though he only sits about 92, Ã  la Colin Poche, Kris Bubic and (again, this is just an arm stroke/fastball traits/angle comp) Clayton Kershaw. He also has a biting 12-6 curveball, and a slider and changeup that aren't switched on just yet. Jump struggles to throw strikes. He lacks overt physical projection but he could have an elite fastball if he can develop even just a bit more velocity. He has a big ceiling, and a realistic fastball-dominant relief low-end outcome. ",,
2021,"49",,,"Jose Torres","SS","21.6888888","6' 0""","165","R","R","North Carolina State",,"40+","High","Torres was of interest as a high school prospect but his age and rawness pushed him to NC State. He had a strong, surface-level performance as a hitter in the shortened 2020 season but also struck out in nearly a third of his plate appearances. He's a lock to stay at shortstop, with a chance to hit for power so long as the whiffs aren't as much of a problem as they seem. He's played very little for a college player his age.",,
2021,"50",,,"Cody Schrier","SS","18.2583333","6' 1""","175","R","R","JSerra Catholic HS",,"40+","Med","Schrier is a very athletic swinger with a smaller frame and infield athleticism. He's the classic underrated type without overt frame-based projection, but a hit tool that will carry him.",,
2021,"51",,,"Troy Melton","SP","20.5083333","6' 4""","195","R","R","San Diego State",,"40+","Med","Melton's fastball averaged about 90 mph in 2020 and yet he pitched well, striking out 26 in 22 innings before the shutdown. Then he arrived in the Fall and was 92-96. His slider is also much, much harder now, in the 84-88 range rather than hovering around 80. Melton's delivery comps to Casey Mize's, which isn't necessarily good. He's a pre-draft breakout candidate. He's also one of the youngest juniors in the country.",,
2021,"52",,,"Eric Cerantola","SIRP","21.0944444","6' 5""","222","R","R","Mississippi State",,"40+","High","Cerantola is a lanky, late-blooming Canadian arm who had a velo spike in the Fall before his freshman year in Starkville, and is now up to 97. He mostly pitched 92-95 before the 2020 shutdown and worked heavily with his fastball, though he has a plus curveball, as well. His cross-bodied delivery creates quite a bit of reliever risk but he has starter-quality stuff.",,
2021,"53",,,"Luke Leto","1B","18.2805555","6' 2""","190","L","R","Portage Central HS",,"40+","High","Leto is a very stiff, first base-only prospect with a strong hit and power combination.","YOmkDJnKVwU",
2021,"54",,,"Hunter Goodman","1B","21.6611111","6' 0""","205","R","R","Memphis",,"40","High","Goodman had a big freshman year and has plus raw power, an aggressive approach, some stiffness, and little chance to catch.",,
2021,"55",,,"Bryce Miller","SIRP","22.7861111","6' 2""","190","R","R","Texas A&M",,"40","High","Miller spent his freshman year at Blinn College then pitched out of the Aggies bullpen as a sophomore and junior. He was passed over in the 2020 draft despite sitting 94-97 in outings that were often seen by decision-makers in to scout Asa Lacy and Christian Roa. Now he'll move into the Aggies rotation and has a chance to blow up if he shows he can hold his velocity deep into games as a starter. He'll also need to show a starter's pitch mix. He could be a very signable, early underslot pick.",,
2021,"56",,,"Chase Silseth","SP","21.05","6' 0""","200","R","R","Arizona",,"40","High","Silseth pitched for the College of Southern Nevada in 2020. There he was up to 96, flashed a plus splitter and slider, but wasn't drafted and ended up at Arizona. He's still touching 96 but is now working with two breaking balls, which blend but flash 55/60 on the scale. He's a 2021 breakout candidate likely to be the Wildcats Friday night starter.",,
2021,"57",,,"Zack Gelof","3B","21.6305555","6' 3""","210","R","R","Virginia",,"40","Low","Gelof has a very intense swing and hit for significantly more power during his very short sophomore year than he did as a freshman. He's a well-rounded third base prospect whose hit/power combination has to carry him.",,
2021,"58",,,"Ryan Cusick","SIRP","21.5666666","6' 6""","215","R","R","Wake Forest",,"40","High","Cusick has had issues with walks (he walked nearly a batter per inning in a shortened 2020) but he also has nasty, late-inning stuff (he K'd nearly two batters per inning). He'll touch 99 and his low-80s power slurve is plus when it's located. He's tracking like a power reliever.",,
2021,"59",,,"Sean Burke","SP","22.4666666","6' 6""","230","R","R","Maryland",,"40","High","Burke is a really athletic (he was a good high school hooper) 6-foot-6 righty who had TJ near the end of his senior year in high school, then missed his entire true freshman season rehabbing. The start of his sophomore year (22 innings, 35 strikeouts) was electric, as Burke was up to 95 and has a vertically-oriented fastball/curveball combo. Though he was often seen on the high school showcase circuit, he lacks any sort of extended track record with his more mature physicality.  ",,
2021,"60",,,"Mason Pelio","SIRP","20.8916666","6' 3""","230","R","R","Boston College",,"40","High","Pelio has been up to 98 over the winter after sitting about 91 in 2020. He also has a plus changeup, but his breaking balls rely on his low-ish arm slot to play.","fooHCS5zSIY",
2021,"61",,,"Mason Black","SIRP","21.4888888","6' 3""","210","R","R","Lehigh",,"40","High","Black has mostly been seen during summer ball, both on the 2019 Cape (he pitched well enough there to start the All-Star Game) and in the 2020 South Florida Collegiate Baseball League, where he won Pitcher of the Year. He missed a huge chunk of his freshman year due to an appendectomy, then only made a handful of collegiate 2020 starts due to the pandemic. He shortened his arm swing over the summer but his arm action is still pretty long, and Black has an intense, demonstrative mound presence that I think fits in a bullpen. He'll sit in the mid-90s with tail on his two-seamer, movement that pairs well with a changeup, though the rest of his repertoire is a work in progress. How his four-seamer, utility knuckle curve and slider look in 2021 may dictate whether teams project him as a starter.",,
2021,"62",,,"Tommy Mace","SP","22.5694444","6' 6""","210","R","R","Florida",,"40","Med","Mace has a prototypical frame and a four-pitch mix that, based on his 2020 look, needed a little tweaking. Mostly, his breaking balls need more varied shape and vertical depth to be more effective. If he can show an ability to locate more slider/curveball breaking stuff (rather than cutter/slider) to his arm side, then he'll likely go toward the back of the first round.","k_zjkZW86Do",
2021,"63",,,"Noah Cardenas","C","21.7388888","6' 1""","190","R","R","UCLA",,"40","Low","Cardenas is a glove-oriented catcher whose hit tool might carry enough weight to make him a regular, but he's more likely a high-probability backup.",,
2021,"64",,,"Doug Nikhazy","SP","21.8194444","5' 11""","205","L","L","Ole Miss",,"40","Low","Nikhazy only sits 88-90 or so, but his fastball has sneaky carry because of its angle and spin axis. He commands the hell out of it, as well as two above-average breaking balls.","Z6Vh6fG9myM",
2021,"65",,,"Mike Vasil","SP","21.2138888","6' 4""","201","L","R","Virginia",,"40","High","Vasil was a big time high school prospect who, at his best, was 93-96 with plus breaking stuff. He got hurt in the middle of his senior spring and only came back a short time before the draft. Though he had returned to form, he decided to go to Virginia (the school is good at convincing kids to matriculate) and his body and stuff had backed up for his freshman year there. He's basically been living in the low-90s since then, with a backend starter's four-pitch mix. But the possibility of a return to the mid-90s looms ahead of his draft year. ","m2OcV1yoX7M",
2021,"66",,,"Mitchell Bratt","SP","17.925","6' 4""","175","L","L","New Market HS",,"40","High","A gangly trebuchet, Bratt only throws in the mid-80s right now but he's a wispy 6-foot-4 and has unusual feel for both a 12-6 curveball and a changeup.",,
2021,"67",,,"Joshua Stewart","SP","18.1361111","6' 2""","180","R","R","St. Dominic Savio HS",,"40","High","One of a few prep arms in Texas with a shot to really blow up, Stewart sits 92-95 with a tight arm action and feel for two breaking balls. He's quite athletic and relatively projectable.",,
2021,"68",,,"John Rhodes","3B","20.8083333","6' 0""","200","R","R","Kentucky",,"40","High","Rhodes became eligible when the draft date moved due to COVID. He was a high school catcher who was told never to catch again due to a broken bat. He has a well-rounded collection of tools but basically no track record of performance due to a shortened freshman season.",,
2021,"69",,,"Michael McGreevy","SP","20.9111111","6' 4""","100","R","R","UC Santa Barbara",,"40","High","A converted infielder with a huge frame, McGreevy has added significant velocity over the last year. He sat 90-92 throughout most of 2020 but was into the mid-90s during the Fall. He was working with four pitches in 2020 and has feel for spinning both breaking balls. There are obvious late-bloomer traits here.",,
2021,"70",,,"Caedmon Parker","SP","18.0083333","6' 5""","185","R","R","The Woodlands Christian HS",,"40","High","Parker's stuff has been trending up for a while and he's so projectable that it may not stop any time soon. He had one very strong inning in his first start of the spring and flashed a 70-grade curveball before falling off later in the outing. ",,
2021,"71",,,"James Wood","1B","18.7194444","6' 6""","230","L","L","IMG Academy",,"40","High","Wood is a giant corner power bat whose swing is actually pretty short for how large he is. He's 1B/DH only so he has to rake. It's a scary profile with huge power potential.",,
2021,"72",,,"Andrew Abbott","MIRP","22.0138888","5' 11""","175","L","L","Virginia",,"40","Med","Abbott worked out of the Cavalier bullpen during his first three years at school, often pitching several innings at a time, and he amassed 28 strikeouts in 13 innings before the 2020 shutdown. Despite being draft-eligible in 2020 and having K'd lots of hitters at a prominent school and for Team USA, Abbott was undrafted because many teams didn't project him as a starter due to lack of pinpoint feel to pitch. Abbott has a pretty strong three-pitch mix, but doesn't throw all that hard for a potential reliever, peaking in the 94-95 range rather than sitting there. He worked as a starter during Virginia's Fall practices and could be a in the second or third round mix with a good spring.",,
2021,"73",,,"Ryan Bergert","SIRP","21.2444444","6' 1""","210","R","R","West Virginia",,"40","High","Bergert had Tommy John over the winter but teams (like the Dodgers) have taken fliers on injured college arms with good pitch characteristics before, and Bergert has several. He'll bump 95 with carry and has premium spin rates. ",,
2021,"74",,,"Lonnie, Jr. White","CF","18.4333333","6' 1""","195","R","R","Malvern Prep HS",,"40","High","White changed his commitment from Clemson baseball to Penn State football (WR). He has center field skills, and a chance for above average raw power. ",,
2021,"75",,,"Irv Carter","SP","18.6611111","6' 4""","200","R","R","Calvary Christian HS",,"40","Med","Carter had the best bullpen of all the prospects at the 2020 Breakthrough Series and commands three pitches from vertical slot similar to Simeon Woods Richardson from a few years ago.",,
2021,"76",,,"Joe Rock","SIRP","20.8527777","6' 5""","180","L","L","Ohio",,"40","High","Rock is an ultra-projectable lefty with a tailing mid-90s fastball/slider combo.",,
2021,"77",,,"Sam Bachman","SIRP","21.6833333","6' 1""","225","R","R","Miami (OH)",,"40","Med","A low-slot slingin' relief prospect, Bachman sat 91-94 in 2020 and showed a velo bump in the Fall, now working 94-96 with huge tail. His slider lacks movement on its own but plays because of Bachman's arm slot, and the slot also creates some tailing action on his changeup.",,
2021,"78",,,"Max DeBiec","SP","18.2666666","6' 6""","190","R","R","O'Dea HS",,"40","High","Debiec is a giant-framed high schooler who looks like he could carry 40 more pounds, which might result in him having premium velocity. He has a very long arm action and average secondary stuff.",,
2021,"79",,,"Ben Kudrna","RHP","18.35","6' 3""","183","R","R","Blue Valley SW HS",,"40","High","Kudrna has a big frame, a really loose and flexible delivery, and is well-balanced, up to 94, sitting 89-92. His slider is fringy.",,
2021,"80",,,"Will Bednar","SIRP","20.9805555","6' 2""","230","R","R","Mississippi State",,"40","High","Brother of Padres prospect David Bednar, Will is a strong-bodied righty who has been up to 96 and has some feel for a loopy, shapely curveball and a harder slider. He had shoulder tendonitis as a prep senior, which helped push him to school, and will be a draft-eligible sophomore for the Bulldogs. He's not especially athletic but could have a plus fastball/slider combo that enables him to pitch in relief. ",,
2021,"HS-P-1",,,"Eric Silva","SP","18.675","5' 11""","185","R","R","Laguna Hills HS",,"35+","Med","A short, athletic pitchability righty, Silva sits about 89-93 and touches 94. He throws strikes with much more consistency than most high schoolers, let alone ones who throw in the low-90s. Because of how athletic he is, there's a chance he ends up with impact, pinpoint command at peak. Silva's curveball has bat-missing bite when it's below the zone but is nasty when it's up a bit, including when Silva tries to back door it. If he can find a breaking ball with more lateral action to run away from righties, he has backend starter traits.",,
2021,"HS-P-2",,,"Luke Jewett","SP","18.5555555","6' 4""","200","R","R","JSerra Catholic HS",,"35","High","Jewett was 90-94 during his pre-draft summer then had PRP during the offseason. He throws strikes middle-away with consistency but I'm not sure his delivery allows him to do it all over the zone. He executes his breaking ball to the glove side as well. Has a really great pitcher's frame, though it's a little more mature and physical than a typical high school pitcher.",,
2021,"HS-P-3",,,"Camron Hill","SP","17.975","6' 6""","220","L","L","Whitewater HS",,"35","High","Hill is a frame-based projection lefty with below average stuff.",,
2021,"HS-P-4",,,"Aaron Calhoun","SP","18.6833333","5' 11""","165","R","R","Clear Brooks HS",,"35","Med","Calhoun is a short righty up to 94, with less polished command than similar frames/velos in this class (Eric Silva), and two fringe breakers.",,
2021,"HS-H-1",,,"Rob, IV Gordon","2B","18.8472222","6' 2""","175","R","R","Home Schooled",,"35+","High","Gordon is not a lock to stay at shortstop, and modest athleticism and arm strength might instead push him to second base. He has sneaky pull-side power and punishes pitches left on the inner half, but his swing has less impact in other parts of the zone. Gordon's combination of up-the-middle profile, pull power, and physical projection give him a fairly high ceiling if you project on his swing's playability.",,
2021,"HS-H-2",,,"Jordan McCants","SS","19.0416666","6' 1""","160","L","R","Pensacola Catholic HS",,"35","High","McCants is a frame-based upside infielder. His in-game swing doesn't really play at present.",,
2021,"COL-P-1",,,"Nick Nastrini","SP","21.3","5' 11""","204","R","R","UCLA",,"35+","Med","Nastrini doesn't throw all that hard but his delivery is very deceptive and seems to make hitters uncomfortable, and both his secondary pitches have bat-missing action. He was a little bit wild during pre-shutdown 2020 and dealt with Thoracic Outlet Syndrome in 2019. In some ways he's like Ole Miss lefty Nikhazy, but the 2019 injury and 2020 strike-throwing hiccup slides him a tad. He has backend starter stuff. ",,
2021,"COL-P-2",,,"Rodney Boone","SP","21.1583333","6' 1""","195","L","L","UC Santa Barbara",,"35+","High","A very deceptive lefty with a flexible back, Boone's arm whips behind his torso as he heads home, then suddenly appears out from behind his head. He has a very flat fastball that plays at the top of the zone despite not coming in very hard, often in the mid- to upper-80s. He also has a good changeup, and his breaking ball has big spin. He's a very interesting backend starter prospect who has more ceiling if he can throw harder.",,
2021,"COL-H-1",,,"Myles Austin","SS","21.3305555","6' 3""","177","R","R","Chipola College",,"35+","High",,,
2021,"COL-H-2",,,"Jerrion Ealy","CF","20.7972222","5' 10""","192","R","R","Ole Miss",,"35+","High","Ealy is a two-sport athlete with an unprojectable frame and flat swing. He has more baseball feel than the usual background.",,
2022,"1",,,"Elijah Green","CF","18.5","6' 1""","185","R","R","IMG Academy",,"45+","High","A prospect on par with the top of the international amateurs, Green has power, speed, he's short to the ball, he can wait back on offspeed stuff, he has great plate coverage and barrel control, and his swing isn't yet as athletic as it could be. It's rare for a high school prospect to top a future draft list at this site.",,
2022,"2",,,"Hunter Barco","SP","21.4694444","6' 4""","208","L","L","Florida",,"45","High","Barco was on the radar early and drawing comps to lower-slot elite lefties in the draft like Madison Bumgarner did when he was a prep underclassman. His velo was around 88-91 with a lower slot most of the showcase circuit, then he showed mostly 90-93, touching 96 mph this spring, sometimes flashing a consistently solid average slider and at other times struggling to land it. His low-spin splitter is a true plus pitch if not closer to 70. He was shut down late in the season with a shoulder muscle strain but hit 96 mph in a private predraft workout with Milwaukee, so the health scare looks to be behind him. Clubs that like the separator splitter, two-way athleticism, and deceptive velo will bet they can figure out the command/breaker, while others see a lefty with inconsistent stuff and arm slot who relies on a splitter.",,
2022,"3",,,"Bryce Osmond","SP","21.7472222","6' 3""","175","R","R","Oklahoma State",,"45","High","Osmond was 93-95 with a plus slider during summer ball after the shutdown.",,
2022,"4",,,"Peyton Graham","3B","21.3555555","6' 3""","180","R","R","Oklahoma",,"45","High","Graham was a rail-thin shortstop at a smaller Texas high school, and is now broad-shouldered third baseman at Oklahoma. He showed well during the 2020 Shriner's Classic. He has feel to hit, a great glove, and a chance to grow into power.",,
2022,"5",,,"Spencer Jones","1B/LHP","21.0555555","6' 7""","205","L","L","Vanderbilt",,"45","High","The game was too fast for Jones during his freshman foray. I'm still betting on his unusual athleticism for his size. He could bust out as a hitter or pitcher but he likely won't pitch in 2021 due to TJ recovery. He's on the Ohtani post-surgery regimen.",,
2022,"6",,,"Connor Prielipp","SP","21.4","6' 1""","195","L","L","Alabama",,"45","High","Prielipp is a lefty with mid-90s heat, and a plus-plus upper-80s slider. He was a little wild as a freshman but the arm strength was relatively new. He's on the Carlos Rodon track.",,
2022,"7",,,"Termarr Johnson","SS","17.9805555","5' 8""","140","L","R","Mays HS",,"45","High","Johnson is an advanced high school bat without a ton of physical projection.",,
2022,"8",,,"Trey Faltine","SS","21.4055555","6' 3""","185","R","R","Texas",,"40+","High","Faltine was a two-way high schooler, but is now a well-rounded shortstop.",,
2022,"9",,,"Dylan Lesko","SP","18.7416666","6' 3""","170","R","R","Buford HS",,"40+","High","Lesko has had a velo spike and was 95-97 before the 2021 season began. His delivery is not excessively violent.",,
2022,"10",,,"Andruw Jones","CF","18.5166666","6' 2""","175","R","R","Wesleyan HS",,"40+","High","Jones has surprising power for his age and frame.",,
2022,"11",,,"Logan Tanner","C","21.5666666","6' 2""","195","R","R","Mississippi State",,"40+","High","Tanner is a catcher with power and viable bat-to-ball skills.",,
2022,"12",,,"Nate Savino","SP","20.3611111","6' 3""","195","L","L","Virginia",,"40+","High","Savino's velocity climbed from the 89-93 range in 2018 games, up to the 91-94 range, touching 96 early in the summer of 2019. He also has an above-average, two-plane breaking ball in the upper-70s. His arm action is long and, overall, the delivery is atypical. He was ticketed for the middle of the first round when, in November of 2019, he announced plans to early enroll in Virginia in lieu of playing his high school senior year. This move has happened some recently, with current Diamondbacks RHP J.B. Bukauskas (Virginia HS, North Carolina) doing so en route to being a first round pick and 2021 first round center field prospect Jud Fabian going to Florida early from a Florida HS. Virginia also has a history of getting top prep arms on campus, with Mike Vasil the most recent example.",,
2022,"13",,,"Brandon Sproat","SP","21.7138888","6' 2""","175","R","R","Florida",,"40+","High","Sproat has elite arm strength, significant relief risk, and needs second out pitch.",,
2022,"14",,,"Alex Milazzo","C","21.8416666","5' 10""","185","R","R","LSU",,"40+","Med","Milazzo is a well-rounded catcher who had fantastic pre-shutdown 2020.",,
2022,"15",,,"Josh Rivera","3B","21.65","6' 2""","205","R","R","Florida",,"40+","High","Rivera is a tooled-up SS/3B with hit tool questions.",,
2022,"16",,,"Chris Newell","RF","21.1138888","6' 2""","190","L","L","Virginia",,"40+","High","Newell is a tooled-up center fielder with hit tool questions.",,
2022,"17",,,"Robert Moore","SS","20.1777777","5' 9""","160","S","R","Arkansas",,"40+","Med","Moore is a polished middle infielder with plus hands and actions, who runs well, and has a contact bat.",,
2022,"18",,,"Brooks Lee","SS","21.3055555","6' 1""","180","S","R","Cal Poly",,"40+","High","Lee was a toolsy overslot high school candidate. A back injury made looks tough in 2020.",,
2022,"19",,,"Maurice, Jr. Hampton","CF","20.8416666","6' 0""","195","R","R","LSU",,"40+","High","Hampton was a hot name over the summer for his loud, 105+ mph batted balls and his big time tools and model-friendly age at 17.9 on draft day. This spring, teams have continued to doubt his ability to hit, with a raw feel to hit that some think may never come all the way around, but the power/speed/defense to still project as a low-end regular without a 50+ hit tool. He's playing safety for LSU football as well, backing up likely first rounder Grant Delpit.",,
2022,"20",,,"Brennan Milone","3B","21.0777777","6' 1""","180","R","R","South Carolina",,"40","Med","Milone is a polished college bat type who is likely to perform at a big school.",,
2023,"1",,,"Tanner Witt","RHP","20.9","6' 5""","200","R","R","Texas",,"45","Witt is not on some teams' draft boards. Texas is ","Witt is a prototypical high school pitching prospect with a big frame, picturesque delivery, and curveball feel.",,
2023,"2",,,"T.J. Nichols","RHP","20.9472222","6' 3""","170","R","R","Arizona",,"45",,"Nichols was up to 94 during summer showcase looks in high school, but had a projectable frame and good breaking ball. Now he's throwing a lot harder (up to 97) and has a power slider.",,
2023,"3",,,"Carson Montgomery","RHP","20.8111111","6' 2""","200","R","R","Florida State",,"45",,"Montgomery is a young-for-the-class righty who shows all the elements with size, starter traits, mid-90's velo and above average stuff. His delivery may turn some teams off, but it's also what helps him create vertical action on the curveball.","8ApUq-asA-Y",
2023,"4",,,"Dylan Crews","RF","21.275","6' 0""","190","R","R","LSU",,"40+",,"Crews is one of the best athletes in this high school crop but he didn't hit well last summer and is likely headed to LSU. He could be 1-1 three years from now.","yuOejbqs8OA",
2023,"5",,,"Drew Bowser","3B","21.675","6' 3""","205","R","R","Stanford",,"40+",,"Bowser is listed as a 3B/SS but his body projects to first base. He has an upright swing, but his hands really work. Power came on late in the summer and Fall.",,
2023,"6",,,"Christian Little","RHP","19.9166666","6' 2""","195","R","R","Vanderbilt",,"40+",,"Little reclassified from the 2021 class. He's young for the class, with a big frame and ultra smooth delivery but doesn't repeat. He's into the mid-90s with good breaking stuff and some changeup feel.","vYp2Sf8a1pc",
2023,"7",,,"Kevin Parada","C","21.8388888","6' 0""","200","R","R","Georgia Tech",,"40+",,"Parada has an above average arm and can stick behind the plate, and he shows some upside with the stick.",,
2023,"8",,,"Elijah Nunez","CF","21.4972222","5' 9""","165","L","L","TCU",,"40+",,"Nunez is a squatty center fielder who has plus speed, sneaky strength and feel to hit.",,
2023,"9",,,"Jace Bohrofen","RF","21.6277777","6' 2""","195","L","R","Oklahoma",,"40+",,"Bohrofen is a projectable corner outfield prospect who began growing into more power throughout 2019. ",,
2023,"10",,,"Alejandro Rosario","RHP","21.4138888","6' 1""","170","R","R","Miami",,"40+",,"Rosario was an old-for-the-class 2021 prospect but reclassified a year in advance to the 2020 class. He works 92-95 and hits 97 with life, strikes, a solid arm action and some starter traits.","S0G4mIFH5YE",
2023,"11",,,"Cam Collier","3B","18.5416666","6' 1""","190","L","R","Mt. Paran Christian HS",,"40+",,"Collier has a mature frame, swing, feel, and strength. He committed as a 14-year-old, which is very rare.",,
2023,"12",,,"Caden Grice","LHP/1B","20.9722222","6' 5""","220","L","L","Clemson",,"40+",,"Grice is an athletic-for-his-size two-way prospect. He has fringe stuff but huge projection due to his size, and same goes for the power.",,
2023,"13",,,"Ethan Robinson","RHP","18.8472222","6' 3""","177","R","R","Donelson Christian HS",,"40+",,"Robinson has an ideal pitcher's frame with balanced, athletic mechanics. He's 90-92 with some ride and breaking ball feel. He's very similar to Mick Abel at the same stage, and has big time physical projection.",,
2023,"14",,,"Corey Collins","C","21.6527777","6' 3""","205","R","R","Georgia",,"40+",,"Collins has big, strength-based raw power that he gets to in games to all fields. An improved physique gives him a chance to stick behind the plate and has made him a 45 runner. He had a 2.01 pop at PG National.",,
2023,"15",,,"Cade Horton","RHP/SS","21.7916666","6' 2""","190","R","R","Oklahoma",,"40+",,"Horton is a legit two-way prospect who has been up to 95 on the mound with a 45/50 slider. He has a 6 arm (duh) with some pop and feel to hit. He may be a third baseman.",,
2023,"16",,,"Chase Davis","RF","21.5","6' 1""","210","L","L","Arizona",,"40+",,"Davis has fast hands, bat control, and breaking ball recognition. He's a plus runner with lift in the swing. It's a Nick Williams body/skillset but Davis' approach might be better.",,
2023,"17",,,"Kyle Teel","C","21.3055555","6' 0""","180","L","R","Virginia",,"40+",,"Teel is twitchy with catch and throw skills, above average bat speed and good performance this summer.",,
2023,"18",,,"Robby Ashford","CF","20.6777777","6' 4""","210","R","R","Oregon",,"40+",,"Ashford is young for the class and is a supreme athlete who was committed to Ole Miss as a center fielder and quarterback, following in the footsteps of 2019 centerfield prospect/WR Jerrion Ealy and CF/QB John Rhys Plumlee, but Ashford decommitted late in the process and signed with Oregon instead. He's next in a long line of athletic dual-threat QB and center fielders: Plumlee, Kyler Murray, Justin Fields, Brandon McIlwain, etc.",,
2023,"19",,,"Yohandy Morales","3B","21.6555555","6' 4""","180","R","R","Miami",,"40+",,"Morales is big and will likely turn into a physical monster, already with big power and some body control, so there's top-10 overall pick potential if it clicks, but his hitting actions are odd.","5MnLngWmO9A",
2023,"20",,,"Nick Griffin","LHP/RF","20.9861111","6' 4""","175","L","L","Arkansas",,"40+",,"Griffin has an ideal frame, throws in the low-90s with a smooth delivery (but doesn't repeat yet), and can really spin a curveball.",,