LG,TM,LAST,FIRST,IMAG W,IMAG L,IMAG ERA,IMAG GS,IMAG SV,IMAG IP,IMAG H,IMAG BB,IMAG K,IMAG HR,,,,,
AL,BO,Akin,Keegan,3,6,5.25,16,0,72,75,36,81,12,,,,,
AL,BO,Armstrong,Shawn,3,1,3.21,0,0,42,33,15,43,5,,,,,
AL,BO,Bleier,Richard,0,0,2.25,0,0,8,6,1,7,0,,,,,
AL,BO,Carroll,Cody,0,0,24.00,0,0,6,14,8,7,1,,,,,
AL,BO,Castro,Miguel,2,1,4.09,0,5,44,44,18,54,7,,,,,
AL,BO,Cobb,Alex,7,12,4.68,27,0,146,153,47,105,25,,,,,
AL,BO,Eshelman,Thomas,7,7,4.97,11,0,96,107,25,55,18,,,,,
AL,BO,Fry,Paul,3,3,3.19,0,0,62,60,26,70,10,,,,,
AL,BO,Fulmer,Carson,1,1,4.97,0,0,29,26,14,30,3,,,,,
AL,BO,Givens,Mychal,1,1,2.68,0,0,37,26,16,50,4,,,,,
AL,BO,Harvey,Hunter,1,3,4.13,0,0,24,22,9,21,5,,,,,
AL,BO,Hess,David,0,0,5.85,0,0,20,25,6,11,4,,,,,
AL,BO,Kline,Branden,0,0,3.86,0,0,14,11,7,16,1,,,,,
AL,BO,Kremer,Dean,2,3,5.19,11,0,52,49,28,52,6,,,,,
AL,BO,Lakins,Travis,7,6,3.75,0,1,72,71,36,64,9,,,,,
AL,BO,LeBlanc,Wade,3,3,6.71,16,0,63,76,22,41,15,,,,,
AL,BO,Lopez,Jorge,5,7,6.03,16,0,109,124,38,89,20,,,,,
AL,BO,Means,John,7,10,4.80,27,0,122,116,27,103,29,,,,,
AL,BO,Milone,Tommy,2,8,4.67,16,0,81,90,16,75,15,,,,,
AL,BO,Phillips,Evan,1,1,4.73,0,0,40,39,25,48,5,,,,,
AL,BO,Scott,Tanner,2,3,2.33,0,1,58,40,29,70,4,,,,,
AL,BO,Sulser,Cole,2,8,4.92,0,17,64,55,39,62,8,,,,,
AL,BO,Tate,Dillon,1,3,4.21,0,0,47,39,16,36,6,,,,,
AL,BO,Valdez,Cesar,1,1,3.15,0,5,40,33,9,30,4,,,,,
AL,BO,Wojciechowski,Asher,3,10,6.20,19,0,103,119,41,89,29,,,,,
AL,BO,Zimmermann,Bruce,0,0,6.30,3,0,20,20,8,17,5,,,,,
AL,BR,Barnes,Matt,3,6,4.08,0,17,64,50,38,88,10,,,,,
AL,BR,Brasier,Ryan,3,1,4.24,2,0,70,66,27,76,9,,,,,
AL,BR,Brewer,Colten,3,5,4.94,11,0,71,78,36,65,12,,,,,
AL,BR,Brice,Austin,3,1,5.40,2,0,55,52,28,64,8,,,,,
AL,BR,Covey,Dylan,0,1,6.00,0,0,39,47,10,30,6,,,,,
AL,BR,Eovaldi,Nathan,8,6,4.06,24,0,133,137,32,132,22,,,,,
AL,BR,Godley,Zack,3,8,6.49,19,0,79,98,37,72,19,,,,,
AL,BR,Hall,Matt,0,3,10.88,3,0,24,35,18,24,4,,,,,
AL,BR,Hart,Kyle,0,1,9.58,8,0,31,49,19,30,8,,,,,
AL,BR,Hembree,Heath,3,1,5.00,0,0,27,26,10,29,5,,,,,
AL,BR,Hernandez,Darwinzon,1,0,3.13,0,0,23,16,19,33,2,,,,,
AL,BR,Houck,Tanner,5,0,3.26,8,0,47,35,24,46,5,,,,,
AL,BR,Kickham,Mike,1,1,6.00,5,0,39,50,14,38,10,,,,,
AL,BR,Leyer,Robinson,0,0,11.77,3,0,13,22,14,18,5,,,,,
AL,BR,Mazza,Chris,4,6,5.16,16,0,82,93,34,68,11,,,,,
AL,BR,Osich,Josh,1,1,5.11,3,0,44,45,15,47,11,,,,,
AL,BR,Perez,Martin,9,14,4.76,32,0,172,171,73,127,23,,,,,
AL,BR,Pivetta,Nick,2,0,3.54,5,0,28,26,12,32,4,,,,,
AL,BR,Springs,Jeffrey,1,3,5.53,0,0,57,67,23,70,12,,,,,
AL,BR,Stock,Robert,1,1,4.14,0,0,37,39,22,40,3,,,,,
AL,BR,Tapia,Domingo,0,0,3.75,0,0,12,12,5,10,2,,,,,
AL,BR,Taylor,Josh,1,1,6.30,0,0,20,19,11,21,4,,,,,
AL,BR,Triggs,Andrew,0,1,4.09,5,0,22,22,8,20,5,,,,,
AL,BR,Valdez,Phillips,5,5,4.23,0,0,83,90,37,74,9,,,,,
AL,BR,Walden,Marcus,1,5,7.05,0,1,37,50,21,30,10,,,,,
AL,BR,Weber,Ryan,7,10,4.76,14,0,119,131,37,76,20,,,,,
AL,BR,Workman,Brandon,0,0,3.79,0,13,19,20,10,24,2,,,,,
AL,CH,Anderson,Drew,0,1,20.25,0,0,4,7,3,4,3,,,,,
AL,CH,Bummer,Aaron,1,1,2.42,0,0,26,19,13,33,1,,,,,
AL,CH,Burdi,Zack,0,2,7.20,0,0,20,24,10,24,6,,,,,
AL,CH,Cease,Dylan,13,14,4.50,32,0,160,150,82,139,31,,,,,
AL,CH,Cishek,Steve,1,1,4.75,0,0,55,55,25,54,10,,,,,
AL,CH,Colome,Alex,5,1,2.47,0,38,62,47,22,52,5,,,,,
AL,CH,Cordero,Jimmy,5,6,4.86,0,0,74,80,32,62,8,,,,,
AL,CH,Crochet,Garrett,0,0,2.65,0,0,17,13,5,20,2,,,,,
AL,CH,Detwiler,Ross,3,3,4.00,0,0,54,56,15,42,8,,,,,
AL,CH,Dunning,Dane,8,4,4.35,19,0,93,85,38,86,14,,,,,
AL,CH,Flores Jr.,Bernardo,0,0,6.00,0,0,6,9,1,5,1,,,,,
AL,CH,Foster,Matt,9,4,3.23,4,0,78,58,27,84,9,,,,,
AL,CH,Fry,Jace,1,3,4.00,0,0,54,45,31,64,6,,,,,
AL,CH,Giolito,Lucas,13,9,3.62,32,0,199,148,76,251,25,,,,,
AL,CH,Gonzalez,Gio,7,8,4.76,11,0,87,98,44,84,15,,,,,
AL,CH,Hamilton,Ian,0,0,4.09,0,0,11,11,8,11,1,,,,,
AL,CH,Herrera,Kelvin,0,0,9.00,0,0,6,7,2,7,3,,,,,
AL,CH,Heuer,Codi,6,3,3.18,0,1,65,50,23,60,7,,,,,
AL,CH,Keuchel,Dallas,16,9,3.26,30,0,174,162,52,123,15,,,,,
AL,CH,Lambert,Jimmy,0,0,3.00,0,0,6,6,2,6,1,,,,,
AL,CH,Lopez,Reynaldo,6,8,5.55,22,0,73,76,33,67,19,,,,,
AL,CH,Marshall,Evan,5,3,3.43,0,0,63,53,25,72,7,,,,,
AL,CH,McRae,Alex,0,0,2.25,0,0,8,6,2,6,1,,,,,
AL,CH,Rodon,Carlos,0,5,6.00,5,0,21,23,9,19,3,,,,,
AL,CH,Ruiz,Jose,0,0,4.09,0,0,11,8,3,12,2,,,,,
AL,CH,Stiever,Jonathan,0,1,7.50,5,0,18,20,9,11,7,,,,,
AL,CI,Allen,Logan,0,0,4.03,0,0,29,32,16,23,4,,,,,
AL,CI,Bieber,Shane,19,6,2.63,32,0,209,158,47,283,23,,,,,
AL,CI,Carrasco,Carlos,12,9,3.42,32,0,184,160,62,213,26,,,,,
AL,CI,Cimber,Adam,1,2,4.35,0,0,31,35,8,18,4,,,,,
AL,CI,Civale,Aaron,13,12,4.55,32,0,200,217,45,174,31,,,,,
AL,CI,Clevinger,Mike,3,2,3.63,11,0,62,55,27,66,11,,,,,
AL,CI,Hand,Brad,5,3,2.85,0,39,60,42,16,77,4,,,,,
AL,CI,Hill,Cam,5,3,4.68,0,1,50,38,17,47,10,,,,,
AL,CI,Karinchak,James,3,6,2.71,0,14,73,42,41,128,4,,,,,
AL,CI,Leone,Dominic,1,1,6.58,0,0,26,31,13,35,6,,,,,
AL,CI,Maton,Phil,7,7,4.12,0,0,59,59,18,77,7,,,,,
AL,CI,McKenzie,Triston,7,6,4.30,16,0,90,76,30,94,16,,,,,
AL,CI,Nelson,Kyle,0,0,22.50,0,0,2,5,2,0,1,,,,,
AL,CI,Perez,Oliver,2,3,2.94,0,1,49,38,16,44,4,,,,,
AL,CI,Plesac,Zach,9,7,3.72,22,0,150,133,33,136,23,,,,,
AL,CI,Plutko,Adam,6,6,5.16,11,1,75,82,20,51,13,,,,,
AL,CI,Quantrill,Cal,0,1,3.38,5,0,40,39,10,34,6,,,,,
AL,CI,Wittgren,Nick,5,3,3.80,0,0,64,55,17,69,10,,,,,
AL,DT,Alexander,Tyler,5,8,4.54,6,0,107,117,25,91,21,,,,,
AL,DT,Boyd,Matthew,12,16,5.46,34,0,178,182,58,186,37,,,,,
AL,DT,Burrows,Beau,0,0,5.40,0,0,20,23,7,13,6,,,,,
AL,DT,Castro,Anthony,0,0,12.00,0,0,3,3,2,3,1,,,,,
AL,DT,Cisnero,Jose,6,6,3.93,0,0,87,79,38,91,8,,,,,
AL,DT,Farmer,Buck,3,1,4.29,0,0,63,59,22,49,9,,,,,
AL,DT,Fulmer,Michael,6,8,6.22,28,0,81,103,29,62,17,,,,,
AL,DT,Funkhouser,Kyle,1,1,6.00,0,0,51,58,30,40,8,,,,,
AL,DT,Garcia,Bryan,5,3,3.52,0,6,64,60,30,46,6,,,,,
AL,DT,Garcia,Rony,2,1,6.53,6,0,62,72,24,46,16,,,,,
AL,DT,Jimenez,Joe,3,6,5.24,0,30,67,66,22,71,16,,,,,
AL,DT,McKay,David,0,0,27.00,0,0,1,2,2,0,1,,,,,
AL,DT,Mize,Casey,2,8,5.96,20,0,83,89,31,69,18,,,,,
AL,DT,Norris,Daniel,9,7,4.00,3,0,81,78,24,75,9,,,,,
AL,DT,Nova,Ivan,2,3,6.75,11,0,56,66,19,31,11,,,,,
AL,DT,Ramirez,Nick,0,0,5.34,0,0,32,29,13,30,6,,,,,
AL,DT,Schreiber,John,1,2,5.09,0,0,46,49,14,42,6,,,,,
AL,DT,Skubal,Tarik,6,8,5.07,20,0,94,88,37,100,21,,,,,
AL,DT,Soto,Gregory,2,3,4.37,0,6,68,57,38,75,7,,,,,
AL,DT,Turnbull,Spencer,9,10,4.20,31,0,167,154,74,157,16,,,,,
AL,DT,Zimmermann,Jordan,0,1,6.35,6,0,17,26,5,14,2,,,,,
AL,HA,Abreu,Bryan,0,0,4.00,0,0,9,5,11,9,1,,,,,
AL,HA,Bailey,Brandon,0,0,3.60,0,0,20,18,9,15,3,,,,,
AL,HA,Biagini,Joe,0,0,11.25,0,0,12,20,7,11,2,,,,,
AL,HA,Bielak,Brandon,9,8,5.73,16,0,88,97,43,73,20,,,,,
AL,HA,Castellanos,Humberto,0,1,5.40,0,0,30,33,12,29,5,,,,,
AL,HA,De Jong,Chase,0,2,10.35,5,0,20,29,10,18,5,,,,,
AL,HA,Devenski,Chris,0,1,9.00,0,0,10,15,5,12,2,,,,,
AL,HA,Garcia,Luis,0,1,3.71,3,0,34,25,14,28,4,,,,,
AL,HA,Greinke,Zack,12,8,3.94,32,0,185,181,32,177,21,,,,,
AL,HA,James,Josh,2,1,5.63,5,0,48,40,36,60,9,,,,,
AL,HA,Javier,Cristian,10,7,4.20,27,0,150,119,70,160,30,,,,,
AL,HA,McCullers Jr.,Lance,12,8,3.85,30,0,152,132,60,157,15,,,,,
AL,HA,Osuna,Roberto,0,0,3.00,0,5,12,9,2,10,1,,,,,
AL,HA,Paredes,Enoli,8,8,4.03,0,0,58,50,34,62,6,,,,,
AL,HA,Peacock,Brad,0,0,6.00,0,0,6,6,3,7,0,,,,,
AL,HA,Perez,Cionel,0,0,3.50,0,0,18,19,12,20,1,,,,,
AL,HA,Pressly,Ryan,3,6,3.10,0,38,58,51,18,75,7,,,,,
AL,HA,Raley,Brooks,2,3,4.40,0,1,45,35,14,46,8,,,,,
AL,HA,Rodriguez,Nivaldo,0,1,5.63,0,0,24,33,14,21,6,,,,,
AL,HA,Sanabria,Carlos,0,0,7.50,0,0,6,7,6,6,2,,,,,
AL,HA,Scrubb,Andre,3,3,3.55,0,1,66,50,50,66,7,,,,,
AL,HA,Sneed,Cy,6,7,5.44,0,0,48,55,22,47,9,,,,,
AL,HA,Taylor,Blake,5,3,3.26,0,5,58,46,32,51,7,,,,,
AL,HA,Urquidy,Jose,3,3,3.62,14,0,82,71,22,65,11,,,,,
AL,HA,Valdez,Framber,13,8,3.63,27,0,196,173,71,205,16,,,,,
AL,HA,Verlander,Justin,1,0,3.18,3,0,17,11,3,21,4,,,,,
AL,KR,Adams,Chance,0,0,7.13,0,0,24,33,6,19,3,,,,,
AL,KR,Barlow,Scott,5,3,4.07,0,3,84,75,35,103,11,,,,,
AL,KR,Blewett,Scott,0,0,5.63,0,0,8,12,3,8,1,,,,,
AL,KR,Bolanos,Ronald,0,2,8.10,5,0,10,16,6,7,3,,,,,
AL,KR,Bubic,Kris,6,14,4.89,27,0,140,146,67,120,23,,,,,
AL,KR,Duffy,Danny,10,9,4.78,30,0,158,152,58,150,27,,,,,
AL,KR,Griffin,Foster,1,0,3.60,0,0,5,3,1,3,0,,,,,
AL,KR,Hahn,Jesse,2,1,2.94,0,5,49,33,22,46,4,,,,,
AL,KR,Harvey,Matt,1,8,7.91,11,0,33,54,13,26,11,,,,,
AL,KR,Hernandez,Carlos,0,1,5.05,8,0,41,48,18,35,9,,,,,
AL,KR,Holland,Greg,7,3,3.19,0,13,79,66,33,78,8,,,,,
AL,KR,Junis,Jakob,2,7,5.58,16,0,71,86,20,58,16,,,,,
AL,KR,Keller,Brad,10,7,3.71,24,0,153,136,58,110,14,,,,,
AL,KR,Kennedy,Ian,1,3,6.69,3,0,39,47,12,42,13,,,,,
AL,KR,Lovelady,Richard,0,0,6.00,0,0,3,3,2,1,1,,,,,
AL,KR,McCarthy,Kevin,0,0,4.76,0,0,17,24,6,8,3,,,,,
AL,KR,Montgomery,Mike,0,0,4.80,3,0,15,17,4,12,2,,,,,
AL,KR,Newberry,Jake,2,1,4.65,0,1,62,61,32,60,10,,,,,
AL,KR,Rosario,Randy,0,1,6.00,0,0,9,14,6,8,2,,,,,
AL,KR,Rosenthal,Trevor,1,1,3.92,0,22,39,30,23,52,5,,,,,
AL,KR,Singer,Brady,10,14,4.55,32,0,180,173,66,152,24,,,,,
AL,KR,Sparkman,Glenn,0,0,5.14,0,0,14,21,4,7,1,,,,,
AL,KR,Speier,Gabe,0,2,5.63,0,0,16,20,9,15,2,,,,,
AL,KR,Staumont,Josh,6,5,3.50,0,0,72,57,47,93,8,,,,,
AL,KR,Zimmer,Kyle,1,1,3.60,3,0,65,53,33,69,4,,,,,
AL,KR,Zuber,Tyler,5,6,4.79,0,0,62,53,45,72,11,,,,,
AL,LA,Andriese,Matt,5,7,4.60,3,3,88,74,30,83,13,,,,,
AL,LA,Bard,Luke,0,0,5.40,0,0,15,18,3,17,4,,,,,
AL,LA,Barnes,Jacob,1,3,4.86,0,0,50,52,16,54,5,,,,,
AL,LA,Barria,Jaime,3,3,4.65,14,0,89,88,26,73,14,,,,,
AL,LA,Bedrosian,Cam,1,1,3.29,0,0,41,34,16,37,3,,,,,
AL,LA,Buchter,Ryan,3,1,4.24,0,0,17,15,12,20,5,,,,,
AL,LA,Bundy,Dylan,15,10,3.83,30,0,181,155,51,193,24,,,,,
AL,LA,Buttrey,Ty,5,6,4.56,0,11,73,70,27,62,10,,,,,
AL,LA,Canning,Griffin,10,8,4.18,30,0,155,147,57,156,23,,,,,
AL,LA,Heaney,Andrew,13,8,4.26,32,0,184,174,53,196,26,,,,,
AL,LA,Keller,Kyle,0,0,6.00,0,0,6,6,4,4,0,,,,,
AL,LA,Mayers,Mike,6,3,3.40,0,3,82,63,26,100,10,,,,,
AL,LA,Middleton,Keynan,1,2,4.91,0,0,33,32,17,32,5,,,,,
AL,LA,Milner,Hoby,2,1,5.84,0,0,37,34,15,37,10,,,,,
AL,LA,Ohtani,Shohei,0,1,18.00,5,0,5,6,11,7,0,,,,,
AL,LA,Pena,Felix,7,3,4.14,0,8,74,75,24,78,10,,,,,
AL,LA,Peters,Dillon,0,0,9.00,3,0,5,7,1,5,3,,,,,
AL,LA,Quijada,Jose,0,1,5.40,0,0,10,13,5,14,2,,,,,
AL,LA,Ramirez,Noe,3,3,3.72,0,0,58,48,23,49,7,,,,,
AL,LA,Robles,Hansel,1,3,7.04,0,11,46,48,23,54,9,,,,,
AL,LA,Rodriguez,Jose,0,0,3.60,0,0,5,5,2,2,0,,,,,
AL,LA,Sandoval,Patrick,6,9,4.81,16,0,101,100,36,93,21,,,,,
AL,LA,Suarez,Jose,0,2,21.00,5,0,6,15,7,5,2,,,,,
AL,LA,Teheran,Julio,3,12,7.33,24,0,86,96,41,67,24,,,,,
AL,MT,Alcala,Jorge,6,5,4.37,0,0,68,67,28,69,10,,,,,
AL,MT,Bailey,Homer,1,0,4.30,5,0,23,22,8,19,2,,,,,
AL,MT,Berrios,Jose,15,12,4.30,32,0,178,168,65,181,27,,,,,
AL,MT,Clippard,Tyler,5,3,3.53,4,0,74,62,18,74,9,,,,,
AL,MT,Colina,Edwar,0,0,36.00,0,0,1,5,3,0,1,,,,,
AL,MT,Coulombe,Danny,0,0,2.25,0,0,8,7,6,9,1,,,,,
AL,MT,Dobnak,Randy,14,8,4.30,27,0,132,144,36,82,14,,,,,
AL,MT,Duffey,Tyler,3,3,2.91,0,0,68,49,18,81,8,,,,,
AL,MT,Gearrin,Cory,0,0,3.00,0,0,6,4,4,3,0,,,,,
AL,MT,Hill,Rich,8,6,3.80,22,0,109,90,43,103,14,,,,,
AL,MT,Littell,Zack,0,0,7.00,0,0,18,26,8,12,8,,,,,
AL,MT,Maeda,Kenta,15,5,3.54,30,0,188,146,50,212,26,,,,,
AL,MT,May,Trevor,3,3,4.09,0,3,66,54,23,91,12,,,,,
AL,MT,Odorizzi,Jake,0,2,5.31,11,0,39,41,11,38,8,,,,,
AL,MT,Pineda,Michael,6,2,4.08,14,0,75,75,19,69,8,,,,,
AL,MT,Poppen,Sean,0,0,4.50,0,0,22,25,10,24,2,,,,,
AL,MT,Rogers,Taylor,5,7,3.47,0,30,57,61,14,66,7,,,,,
AL,MT,Romo,Sergio,3,5,4.11,0,14,57,50,19,63,10,,,,,
AL,MT,Smeltzer,Devin,2,0,5.60,3,0,45,51,13,40,7,,,,,
AL,MT,Stashak,Cody,1,1,3.98,0,0,43,38,11,45,5,,,,,
AL,MT,Thielbar,Caleb,3,2,3.63,0,0,57,49,21,55,6,,,,,
AL,MT,Thorpe,Lewis,0,2,5.28,3,0,46,56,21,37,9,,,,,
AL,MT,Wisler,Matt,2,3,3.38,10,1,72,61,31,83,9,,,,,
AL,NY,Abreu,Albert,0,1,11.25,0,0,4,7,4,4,2,,,,,
AL,NY,Avilan,Luis,1,1,4.13,0,0,24,24,12,25,4,,,,,
AL,NY,Britton,Zack,2,5,2.62,0,15,55,42,25,49,2,,,,,
AL,NY,Cessa,Luis,1,1,3.86,0,1,63,61,21,55,10,,,,,
AL,NY,Chapman,Aroldis,2,1,2.91,0,17,34,21,13,56,5,,,,,
AL,NY,Cole,Gerrit,19,8,3.14,32,0,212,161,53,278,35,,,,,
AL,NY,Garcia,Deivi,7,6,5.00,16,0,99,98,36,101,18,,,,,
AL,NY,Green,Chad,8,6,3.12,0,1,75,49,23,95,12,,,,,
AL,NY,Hale,David,0,0,4.24,0,1,17,20,7,16,2,,,,,
AL,NY,Happ,J.A.,6,6,4.41,24,0,143,127,49,122,25,,,,,
AL,NY,Heller,Ben,0,0,3.71,0,0,17,15,7,18,4,,,,,
AL,NY,Holder,Jonathan,6,1,4.86,0,0,63,68,27,53,9,,,,,
AL,NY,Kahnle,Tommy,0,0,3.00,0,0,3,3,2,6,0,,,,,
AL,NY,King,Michael,5,6,5.96,11,0,77,84,25,66,14,,,,,
AL,NY,Kriske,Brooks,0,0,9.00,0,0,11,10,12,16,2,,,,,
AL,NY,Loaisiga,Jonathan,7,1,3.90,8,0,67,63,23,72,10,,,,,
AL,NY,Lyons,Tyler,0,0,10.80,0,0,5,6,2,2,1,,,,,
AL,NY,Montgomery,Jordan,7,8,4.89,27,0,127,135,36,120,22,,,,,
AL,NY,Nelson,Nick,3,1,5.10,0,0,60,58,38,59,10,,,,,
AL,NY,Ottavino,Adam,7,6,4.58,0,0,53,50,27,69,7,,,,,
AL,NY,Paxton,James,5,2,5.19,14,0,59,60,19,72,11,,,,,
AL,NY,Schmidt,Clarke,0,1,6.00,3,0,18,20,10,17,2,,,,,
AL,NY,Tanaka,Masahiro,10,8,4.14,27,0,139,141,29,122,26,,,,,
AL,NY,Yajure,Miguel,0,0,3.60,0,0,20,15,10,18,2,,,,,
AL,OA,Bassitt,Chris,12,7,3.41,30,0,177,165,55,157,23,,,,,
AL,OA,Blackburn,Paul,0,1,14.14,3,0,7,11,4,5,1,,,,,
AL,OA,Diekman,Jake,5,1,2.10,0,0,60,32,36,81,4,,,,,
AL,OA,Fiers,Mike,13,10,5.04,30,0,166,183,48,110,30,,,,,
AL,OA,Hendriks,Liam,6,3,2.38,0,43,72,48,17,98,6,,,,,
AL,OA,Jefferies,Daulton,0,1,12.00,3,0,6,9,3,4,3,,,,,
AL,OA,Kaprielian,James,0,0,6.30,0,0,10,11,4,10,3,,,,,
AL,OA,Luzardo,Jesus,8,7,3.85,24,0,166,154,50,168,23,,,,,
AL,OA,Manaea,Sean,13,8,4.44,30,0,152,157,35,127,22,,,,,
AL,OA,McFarland,T.J.,2,1,4.66,0,0,58,68,18,29,12,,,,,
AL,OA,Mengden,Daniel,0,2,4.63,3,0,35,39,16,27,6,,,,,
AL,OA,Minor,Mike,9,15,4.92,30,0,159,149,52,160,28,,,,,
AL,OA,Montas,Frankie,12,10,4.77,30,0,149,152,59,154,22,,,,,
AL,OA,Petit,Yusmeiro,5,3,3.25,0,0,61,56,13,51,8,,,,,
AL,OA,Smith,Burch,2,0,3.71,0,1,34,26,10,35,4,,,,,
AL,OA,Soria,Joakim,5,5,3.00,0,6,63,53,25,68,6,,,,,
AL,OA,Trivino,Lou,1,1,3.82,0,0,66,54,28,72,9,,,,,
AL,OA,Weems,Jordan,1,1,4.28,0,0,40,35,22,43,5,,,,,
AL,OA,Wendelken,J.B.,3,3,3.04,0,0,71,58,28,77,8,,,,,
AL,SM,Altavilla,Dan,2,3,5.73,0,5,33,31,19,39,7,,,,,
AL,SM,Brennan,Brandon,0,0,3.86,0,0,21,20,11,20,4,,,,,
AL,SM,Cortes,Nestor,0,1,9.00,3,0,22,28,12,22,10,,,,,
AL,SM,Dunn,Justin,10,8,4.71,27,0,128,109,69,112,24,,,,,
AL,SM,Edwards Jr.,Carl,0,0,2.77,0,1,13,8,5,16,1,,,,,
AL,SM,Fletcher,Aaron,0,0,7.50,0,0,12,16,11,15,2,,,,,
AL,SM,Frankoff,Seth,0,0,9.00,0,0,8,12,4,4,1,,,,,
AL,SM,Gerber,Joey,1,1,4.50,0,0,44,41,20,31,4,,,,,
AL,SM,Gonzales,Marco,17,9,3.77,30,0,196,188,36,166,26,,,,,
AL,SM,Graveman,Kendall,5,7,5.26,5,0,53,52,20,40,8,,,,,
AL,SM,Grotz,Zac,0,0,8.57,0,0,21,26,17,15,6,,,,,
AL,SM,Guilbeau,Taylor,0,1,2.86,0,0,22,23,12,14,1,,,,,
AL,SM,Hirano,Yoshihisa,1,1,5.14,0,8,35,42,17,32,5,,,,,
AL,SM,Kikuchi,Yusei,7,9,4.77,24,0,132,126,50,119,16,,,,,
AL,SM,Lail,Brady,0,1,4.89,0,0,46,44,20,38,11,,,,,
AL,SM,Lockett,Walker,0,1,4.50,0,0,24,30,5,13,3,,,,,
AL,SM,Magill,Matt,1,2,4.97,0,0,29,25,15,31,6,,,,,
AL,SM,Margevicius,Nick,5,8,4.73,19,0,116,117,33,92,19,,,,,
AL,SM,Misiewicz,Anthony,2,5,4.02,0,0,56,54,16,62,8,,,,,
AL,SM,Newsome,Ljay,1,5,5.11,11,0,44,52,6,30,11,,,,,
AL,SM,Ramirez,Yohan,1,1,3.72,0,5,58,38,47,69,8,,,,,
AL,SM,Sadler,Casey,1,2,4.18,0,0,28,23,10,28,3,,,,,
AL,SM,Shaw,Bryan,1,0,10.06,0,0,17,27,11,13,3,,,,,
AL,SM,Sheffield,Justus,9,8,4.01,27,0,155,151,67,137,14,,,,,
AL,SM,Swanson,Erik,1,3,8.18,0,0,22,27,6,24,7,,,,,
AL,SM,Williams,Taylor,2,2,4.62,0,13,39,35,18,45,4,,,,,
AL,SM,Yacabonis,Jimmy,0,1,5.14,3,0,7,7,6,4,1,,,,,
AL,TB,Alvarado,Jose,1,1,4.68,0,0,25,23,15,34,4,,,,,
AL,TB,Anderson,Nick,3,3,2.00,0,17,45,23,11,67,4,,,,,
AL,TB,Banda,Anthony,1,0,6.63,0,1,19,23,10,14,3,,,,,
AL,TB,Beeks,Jalen,3,2,3.74,0,4,53,55,16,60,6,,,,,
AL,TB,Castillo,Diego,8,1,2.55,0,9,60,41,28,69,6,,,,,
AL,TB,Chirinos,Yonny,0,0,3.48,8,0,31,35,9,27,5,,,,,
AL,TB,Curtiss,John,5,1,3.52,8,3,69,61,24,69,9,,,,,
AL,TB,Drake,Oliver,1,3,4.50,0,5,30,22,13,26,4,,,,,
AL,TB,Fairbanks,Pete,10,7,3.16,4,0,74,63,36,101,9,,,,,
AL,TB,Fleming,Josh,10,5,3.78,14,0,88,87,19,61,14,,,,,
AL,TB,Garcia,Edgar,0,0,7.00,0,1,9,8,7,6,3,,,,,
AL,TB,Gilmartin,Sean,0,0,6.75,0,0,12,17,8,11,4,,,,,
AL,TB,Glasnow,Tyler,14,6,3.78,30,0,157,121,64,227,25,,,,,
AL,TB,Kittredge,Andrew,0,1,2.86,3,3,22,22,6,15,2,,,,,
AL,TB,Loup,Aaron,7,2,3.39,0,0,69,59,18,65,8,,,,,
AL,TB,Morton,Charlie,9,7,4.15,24,0,104,104,31,116,12,,,,,
AL,TB,Reed,Cody,0,0,2.57,0,0,7,5,2,6,1,,,,,
AL,TB,Richards,Trevor,1,3,5.28,11,0,87,100,32,78,16,,,,,
AL,TB,Roe,Chaz,2,1,3.46,0,1,26,26,9,27,2,,,,,
AL,TB,Sherriff,Ryan,1,1,2.67,0,1,27,22,8,14,2,,,,,
AL,TB,Slegers,Aaron,1,1,4.38,3,3,72,66,17,51,9,,,,,
AL,TB,Snell,Blake,13,7,3.42,30,0,137,114,52,173,24,,,,,
AL,TB,Thompson,Ryan,6,7,4.44,2,1,73,77,22,57,12,,,,,
AL,TB,Yarbrough,Ryan,6,9,4.06,24,0,153,153,38,121,20,,,,,
AL,TE,Allard,Kolby,2,10,6.03,22,0,94,92,44,83,13,,,,,
AL,TE,Benjamin,Wes,2,2,5.00,3,0,63,66,20,57,11,,,,,
AL,TE,Chavez,Jesse,1,1,5.81,0,0,48,54,17,40,12,,,,,
AL,TE,Cody,Kyle,5,7,3.94,14,0,64,58,34,48,8,,,,,
AL,TE,Evans,Demarcus,0,0,3.27,0,0,11,9,5,12,2,,,,,
AL,TE,Farrell,Luke,0,0,6.60,0,0,15,14,10,18,2,,,,,
AL,TE,Garcia,Luis,1,3,5.63,5,0,24,26,17,26,4,,,,,
AL,TE,Gibaut,Ian,1,2,5.91,0,0,35,33,23,39,6,,,,,
AL,TE,Gibson,Kyle,10,12,5.00,32,0,189,200,75,163,29,,,,,
AL,TE,Goody,Nick,1,3,6.68,2,1,31,34,18,35,8,,,,,
AL,TE,Hearn,Taylor,1,1,4.22,0,0,49,41,27,59,5,,,,,
AL,TE,Herget,Jimmy,1,3,4.42,2,0,55,46,39,52,7,,,,,
AL,TE,Hernandez,Jonathan,9,3,3.45,0,0,86,74,31,88,9,,,,,
AL,TE,King,John,3,3,5.59,0,0,29,35,11,21,5,,,,,
AL,TE,Kluber,Corey,0,0,3.00,3,0,3,2,2,3,0,,,,,
AL,TE,Leclerc,Jose,0,0,4.50,0,3,6,5,4,9,0,,,,,
AL,TE,Lyles,Jordan,6,15,6.06,24,0,162,180,66,124,31,,,,,
AL,TE,Lynn,Lance,15,8,3.64,34,0,235,198,79,257,33,,,,,
AL,TE,Martin,Brett,1,1,3.07,0,0,41,31,20,31,5,,,,,
AL,TE,Montero,Rafael,1,3,3.78,0,24,50,41,16,56,6,,,,,
AL,TE,Nicasio,Juan,0,0,18.00,0,0,4,8,3,3,2,,,,,
AL,TE,Palumbo,Joseph,0,1,7.71,0,0,7,7,5,11,2,,,,,
AL,TE,Rodriguez,Joely,1,1,3.25,0,0,36,29,16,41,3,,,,,
AL,TE,Volquez,Edinson,2,1,5.06,0,0,16,17,6,11,1,,,,,
AL,TO,Anderson,Chase,5,7,6.00,19,0,93,109,30,89,25,,,,,
AL,TO,Bass,Anthony,5,6,3.93,0,20,71,58,22,60,8,,,,,
AL,TO,Bergen,Travis,0,0,1.80,0,0,5,4,3,6,0,,,,,
AL,TO,Borucki,Ryan,2,3,3.91,0,0,46,41,25,50,5,,,,,
AL,TO,Cole,A.J.,7,3,3.74,0,1,65,58,24,61,9,,,,,
AL,TO,Dolis,Rafael,5,5,3.09,0,8,67,55,32,73,6,,,,,
AL,TO,Font,Wilmer,5,7,7.00,0,0,45,60,19,43,8,,,,,
AL,TO,Gaviglio,Sam,0,1,6.75,0,0,8,8,7,4,1,,,,,
AL,TO,Giles,Ken,0,0,6.30,0,1,10,10,7,15,3,,,,,
AL,TO,Hatch,Thomas,6,3,3.95,3,0,73,62,32,66,9,,,,,
AL,TO,Kay,Anthony,6,3,4.81,0,0,58,60,33,56,10,,,,,
AL,TO,Merryweather,Julian,1,2,4.75,8,0,36,36,14,35,4,,,,,
AL,TO,Moran,Brian,0,0,3.00,0,0,3,3,1,3,0,,,,,
AL,TO,Murphy,Patrick,0,1,3.71,0,0,17,18,6,13,2,,,,,
AL,TO,Pearson,Nate,3,2,5.40,11,0,50,45,26,46,11,,,,,
AL,TO,Perez,Hector,0,0,7.20,0,0,5,7,6,3,2,,,,,
AL,TO,Ray,Robbie,2,2,4.74,11,0,57,56,34,70,11,,,,,
AL,TO,Reid-Foley,Sean,1,0,3.32,0,0,19,14,13,19,2,,,,,
AL,TO,Roark,Tanner,7,10,5.77,30,0,131,151,53,112,30,,,,,
AL,TO,Romano,Jordan,3,5,3.29,0,5,41,31,16,49,5,,,,,
AL,TO,Ryu,Hyun-Jin,14,7,3.36,32,0,185,177,45,185,25,,,,,
AL,TO,Shoemaker,Matt,1,3,4.67,16,0,79,72,25,73,18,,,,,
AL,TO,Stripling,Ross,0,5,5.32,5,1,44,48,15,38,6,,,,,
AL,TO,Thornton,Trent,0,0,7.88,8,0,16,29,7,16,2,,,,,
AL,TO,Waguespack,Jacob,1,1,6.06,0,0,49,61,21,45,7,,,,,
AL,TO,Walker,Taijuan,10,10,3.86,30,0,147,136,51,131,23,,,,,
AL,TO,Yamaguchi,Shun,7,8,5.96,0,0,71,71,38,73,14,,,,,
AL,TO,Zeuch,T.J.,1,0,3.48,3,0,31,30,11,14,4,,,,,
NL,AR,Beasley,Jeremy,0,0,0.00,0,0,1,3,0,2,0,,,,,
NL,AR,Bergen,Travis,1,0,4.26,0,1,19,15,15,19,2,,,,,
NL,AR,Bracho,Silvino,0,0,9.00,0,0,3,4,1,3,1,,,,,
NL,AR,Bumgarner,Madison,6,8,5.59,24,0,116,125,34,95,29,,,,,
NL,AR,Clarke,Taylor,6,3,4.69,14,0,121,110,53,106,20,,,,,
NL,AR,Crichton,Stefan,5,5,3.33,0,8,73,66,26,67,6,,,,,
NL,AR,Gallen,Zac,9,7,3.43,32,0,202,167,71,228,28,,,,,
NL,AR,Ginkel,Kevin,2,5,5.20,0,1,45,47,27,52,8,,,,,
NL,AR,Grace,Matt,0,1,24.00,0,0,3,8,3,4,1,,,,,
NL,AR,Guerra,Junior,3,5,3.90,0,0,67,56,35,58,7,,,,,
NL,AR,Kelly,Merrill,6,6,3.72,14,0,87,83,21,77,13,,,,,
NL,AR,Lewicki,Artie,0,0,5.00,0,0,9,14,3,10,1,,,,,
NL,AR,Lopez,Yoan,1,3,5.07,0,0,55,55,24,45,10,,,,,
NL,AR,Mantiply,Joe,0,0,9.00,0,0,7,8,6,6,1,,,,,
NL,AR,Mella,Keury,2,1,3.54,0,0,28,29,10,25,4,,,,,
NL,AR,Payamps,Joel,0,0,3.38,0,0,8,7,5,6,1,,,,,
NL,AR,Ray,Robbie,3,8,5.97,19,0,86,82,64,111,20,,,,,
NL,AR,Rondon,Hector,3,3,6.11,0,0,56,63,26,55,12,,,,,
NL,AR,Smith,Caleb,1,2,3.69,11,0,39,27,23,40,8,,,,,
NL,AR,Smith,Riley,3,0,3.46,0,0,52,50,16,45,7,,,,,
NL,AR,Weaver,Luke,8,17,5.34,32,0,145,157,48,146,25,,,,,
NL,AR,Widener,Taylor,1,1,4.02,0,0,56,46,27,62,9,,,,,
NL,AR,Young,Alex,5,10,5.09,19,0,129,136,44,110,26,,,,,
NL,AT,Anderson,Ian,7,6,3.44,16,0,89,73,43,98,8,,,,,
NL,AT,Chacin,Jhoulys,1,0,5.79,0,0,14,16,7,10,2,,,,,
NL,AT,Davidson,Tucker,0,1,7.20,3,0,5,7,6,5,2,,,,,
NL,AT,Dayton,Grant,3,3,3.24,0,0,75,64,28,83,11,,,,,
NL,AT,Erlin,Robbie,1,1,6.08,14,0,74,86,17,66,19,,,,,
NL,AT,Foltynewicz,Mike,0,1,10.00,3,0,9,10,7,8,4,,,,,
NL,AT,Fried,Max,17,5,3.02,30,0,155,132,54,149,12,,,,,
NL,AT,Greene,Shane,3,3,3.32,0,0,76,63,23,65,9,,,,,
NL,AT,Hamels,Cole,0,1,6.00,3,0,9,9,3,6,1,,,,,
NL,AT,Jackson,Luke,5,1,5.05,0,0,73,84,32,67,5,,,,,
NL,AT,Martin,Chris,2,3,2.34,0,1,50,35,10,54,5,,,,,
NL,AT,Matzek,Tyler,9,3,3.38,0,0,80,66,38,102,8,,,,,
NL,AT,Melancon,Mark,5,3,3.57,0,33,63,62,19,47,7,,,,,
NL,AT,Milone,Tommy,0,0,9.33,8,0,27,44,6,24,9,,,,,
NL,AT,Minter,A.J.,3,1,2.25,0,0,60,49,23,66,4,,,,,
NL,AT,Newcomb,Sean,0,3,7.58,11,0,38,46,17,32,9,,,,,
NL,AT,O'Day,Darren,8,1,2.80,0,0,45,29,14,52,4,,,,,
NL,AT,Rusin,Chris,0,0,6.00,0,0,9,12,5,7,2,,,,,
NL,AT,Smith,Will,5,5,4.09,0,0,44,34,13,53,13,,,,,
NL,AT,Sobotka,Chad,0,0,8.10,0,0,10,13,5,8,1,,,,,
NL,AT,Soroka,Mike,0,2,4.03,8,0,38,35,14,27,3,,,,,
NL,AT,Tomlin,Josh,5,5,4.79,14,0,109,113,19,91,19,,,,,
NL,AT,Toussaint,Touki,2,5,6.49,14,0,68,70,40,76,15,,,,,
NL,AT,Webb,Jacob,1,1,2.57,0,0,28,24,14,28,3,,,,,
NL,AT,Weigel,Patrick,0,0,13.50,0,0,2,4,4,0,0,,,,,
NL,AT,Wilson,Bryse,1,0,4.09,5,1,44,47,18,42,6,,,,,
NL,AT,Wright,Kyle,7,8,4.89,22,0,105,101,58,89,18,,,,,
NL,AT,Ynoa,Huascar,3,3,5.40,14,0,60,63,35,54,8,,,,,
NL,CC,Adam,Jason,2,1,4.26,0,0,38,30,20,47,5,,,,,
NL,CC,Alzolay,Adbert,2,2,4.05,11,0,60,46,33,69,7,,,,,
NL,CC,Brothers,Rex,0,0,6.00,0,0,9,6,7,16,3,,,,,
NL,CC,Chafin,Andrew,2,3,4.67,0,1,27,27,13,33,5,,,,,
NL,CC,Chatwood,Tyler,3,3,4.58,14,0,53,55,27,60,6,,,,,
NL,CC,Darvish,Yu,19,8,3.00,32,0,213,175,55,252,21,,,,,
NL,CC,Dermody,Matt,0,0,3.00,0,0,3,2,1,3,0,,,,,
NL,CC,Hendricks,Kyle,16,14,3.45,32,0,227,217,36,179,30,,,,,
NL,CC,Jeffress,Jeremy,7,3,2.86,0,15,66,49,28,53,7,,,,,
NL,CC,Kimbrel,Craig,1,3,4.81,0,14,43,30,29,66,5,,,,,
NL,CC,Lester,Jon,9,10,4.84,32,0,171,183,52,131,30,,,,,
NL,CC,Maples,Dillon,0,0,9.00,0,0,3,3,6,3,0,,,,,
NL,CC,Marquez,Brailyn,0,0,31.50,0,0,2,4,4,2,0,,,,,
NL,CC,Miller,Tyson,0,0,5.14,3,0,14,11,7,5,2,,,,,
NL,CC,Mills,Alec,8,10,4.66,30,0,174,165,58,136,32,,,,,
NL,CC,Norwood,James,0,0,9.00,0,0,5,7,3,2,0,,,,,
NL,CC,Osich,Josh,0,0,6.75,0,0,8,11,2,9,1,,,,,
NL,CC,Quintana,Jose,0,1,4.50,3,0,28,28,9,28,4,,,,,
NL,CC,Rea,Colin,2,5,5.54,5,0,39,42,12,28,8,,,,,
NL,CC,Ryan,Kyle,2,1,4.70,0,1,44,45,20,35,10,,,,,
NL,CC,Sadler,Casey,1,1,4.85,0,0,26,23,15,24,4,,,,,
NL,CC,Tepera,Ryan,1,3,4.03,0,0,58,48,27,70,7,,,,,
NL,CC,Underwood Jr.,Duane,3,2,4.97,0,0,58,64,22,64,12,,,,,
NL,CC,Wick,Rowan,1,3,3.67,0,11,49,47,20,52,5,,,,,
NL,CC,Wieck,Brad,0,0,9.00,0,0,3,3,2,5,2,,,,,
NL,CC,Winkler,Dan,1,1,4.33,0,0,52,40,31,49,8,,,,,
NL,CN,Antone,Tejay,3,10,4.37,11,0,101,85,45,105,17,,,,,
NL,CN,Bauer,Trevor,13,10,2.83,30,0,210,152,65,266,27,,,,,
NL,CN,Biddle,Jesse,0,0,4.50,0,0,2,2,2,2,0,,,,,
NL,CN,Bradley,Archie,3,1,3.40,0,23,53,48,16,55,5,,,,,
NL,CN,Castillo,Luis,12,14,3.52,32,0,202,175,72,238,21,,,,,
NL,CN,De Leon,Jose,0,0,10.59,0,0,17,17,18,23,3,,,,,
NL,CN,DeSclafani,Anthony,5,6,5.91,19,0,96,107,35,80,19,,,,,
NL,CN,Garrett,Amir,2,1,3.40,0,4,53,38,24,70,9,,,,,
NL,CN,Gray,Sonny,13,8,3.69,30,0,161,129,65,192,15,,,,,
NL,CN,Iglesias,Raisel,9,6,3.49,0,30,67,51,18,85,8,,,,,
NL,CN,Jones,Nate,1,3,5.17,0,0,54,60,20,62,11,,,,,
NL,CN,Kuhnel,Joel,1,0,5.00,0,0,9,10,2,8,3,,,,,
NL,CN,Lorenzen,Michael,5,3,4.41,5,0,96,89,42,90,13,,,,,
NL,CN,Mahle,Tyler,8,8,4.47,24,0,137,120,53,154,20,,,,,
NL,CN,Miley,Wade,1,7,5.05,11,0,41,43,21,34,5,,,,,
NL,CN,Raley,Brooks,0,0,6.75,0,0,12,14,5,13,1,,,,,
NL,CN,Reed,Cody,1,1,4.67,0,0,27,27,17,29,5,,,,,
NL,CN,Romano,Sal,1,0,2.25,0,0,4,2,1,1,0,,,,,
NL,CN,Sims,Lucas,6,3,3.65,0,0,74,51,35,96,11,,,,,
NL,CN,Stephenson,Robert,1,1,6.52,0,0,29,29,12,36,13,,,,,
NL,CN,Strop,Pedro,0,0,3.86,0,0,7,5,9,8,1,,,,,
NL,CN,Thornburg,Tyler,0,0,4.95,0,0,20,19,12,25,2,,,,,
NL,CO,Almonte,Yency,6,3,4.03,0,5,76,73,24,68,8,,,,,
NL,CO,Bard,Daniel,7,5,4.37,0,13,68,65,33,68,8,,,,,
NL,CO,Castellani,Ryan,6,9,6.20,24,0,119,120,73,81,30,,,,,
NL,CO,Davis,Wade,0,1,12.00,0,5,12,19,8,10,5,,,,,
NL,CO,Diaz,Jairo,3,5,5.56,0,9,55,67,30,49,9,,,,,
NL,CO,Diehl,Phillip,0,0,7.41,0,0,17,19,5,13,4,,,,,
NL,CO,Doyle,Tommy,0,0,13.50,0,0,6,11,7,5,1,,,,,
NL,CO,Estevez,Carlos,3,6,5.59,0,8,66,78,23,70,12,,,,,
NL,CO,Freeland,Kyle,8,12,4.62,34,0,195,211,67,133,28,,,,,
NL,CO,Givens,Mychal,1,1,4.85,0,3,26,24,11,25,7,,,,,
NL,CO,Gonzalez,Chi Chi,0,5,6.17,11,0,54,60,25,42,9,,,,,
NL,CO,Goudeau,Ashton,0,1,6.26,0,0,23,33,7,12,7,,,,,
NL,CO,Gray,Jon,6,9,5.47,22,0,107,115,33,80,16,,,,,
NL,CO,Harvey,Joe,0,0,3.00,0,0,9,9,3,6,1,,,,,
NL,CO,Hoffman,Jeff,5,6,7.02,0,1,59,74,25,55,9,,,,,
NL,CO,Kinley,Tyler,1,5,5.18,0,0,66,52,41,69,8,,,,,
NL,CO,Marquez,German,14,13,3.86,34,0,224,217,62,216,25,,,,,
NL,CO,Mujica,Jose,0,0,8.25,0,0,12,21,5,5,4,,,,,
NL,CO,Pazos,James,0,0,10.20,0,0,15,22,11,7,4,,,,,
NL,CO,Ramos,AJ,0,0,3.86,0,0,7,8,6,4,2,,,,,
NL,CO,Santos,Antonio,0,2,10.06,3,0,17,29,8,11,3,,,,,
NL,CO,Senzatela,Antonio,12,10,4.37,32,0,202,212,62,125,29,,,,,
NL,CO,Tinoco,Jesus,0,0,3.75,0,0,24,18,15,18,3,,,,,
NL,LD,Alexander,Scott,3,1,3.27,0,0,33,29,18,26,4,,,,,
NL,LD,Baez,Pedro,1,1,3.91,0,3,46,34,19,41,5,,,,,
NL,LD,Buehler,Walker,7,3,3.67,22,0,98,77,29,111,16,,,,,
NL,LD,Ferguson,Caleb,5,3,3.00,3,0,51,43,16,67,9,,,,,
NL,LD,Floro,Dylan,7,3,3.27,0,0,66,64,17,53,4,,,,,
NL,LD,Gonsolin,Tony,6,6,3.60,22,0,125,104,37,121,17,,,,,
NL,LD,Gonzalez,Victor,5,1,3.11,3,0,55,46,15,53,5,,,,,
NL,LD,Graterol,Brusdar,3,5,3.43,4,0,63,54,15,50,4,,,,,
NL,LD,Jansen,Kenley,7,3,3.27,0,43,66,52,21,83,8,,,,,
NL,LD,Kelly,Joe,1,1,2.67,3,0,27,23,15,27,2,,,,,
NL,LD,Kershaw,Clayton,16,8,2.81,27,0,157,125,27,162,22,,,,,
NL,LD,Kolarek,Adam,5,1,2.47,0,1,51,40,14,38,3,,,,,
NL,LD,May,Dustin,9,6,3.40,27,0,151,137,42,124,22,,,,,
NL,LD,McGee,Jake,5,3,3.60,0,0,55,47,13,66,7,,,,,
NL,LD,Santana,Dennis,2,5,5.09,0,0,46,42,20,49,8,,,,,
NL,LD,Sborz,Josh,0,0,3.00,0,0,12,9,4,9,2,,,,,
NL,LD,Stripling,Ross,7,3,5.10,19,0,90,96,26,76,24,,,,,
NL,LD,Treinen,Blake,9,7,3.52,0,5,69,61,26,67,4,,,,,
NL,LD,Urias,Julio,8,3,3.77,27,0,148,130,53,132,19,,,,,
NL,LD,White,Mitch,1,0,2.25,0,0,8,6,3,6,1,,,,,
NL,LD,Wood,Alex,2,5,5.03,5,0,34,40,12,35,5,,,,,
NL,MI,Alcantara,Sandy,6,6,4.02,19,0,121,112,48,102,14,,,,,
NL,MI,Bleier,Richard,3,1,3.15,0,0,40,39,10,23,2,,,,,
NL,MI,Boxberger,Brad,2,1,4.33,0,0,52,49,27,54,9,,,,,
NL,MI,Brigham,Jeff,0,0,6.00,0,0,3,4,1,1,0,,,,,
NL,MI,Castano,Daniel,2,7,4.02,16,0,85,90,30,48,12,,,,,
NL,MI,Dugger,Robert,0,0,8.13,3,0,31,45,10,18,9,,,,,
NL,MI,Eibner,Brett,0,0,5.40,0,0,10,15,5,11,2,,,,,
NL,MI,Garcia,Yimi,6,1,3.14,0,1,43,35,14,48,5,,,,,
NL,MI,Garrett,Braxton,1,1,4.91,5,0,22,23,12,20,5,,,,,
NL,MI,Guzman,Jorge,0,0,12.00,0,0,3,4,2,0,3,,,,,
NL,MI,Hernandez,Elieser,3,2,3.89,16,0,74,66,21,84,14,,,,,
NL,MI,Holloway,Jordan,0,0,0.00,0,0,1,3,2,0,0,,,,,
NL,MI,Hoyt,James,5,3,2.57,0,0,42,31,19,50,3,,,,,
NL,MI,Kintzler,Brandon,5,6,3.21,0,37,70,66,23,47,9,,,,,
NL,MI,Leibrandt,Brandon,0,0,3.81,0,0,26,19,14,14,3,,,,,
NL,MI,Lopez,Pablo,15,10,3.82,30,0,165,154,50,154,17,,,,,
NL,MI,Mejia,Humberto,0,2,5.28,8,0,29,34,14,28,7,,,,,
NL,MI,Moran,Brian,1,0,7.36,0,0,11,13,10,14,2,,,,,
NL,MI,Morin,Mike,1,0,3.00,0,0,12,8,4,7,1,,,,,
NL,MI,Neidert,Nick,0,0,5.25,0,0,24,28,7,15,4,,,,,
NL,MI,Quezada,Johan,0,0,7.00,0,0,9,11,5,6,2,,,,,
NL,MI,Rogers,Trevor,3,7,5.29,19,0,80,87,34,83,13,,,,,
NL,MI,Sanchez,Sixto,7,7,4.10,19,0,112,112,33,87,13,,,,,
NL,MI,Shafer,Justin,0,0,8.44,0,0,16,20,9,14,4,,,,,
NL,MI,Sharp,Sterling,0,0,7.20,0,0,15,18,9,9,2,,,,,
NL,MI,Smith,Josh A.,2,1,5.64,3,1,75,85,26,61,12,,,,,
NL,MI,Smith,Josh D.,0,0,7.20,0,0,5,5,3,8,2,,,,,
NL,MI,Stanek,Ryne,1,1,5.28,0,0,29,28,17,33,6,,,,,
NL,MI,Tarpley,Stephen,3,3,6.19,0,1,32,32,20,31,5,,,,,
NL,MI,Urena,Jose,0,7,4.97,14,0,67,68,29,47,11,,,,,
NL,MI,Venditte,Pat,0,0,2.77,0,0,13,9,3,14,1,,,,,
NL,MI,Vesia,Alex,0,1,9.69,0,0,13,17,12,14,5,,,,,
NL,MI,Vincent,Nick,3,5,4.43,0,5,65,67,18,50,11,,,,,
NL,MI,Yamamoto,Jordan,0,3,10.36,8,0,33,53,17,33,13,,,,,
NL,ML,Anderson,Brett,9,8,4.47,27,0,131,146,35,83,19,,,,,
NL,ML,Bickford,Phil,0,0,18.00,0,0,3,7,1,4,0,,,,,
NL,ML,Black,Ray,0,0,3.38,0,0,8,6,6,9,1,,,,,
NL,ML,Burnes,Corbin,9,5,3.40,24,0,167,132,74,210,16,,,,,
NL,ML,Claudio,Alex,1,1,4.00,0,1,54,55,18,38,5,,,,,
NL,ML,Feyereisen,J.P.,0,0,5.19,0,0,26,17,14,24,6,,,,,
NL,ML,Grimm,Justin,0,0,10.38,0,0,13,19,9,15,6,,,,,
NL,ML,Hader,Josh,2,3,3.17,0,36,54,28,25,88,7,,,,,
NL,ML,Houser,Adrian,5,13,4.70,30,0,157,166,60,132,22,,,,,
NL,ML,Knebel,Corey,1,1,4.74,0,0,38,36,21,47,9,,,,,
NL,ML,Lauer,Eric,0,2,8.42,5,0,31,40,17,30,5,,,,,
NL,ML,Lindblom,Josh,7,12,4.82,27,0,127,121,43,134,20,,,,,
NL,ML,Peralta,Freddy,8,2,3.84,3,0,82,63,36,114,8,,,,,
NL,ML,Perdomo,Angel,0,0,11.25,0,0,8,8,12,12,1,,,,,
NL,ML,Rasmussen,Drew,1,1,5.23,0,0,43,45,23,50,7,,,,,
NL,ML,Suter,Brent,6,1,3.48,11,0,88,83,17,92,13,,,,,
NL,ML,Topa,Justin,0,1,3.68,0,0,22,22,5,25,3,,,,,
NL,ML,Wahl,Bobby,0,1,7.71,0,0,7,8,2,5,3,,,,,
NL,ML,Williams,Devin,7,3,2.28,0,0,75,42,35,117,7,,,,,
NL,ML,Woodruff,Brandon,13,12,3.61,34,0,207,174,62,238,26,,,,,
NL,ML,Yardley,Eric,6,3,3.27,0,0,66,64,25,51,9,,,,,
NL,NM,Betances,Dellin,1,2,5.18,0,0,33,29,23,38,2,,,,,
NL,NM,Brach,Brad,1,1,5.14,0,0,35,28,25,37,4,,,,,
NL,NM,Castro,Miguel,1,2,4.15,0,0,26,28,17,32,3,,,,,
NL,NM,deGrom,Jacob,13,7,2.81,32,0,192,147,49,258,22,,,,,
NL,NM,Diaz,Edwin,5,3,2.47,0,25,73,51,31,124,8,,,,,
NL,NM,Familia,Jeurys,5,3,3.84,0,0,75,61,44,71,5,,,,,
NL,NM,Gsellman,Robert,0,0,6.53,11,0,40,51,19,30,9,,,,,
NL,NM,Hughes,Jared,3,5,4.14,0,0,63,61,31,51,9,,,,,
NL,NM,Jurado,Ariel,0,0,8.18,3,0,11,19,2,6,2,,,,,
NL,NM,Kilome,Franklyn,0,3,7.88,0,1,32,37,20,30,9,,,,,
NL,NM,Lockett,Walker,1,0,4.70,3,0,23,26,7,20,3,,,,,
NL,NM,Lugo,Seth,10,8,4.28,19,5,103,100,28,118,17,,,,,
NL,NM,Matz,Steven,2,9,6.80,16,0,86,102,28,88,26,,,,,
NL,NM,Oswalt,Corey,0,0,4.86,3,0,37,40,9,31,7,,,,,
NL,NM,Peterson,David,13,7,3.92,24,0,140,125,60,112,15,,,,,
NL,NM,Porcello,Rick,9,16,4.90,32,0,167,188,43,145,21,,,,,
NL,NM,Ramirez,Erasmo,0,2,3.07,0,1,41,34,12,27,5,,,,,
NL,NM,Sewald,Paul,0,0,8.47,0,0,17,25,8,11,3,,,,,
NL,NM,Shreve,Chasen,3,2,3.93,0,0,71,57,33,90,13,,,,,
NL,NM,Smith,Drew,1,1,5.40,0,0,20,19,7,19,5,,,,,
NL,NM,Strickland,Hunter,0,1,6.00,0,0,9,11,3,9,1,,,,,
NL,NM,Wacha,Michael,3,8,5.34,19,0,96,111,30,91,19,,,,,
NL,NM,Wilson,Justin,5,3,3.70,0,0,56,50,27,65,7,,,,,
NL,PH,Alvarez,Jose,1,1,2.84,0,0,19,20,8,17,1,,,,,
NL,PH,Arrieta,Jake,9,9,4.81,24,0,129,138,44,100,19,,,,,
NL,PH,Brogdon,Connor,1,1,4.36,0,0,33,24,14,45,8,,,,,
NL,PH,Cleavinger,Garrett,0,0,9.00,0,0,2,3,1,3,1,,,,,
NL,PH,Eflin,Zach,9,8,4.40,27,0,172,176,47,174,28,,,,,
NL,PH,Guerra,Deolis,1,5,5.73,0,0,22,24,6,24,6,,,,,
NL,PH,Hale,David,0,0,4.50,5,0,32,40,7,23,6,,,,,
NL,PH,Hembree,Heath,1,1,8.00,0,0,27,37,13,29,11,,,,,
NL,PH,Howard,Spencer,3,5,5.20,16,0,71,76,31,69,14,,,,,
NL,PH,Hunter,Tommy,2,3,3.88,0,5,72,69,19,66,8,,,,,
NL,PH,Irvin,Cole,0,1,9.82,0,0,11,21,3,10,2,,,,,
NL,PH,Kelley,Trevor,0,0,7.20,0,0,10,17,4,11,4,,,,,
NL,PH,Llovera,Mauricio,0,0,18.00,0,0,3,8,2,3,0,,,,,
NL,PH,McClain,Reggie,0,0,5.06,0,0,16,22,7,9,3,,,,,
NL,PH,Medina,Adonis,0,1,5.25,3,0,12,11,7,10,1,,,,,
NL,PH,Morgan,Adam,1,2,4.74,0,0,38,38,16,42,7,,,,,
NL,PH,Neris,Hector,5,5,4.22,0,27,64,61,30,79,5,,,,,
NL,PH,Nola,Aaron,13,12,3.42,32,0,208,170,66,255,25,,,,,
NL,PH,Parker,Blake,5,1,3.64,3,0,47,40,21,60,6,,,,,
NL,PH,Phelps,David,7,7,4.72,0,0,61,56,20,76,14,,,,,
NL,PH,Pivetta,Nick,0,0,9.00,0,0,17,23,5,14,5,,,,,
NL,PH,Romero,JoJo,3,8,6.10,0,0,31,36,11,26,4,,,,,
NL,PH,Rosso,Ramon,0,2,5.79,3,0,28,27,17,29,4,,,,,
NL,PH,Suarez,Ranger,0,1,10.50,0,0,12,20,7,6,2,,,,,
NL,PH,Velasquez,Vince,3,3,5.00,19,0,99,101,43,118,16,,,,,
NL,PH,Wheeler,Zack,12,8,3.57,30,0,207,200,54,169,21,,,,,
NL,PH,Workman,Brandon,2,6,5.21,0,22,38,48,22,47,8,,,,,
NL,PI,Bashlor,Tyler,1,1,6.38,0,0,24,25,12,21,5,,,,,
NL,PI,Brault,Steven,5,8,4.20,27,0,120,103,63,104,12,,,,,
NL,PI,Brubaker,JT,3,8,4.77,24,0,134,138,52,117,19,,,,,
NL,PI,Burdi,Nick,0,1,3.86,0,1,7,6,4,10,0,,,,,
NL,PI,Cederlind,Blake,0,0,4.91,0,0,11,10,5,10,1,,,,,
NL,PI,Crick,Kyle,0,1,2.81,0,0,16,17,9,19,1,,,,,
NL,PI,Davis,Austin,1,1,7.11,0,0,19,24,7,17,3,,,,,
NL,PI,Del Pozo,Miguel,0,0,9.90,0,0,10,15,12,7,1,,,,,
NL,PI,Feliz,Michael,0,0,16.20,0,0,5,7,4,6,2,,,,,
NL,PI,Hartlieb,Geoff,3,1,4.00,0,0,63,55,40,57,6,,,,,
NL,PI,Holland,Derek,2,8,5.95,14,0,115,119,48,115,28,,,,,
NL,PI,Holmes,Clay,0,0,2.25,0,0,4,5,1,3,0,,,,,
NL,PI,Howard,Sam,5,9,4.50,0,0,60,53,26,69,11,,,,,
NL,PI,Kela,Keone,0,0,4.50,0,0,6,7,3,8,2,,,,,
NL,PI,Keller,Mitch,3,5,3.77,14,0,62,45,35,55,10,,,,,
NL,PI,Kuhl,Chad,6,7,4.40,24,0,131,116,63,127,20,,,,,
NL,PI,Mears,Nick,0,0,5.14,0,0,14,12,12,17,2,,,,,
NL,PI,Musgrove,Joe,7,10,4.18,22,0,112,105,37,123,16,,,,,
NL,PI,Neverauskas,Dovydas,1,5,5.50,0,0,54,59,27,61,10,,,,,
NL,PI,Ponce,Cody,1,1,3.94,8,0,48,43,17,38,10,,,,,
NL,PI,Rios,Yacksel,0,0,6.55,0,0,11,10,6,9,1,,,,,
NL,PI,Rodriguez,Richard,6,5,3.27,0,9,66,54,17,80,8,,,,,
NL,PI,Stratton,Chris,6,7,4.29,0,0,84,81,32,90,12,,,,,
NL,PI,Tropeano,Nick,1,0,3.40,0,0,45,44,15,47,7,,,,,
NL,PI,Turley,Nik,3,7,4.94,0,1,62,51,33,60,7,,,,,
NL,PI,Waddell,Brandon,0,0,4.00,0,0,9,7,5,6,1,,,,,
NL,PI,Williams,Trevor,7,16,5.37,30,0,156,174,53,128,32,,,,,
NL,SC,Cabrera,Genesis,7,3,3.65,0,1,69,49,38,80,9,,,,,
NL,SC,Crismatt,Nabil,0,0,4.15,0,0,26,23,6,23,5,,,,,
NL,SC,Cruz,Jesus,0,0,9.00,0,0,3,5,2,4,0,,,,,
NL,SC,Elledge,Seth,2,2,4.50,0,0,36,34,22,42,6,,,,,
NL,SC,Fernandez,Junior,0,0,10.00,0,0,9,12,5,7,2,,,,,
NL,SC,Flaherty,Jack,12,8,4.02,25,0,123,101,42,145,17,,,,,
NL,SC,Gallegos,Giovanny,3,3,3.52,0,11,46,34,13,61,5,,,,,
NL,SC,Gant,John,2,7,3.33,0,0,46,36,20,48,3,,,,,
NL,SC,Gomber,Austin,3,6,3.48,11,0,88,73,40,82,10,,,,,
NL,SC,Helsley,Ryan,2,2,4.86,0,4,37,30,20,35,7,,,,,
NL,SC,Hudson,Dakota,8,8,3.86,22,0,119,101,52,89,13,,,,,
NL,SC,Kaminsky,Rob,0,0,3.21,0,0,14,12,6,11,1,,,,,
NL,SC,Kim,Kwang-hyun,8,3,3.93,20,1,119,107,36,88,13,,,,,
NL,SC,Martinez,Carlos,0,6,6.68,14,0,62,77,28,53,13,,,,,
NL,SC,Meisinger,Ryan,0,0,2.25,0,0,8,6,7,8,1,,,,,
NL,SC,Miller,Andrew,2,2,3.38,0,11,40,31,16,46,3,,,,,
NL,SC,Oviedo,Johan,0,7,5.52,14,0,75,74,48,60,9,,,,,
NL,SC,Ponce de Leon,Daniel,7,8,4.77,22,0,100,82,57,116,19,,,,,
NL,SC,Ramirez,Roel,0,0,36.00,0,0,2,8,2,2,5,,,,,
NL,SC,Reyes,Alex,3,2,3.84,3,5,61,48,37,76,6,,,,,
NL,SC,Sanchez,Ricardo,0,0,5.63,0,0,16,17,10,12,3,,,,,
NL,SC,Wainwright,Adam,13,9,4.03,28,0,201,195,63,163,28,,,,,
NL,SC,Webb,Tyler,2,3,3.76,0,1,67,61,28,59,10,,,,,
NL,SC,Whitley,Kodi,0,0,3.21,0,0,14,11,5,14,2,,,,,
NL,SC,Woodford,Jake,3,2,5.54,3,0,65,67,24,50,15,,,,,
NL,SD,Adams,Austin,0,0,3.27,0,0,11,9,6,18,2,,,,,
NL,SD,Altavilla,Dan,1,1,3.75,0,0,24,19,14,28,2,,,,,
NL,SD,Baez,Michel,0,0,5.54,3,0,13,16,6,16,1,,,,,
NL,SD,Bednar,David,0,0,5.50,0,0,18,24,7,17,3,,,,,
NL,SD,Clevinger,Mike,6,2,3.57,11,0,53,43,15,58,6,,,,,
NL,SD,Davies,Zach,14,9,3.68,32,0,193,181,57,153,26,,,,,
NL,SD,Guerra,Javy,2,1,7.05,0,0,37,53,14,33,5,,,,,
NL,SD,Hill,Tim,6,3,4.14,0,0,50,47,17,50,8,,,,,
NL,SD,Johnson,Pierce,7,3,3.54,0,0,56,47,22,64,7,,,,,
NL,SD,Lamet,Dinelson,9,7,3.00,32,0,192,135,68,246,20,,,,,
NL,SD,Lucchesi,Joey,0,2,5.63,5,0,16,26,6,14,1,,,,,
NL,SD,Morejon,Adrian,3,3,4.50,11,0,54,52,20,63,12,,,,,
NL,SD,Paddack,Chris,10,10,4.39,32,0,164,161,37,162,31,,,,,
NL,SD,Pagan,Emilio,1,3,3.92,0,6,62,45,23,68,10,,,,,
NL,SD,Patino,Luis,3,6,4.78,3,0,49,47,33,53,8,,,,,
NL,SD,Perdomo,Luis,1,1,4.96,3,0,49,45,22,42,7,,,,,
NL,SD,Pomeranz,Drew,2,1,2.42,0,23,52,33,25,73,5,,,,,
NL,SD,Quantrill,Cal,3,2,3.86,3,1,49,49,16,45,7,,,,,
NL,SD,Richards,Garrett,12,10,4.03,27,0,143,132,51,130,20,,,,,
NL,SD,Rosenthal,Trevor,1,1,2.57,0,13,28,17,12,39,2,,,,,
NL,SD,Stammen,Craig,7,5,4.84,0,0,67,69,15,57,7,,,,,
NL,SD,Strahm,Matt,1,6,3.57,0,0,58,48,13,49,7,,,,,
NL,SD,Williams,Taylor,0,0,6.00,0,0,3,4,1,3,0,,,,,
NL,SD,Yates,Kirby,0,1,7.50,0,9,12,15,7,19,2,,,,,
NL,SF,Anderson,Shaun,1,1,3.56,0,0,43,36,23,42,8,,,,,
NL,SF,Anderson,Tyler,9,8,4.37,30,0,167,161,64,132,21,,,,,
NL,SF,Baragar,Caleb,9,3,4.86,2,0,63,59,20,52,9,,,,,
NL,SF,Cahill,Trevor,5,7,3.99,16,0,70,57,34,71,8,,,,,
NL,SF,Coonrod,Sam,1,3,6.59,0,6,41,43,19,40,5,,,,,
NL,SF,Cueto,Johnny,8,11,4.83,32,0,177,177,60,149,26,,,,,
NL,SF,Garcia,Jarlin,5,3,3.12,0,0,52,42,19,39,5,,,,,
NL,SF,Garcia,Rico,1,1,4.82,0,0,28,32,10,23,3,,,,,
NL,SF,Gausman,Kevin,9,8,3.83,27,0,167,150,47,186,24,,,,,
NL,SF,Gott,Trevor,2,3,7.09,0,13,33,36,17,27,11,,,,,
NL,SF,Jimenez,Dany,0,0,4.50,0,0,4,3,5,3,0,,,,,
NL,SF,Menez,Conner,1,0,3.66,0,0,32,23,15,28,5,,,,,
NL,SF,Peralta,Wandy,3,3,4.03,0,0,76,70,31,66,11,,,,,
NL,SF,Rodriguez,Dereck,0,0,9.00,0,0,11,20,6,7,4,,,,,
NL,SF,Rogers,Tyler,7,7,4.04,0,13,78,80,25,65,5,,,,,
NL,SF,Samardzija,Jeff,0,5,6.89,11,0,47,55,13,27,13,,,,,
NL,SF,Selman,Sam,3,3,3.67,0,5,54,39,26,66,5,,,,,
NL,SF,Smyly,Drew,2,5,4.14,14,0,74,65,27,90,10,,,,,
NL,SF,Suarez,Andrew,0,0,4.33,0,0,27,27,13,17,3,,,,,
NL,SF,Triggs,Andrew,0,1,36.00,0,0,1,1,4,0,0,,,,,
NL,SF,Watson,Tony,3,1,3.53,0,13,51,43,13,43,8,,,,,
NL,SF,Webb,Logan,9,10,4.68,30,0,152,161,64,129,15,,,,,
NL,WN,Bacus,Dakota,1,1,5.73,0,0,33,37,20,25,5,,,,,
NL,WN,Barrett,Aaron,0,0,7.20,0,0,5,5,4,3,0,,,,,
NL,WN,Bourque,James,1,0,5.25,0,0,12,10,10,7,2,,,,,
NL,WN,Braymer,Ben,1,0,3.86,3,0,21,22,12,19,2,,,,,
NL,WN,Corbin,Patrick,9,13,4.10,30,0,189,204,55,188,26,,,,,
NL,WN,Crowe,Wil,0,3,7.88,8,0,24,33,16,20,8,,,,,
NL,WN,Doolittle,Sean,1,3,4.91,0,0,22,23,9,20,6,,,,,
NL,WN,Espino,Paolo,0,0,4.76,3,0,17,21,6,17,3,,,,,
NL,WN,Fedde,Erick,5,8,4.72,22,0,145,149,61,89,24,,,,,
NL,WN,Finnegan,Kyle,5,3,3.80,0,0,71,62,36,74,8,,,,,
NL,WN,Freeman,Sam,0,0,3.21,0,0,14,10,13,14,1,,,,,
NL,WN,Guerra,Javy,1,1,4.40,0,0,45,52,19,38,8,,,,,
NL,WN,Harper,Ryne,2,1,5.61,0,0,69,75,24,67,12,,,,,
NL,WN,Harris,Will,1,3,3.71,0,1,51,54,20,55,8,,,,,
NL,WN,Hudson,Daniel,6,3,5.40,0,30,60,51,27,71,14,,,,,
NL,WN,McGowin,Kyle,1,1,4.22,0,1,32,28,12,38,5,,,,,
NL,WN,Rainey,Tanner,2,3,3.20,0,0,59,34,31,86,9,,,,,
NL,WN,Romero,Seth,0,1,9.00,0,0,8,11,6,9,2,,,,,
NL,WN,Sanchez,Anibal,10,13,5.92,30,0,152,181,54,124,31,,,,,
NL,WN,Scherzer,Max,15,9,3.43,32,0,194,173,58,257,27,,,,,
NL,WN,Strasburg,Stephen,0,1,6.43,5,0,14,18,3,10,2,,,,,
NL,WN,Suero,Wander,7,1,3.65,0,0,69,62,26,74,7,,,,,
NL,WN,Voth,Austin,7,9,5.48,30,0,143,155,49,123,31,,,,,
,,,,,,,,,,,,,,,,,,
,,,,,,,,,,,,,,,,,,