tm,p,int,ul,r,age,b,player_1,player_2,pa,sb,bbl,hbp,hitl,1bl,2bl,3bl,hrl,bpl,obl,tbl,obtb_l,bbr,hbp,hitr,1br,2br,3br,hrr,bpr,obr,tbr,obtb_r,tot
laa,ss,,,4,22,r,"Soto, Livan",Livan Soto,59,1,0,0,25,16,3,0,6,8,25,46,71,4,0,74,50,19,5,0,0,78,103,181,150
nya,lf,,,3,23,r,"Carpenter, Matt",Matt Carpenter,154,0,14,8,32,7,5,0,20,8,54,97,151,18,8,24,2,7,0,15,8,50,76,126,133
cin,c,,,2,26,r,"Kolozsvary, Mark",Mark Kolozsvary,21,0,0,0,12,0,12,0,0,0,12,24,36,16,0,38,0,18,0,20,8,54,116,170,132
nya,rf,,,1,32,r,"Judge, Aaron",Aaron Judge,692,16,17,2,23,6,1,0,16,8,42,72,114,22,2,29,8,4,0,17,8,53,84,137,130
phn,rf,,,3,26,r,"Guthrie, Dalton",Dalton Guthrie,28,1,34,10,23,23,0,0,0,0,67,23,90,41,10,20,7,0,0,13,8,71,59,130,119
sln,1b,,,1,34,r,"Goldschmidt, Paul",Paul Goldschmidt,651,7,26,2,42,15,13,0,14,8,70,97,167,15,2,27,14,6,0,7,8,44,54,98,118
hoa,lf,3,,4,25,l,"Alvarez, Yordan",Yordan Alvarez,561,1,20,3,29,12,9,0,8,8,52,62,114,18,3,26,9,4,0,13,8,47,69,116,115
laa,cf,,,2,30,r,"Trout, Mike",Mike Trout,499,1,18,3,28,5,12,0,11,8,49,73,122,9,3,25,6,4,0,15,8,37,74,111,114
mna,ss,,,3,23,r,"Lewis, Royce",Royce Lewis,41,0,15,0,43,1,42,0,0,0,58,85,143,0,0,30,12,8,0,10,8,30,68,98,111
wan,1b,,,3,30,r,"Meneses, Joey",Joey Meneses,240,1,2,1,47,22,14,0,11,8,50,94,144,4,1,33,23,3,0,7,8,38,57,95,109
mln,cf,,,3,23,l,"Mitchell, Garrett",Garrett Mitchell,68,8,0,0,77,77,0,0,0,0,77,77,154,12,0,29,22,4,0,3,4,41,42,83,103
oaa,lf,,,4,25,l,"Capel, Conner",Conner Capel,59,1,99,0,3,3,0,0,0,0,102,3,105,4,0,32,20,0,3,9,8,36,65,101,102
hoa,2b,,,3,32,r,"Altuve, Jose",Jose Altuve,604,18,16,4,34,10,14,0,10,8,54,78,132,14,4,25,14,6,0,5,7,43,46,89,101
boa,lf,,,4,27,r,"Davis, Jaylin",Jaylin Davis,27,0,32,0,24,24,0,0,0,0,56,24,80,0,0,48,34,14,0,0,0,48,62,110,101
baa,lf,,,4,27,r,"Stowers, Kyle",Kyle Stowers,98,0,0,5,73,53,0,0,20,8,78,133,211,3,5,21,16,3,1,1,1,29,29,58,101
sln,3b,,ATL,1,31,r,"Arenado, Nolan",Nolan Arenado,620,5,9,3,21,0,5,0,16,8,33,74,107,9,3,30,15,10,0,5,7,42,55,97,100
sdn,3b,,,1,29,r,"Machado, Manny",Manny Machado,644,9,12,0,22,11,0,0,11,8,34,55,89,9,0,33,18,9,0,6,8,42,60,102,98
lan,1b,,,1,32,l,"Freeman, Freddie",Freddie Freeman,708,13,9,2,29,19,8,0,2,3,40,43,83,16,2,34,22,9,0,3,4,52,52,104,98
con,lf,,,3,26,r,"Bouchard, Sean",Sean Bouchard,97,0,11,3,17,0,14,0,3,4,31,40,71,52,3,21,14,4,0,3,4,76,34,110,99
lan,lf,,,3,31,r,"Thompson, Trayce",Trayce Thompson,255,4,11,2,13,0,10,0,3,4,26,32,58,23,2,27,13,4,0,10,8,52,61,113,97
atn,3b,3,,4,25,r,"Riley, Austin",Austin Riley,693,2,16,6,31,8,12,1,10,8,53,75,128,7,6,21,9,4,0,8,8,34,49,83,96
boa,3b,,,4,25,l,"Devers, Rafael",Rafael Devers,614,3,0,2,27,16,9,0,2,3,29,42,71,7,2,32,15,9,0,8,8,41,65,106,96
cha,lf,,,4,27,r,"Jimenez, Eloy",Eloy Jimenez,327,0,13,2,29,22,2,0,5,7,44,46,90,9,2,29,19,2,0,8,8,40,55,95,94
lan,rf,,,1,29,r,"Betts, Mookie",Mookie Betts,639,12,12,3,30,11,9,0,10,8,45,69,114,9,3,21,6,7,0,8,8,33,52,85,93
phn,rf,,,3,29,l,"Harper, Bryce",Bryce Harper,426,11,14,2,20,7,12,0,1,1,36,35,71,9,2,30,15,7,0,8,8,41,61,102,93
arn,lf,,,3,21,l,"Carroll, Corbin",Corbin Carroll,115,2,0,6,22,0,16,6,0,0,28,50,78,9,6,27,10,9,1,7,8,42,59,101,94
wan,lf,,,3,34,l,"Strange-Gordon, Dee",Dee Strange-Gordon,59,3,0,0,77,77,0,0,0,0,77,77,154,0,0,32,29,0,3,0,0,32,38,70,94
sln,1b,,,4,42,r,"Pujols, Albert",Albert Pujols,351,1,5,7,39,16,4,0,19,8,51,100,151,10,7,14,5,2,0,7,8,31,37,68,92
nyn,2b,,,2,30,s,"McNeil, Jeff",Jeff McNeil,589,4,6,4,33,29,4,0,0,0,43,37,80,6,4,37,26,10,0,1,1,47,50,97,92
sea,c,,,2,31,r,"Murphy, Tom",Tom Murphy,41,0,45,0,22,22,0,0,0,0,67,22,89,29,0,22,9,9,0,4,5,51,43,94,93
laa,1b,,,5,28,l,"Ohtani, Shohei",Shohei Ohtani,666,11,8,2,23,14,3,1,5,7,33,43,76,12,2,25,10,5,1,9,8,39,59,98,92
atn,cf,,,2,21,l,"Harris II, Michael",Michael Harris II,441,20,2,3,19,12,7,0,0,0,24,26,50,1,3,37,22,7,0,8,8,41,68,109,92
nyn,1b,,,3,27,r,"Alonso, Pete",Pete Alonso,685,5,16,4,17,7,2,0,8,8,37,43,80,6,4,26,13,3,0,10,8,36,59,95,91
toa,c,,,2,27,r,"Jansen, Danny",Danny Jansen,248,1,28,3,12,2,4,0,6,8,43,34,77,7,3,25,11,3,0,11,8,35,61,96,91
cin,c,,,3,25,r,"Stephenson, Tyler",Tyler Stephenson,183,1,13,4,36,35,1,0,0,0,53,37,90,2,4,33,22,6,0,5,7,39,54,93,92
atn,c,,,3,24,r,"Contreras, William",William Contreras,376,2,21,1,35,21,7,1,6,8,57,62,119,10,1,20,11,0,0,9,8,31,47,78,90
sdn,rf,,,4,29,l,"Beaty, Matt",Matt Beaty,47,0,0,10,71,0,0,71,0,0,81,213,294,1,10,0,0,0,0,0,0,11,0,11,91
tea,1b,,ATL,4,26,l,"Lowe, Nathaniel",Nathaniel Lowe,645,2,5,1,38,29,2,0,7,8,44,61,105,8,1,28,20,3,0,5,7,37,46,83,89
sea,cf,,,3,21,r,"Rodriguez, Julio",Julio Rodriguez,560,25,14,3,23,15,0,0,8,8,40,47,87,3,3,29,17,5,0,7,8,35,55,90,89
tos,rf,2,,4,29,r,"Hernandez, Teoscar",Teoscar Hernandez,535,6,4,1,29,1,14,0,14,8,34,85,119,5,1,24,12,7,0,5,7,30,46,76,88
sfn,lf,,,3,30,l,"Pederson, Joc",Joc Pederson,433,3,18,4,17,11,2,0,4,5,39,31,70,10,4,25,12,4,0,9,8,39,56,95,88
cla,rf,,,3,24,r,"Brennan, Will",Will Brennan,45,2,0,5,5,5,0,0,0,0,10,5,15,0,5,50,44,0,4,2,3,55,64,119,89
mln,2b,,,4,27,r,"Mathias, Mark",Mark Mathias,91,3,13,0,16,4,1,0,11,8,29,50,79,12,0,25,14,1,0,10,8,37,56,93,89
phn,2b,,,4,27,r,"Maton, Nick",Nick Maton,85,0,19,3,18,9,3,0,6,8,40,39,79,17,3,18,5,0,2,11,8,38,55,93,89
cla,3b,,,1,29,d,"Ramirez, Jose",Jose Ramirez,685,20,3,2,19,11,4,0,4,5,24,35,59,9,2,29,12,10,0,7,8,40,60,100,88
boa,ss,,,3,29,r,"Bogaerts, Xander",Xander Bogaerts,631,8,20,4,39,26,11,0,2,3,63,56,119,8,4,27,20,6,0,1,1,39,36,75,87
kca,1b,,,4,24,r,"Pasquantino, Vinnie",Vinnie Pasquantino,298,1,25,3,32,28,4,0,0,0,60,36,96,14,3,24,17,1,0,6,8,41,43,84,87
boa,rf,,,4,31,r,"Refsnyder, Rob",Rob Refsnyder,177,1,9,8,39,22,12,0,5,7,56,66,122,10,8,22,15,4,0,3,4,40,35,75,88
mmn,2b,,,3,24,l,"Chisholm, Jazz",Jazz Chisholm Jr.,240,12,0,3,13,0,11,0,2,3,16,30,46,13,3,24,9,2,3,10,8,40,62,102,86
arn,lf,,,4,26,r,"Garrett, Stone",Stone Garrett,81,3,0,3,34,6,22,0,6,8,37,74,111,5,3,18,2,7,0,9,8,26,52,78,87
mna,ss,,,1,27,r,"Correa, Carlos",Carlos Correa,590,0,23,1,25,8,12,0,5,7,49,52,101,10,1,28,24,0,0,4,5,39,40,79,85
nya,ss,,,4,22,r,"Peraza, Oswald",Oswald Peraza,57,2,57,9,4,4,0,0,0,0,70,4,74,1,9,35,25,9,0,1,1,45,47,92,87
arn,ss,,,2,32,r,"Ahmed, Nick",Nick Ahmed,54,0,0,0,10,0,0,0,10,8,10,40,50,3,0,34,21,5,0,8,8,37,63,100,86
cla,2b,,,1,23,l,"Gimenez, Andres",Andres Gimenez,557,20,3,11,36,30,3,0,3,4,50,48,98,3,11,26,18,5,0,3,4,40,40,80,85
cha,1b,,,2,35,r,"Abreu, Jose",Jose Abreu,679,0,18,4,25,14,8,0,3,4,47,42,89,9,4,31,24,6,0,1,1,44,40,84,85
laa,rf,,ATL,4,28,r,"Ward, Taylor",Taylor Ward,564,5,18,2,21,18,1,0,2,3,41,28,69,13,2,26,16,3,0,7,8,41,50,91,85
cin,3b,,ATL,4,29,r,"Drury, Brandon",Brandon Drury,568,2,0,3,33,9,11,0,13,8,36,83,119,8,3,20,11,4,0,5,7,31,39,70,84
cla,rf,FA,,3,24,r,"Gonzalez, Oscar",Oscar Gonzalez,382,1,0,2,26,18,2,0,6,8,28,46,74,0,2,35,21,13,0,1,1,37,51,88,84
lan,1b,,,3,29,l,"Rios, Edwin",Edwin Rios,92,0,0,3,20,0,0,0,20,8,23,80,103,3,3,21,11,0,0,10,8,27,51,78,85
sdn,rf,,,2,23,l,"Soto, Juan",Juan Soto,663,6,26,2,10,7,0,0,3,4,38,19,57,38,2,15,4,4,0,7,8,55,40,95,84
atn,c,,,2,33,r,"d'Arnaud, Travis",Travis d'Arnaud,426,0,0,6,40,24,8,0,8,8,46,72,118,2,6,20,9,6,0,5,7,28,41,69,83
lan,ss,,,2,29,r,"Turner, Trea",Trea Turner,706,27,3,1,32,19,5,0,8,8,36,61,97,6,1,31,24,6,0,1,1,38,40,78,83
con,lf,,,3,30,r,"Bryant, Kris",Kris Bryant,181,0,6,3,37,14,18,0,5,7,46,70,116,16,3,25,23,2,0,0,0,44,27,71,84
nyn,rf,,,2,33,r,"Marte, Starling",Starling Marte,505,18,8,6,29,18,5,0,6,8,43,52,95,0,6,29,21,4,2,2,3,35,43,78,83
phn,c,,,1,31,r,"Realmuto, J.T.",J.T. Realmuto,562,21,10,5,22,14,2,3,3,4,37,39,76,6,5,26,15,5,0,6,8,37,49,86,83
toa,1b,,,2,23,r,"Guerrero, Vladimir",Vladimir Guerrero Jr.,706,8,7,2,20,15,1,0,4,5,29,33,62,8,2,27,14,6,0,7,8,37,54,91,83
mna,cf,,,1,28,r,"Buxton, Byron",Byron Buxton,382,6,10,4,20,2,3,0,15,8,34,68,102,11,4,12,0,0,1,11,8,27,47,74,82
tba,3b,,,4,30,r,"Diaz, Yandy",Yandy Diaz,558,3,18,3,28,12,15,0,1,1,49,46,95,22,3,24,20,4,0,0,0,49,28,77,82
chn,c,,ATL,2,30,r,"Contreras, Willson",Willson Contreras,487,4,9,12,17,0,6,0,11,8,38,56,94,12,12,17,8,4,0,5,7,41,36,77,82
toa,ss,,,4,24,r,"Bichette, Bo",Bo Bichette,697,13,8,1,23,14,3,0,6,8,32,44,76,3,1,32,21,8,0,3,4,36,49,85,82
boa,1b,,,4,22,l,"Casas, Triston",Triston Casas,95,1,43,0,7,7,0,0,0,0,50,7,57,32,0,12,0,0,0,12,8,44,48,92,82
hoa,3b,,,2,28,r,"Bregman, Alex",Alex Bregman,656,1,22,4,12,5,7,0,0,0,38,19,57,19,4,22,9,7,0,6,8,45,47,92,82
boa,lf,,,4,34,r,"Martinez, J.D.",J.D. Martinez,483,1,17,2,31,7,20,0,4,5,50,63,113,8,2,23,14,7,0,2,3,33,36,69,81
nya,1b,,,1,32,l,"Rizzo, Anthony",Anthony Rizzo,548,6,13,11,18,0,6,0,12,8,42,60,102,12,11,12,3,1,0,8,8,35,37,72,81
phn,c,,,3,29,l,"Stubbs, Garrett",Garrett Stubbs,121,2,22,0,32,11,2,0,19,8,54,91,145,15,0,18,15,1,1,1,1,33,24,57,82
chn,3b,,,3,29,r,"Bote, David",David Bote,127,1,9,7,17,0,17,0,0,0,33,34,67,0,7,29,19,4,0,6,8,36,51,87,81
mln,rf,,,3,30,r,"Renfroe, Hunter",Hunter Renfroe,522,1,15,2,20,11,0,0,9,8,37,47,84,5,2,22,9,5,0,8,8,29,51,80,81
phn,lf,,,4,29,l,"Schwarber, Kyle",Kyle Schwarber,669,10,19,1,8,2,0,0,6,8,28,26,54,18,1,15,0,1,0,14,8,34,58,92,81
tos,cf,,,2,32,r,"Springer, George",George Springer,579,14,13,3,19,13,0,0,6,8,35,37,72,11,3,24,15,3,0,6,8,38,45,83,80
atn,1b,,,1,28,l,"Olson, Matt",Matt Olson,699,0,18,1,16,6,6,0,4,5,35,34,69,11,1,19,2,8,0,9,8,31,54,85,80
dea,lf,,,4,24,l,"Carpenter, Kerry",Kerry Carpenter,113,0,0,6,15,10,0,0,5,7,21,30,51,6,6,23,9,4,1,9,8,35,56,91,80
hoa,rf,,,2,25,l,"Tucker, Kyle",Kyle Tucker,606,25,6,0,17,6,2,0,9,8,23,46,69,14,0,24,13,5,0,6,8,38,47,85,80
mna,1b,,,4,25,l,"Arraez, Luis",Luis Arraez,603,4,8,1,24,24,0,0,0,0,33,24,57,9,1,36,29,7,0,0,0,46,43,89,80
cin,lf,,,4,29,r,"Friedl, TJ",TJ Friedl,258,7,20,7,30,12,4,8,6,8,57,68,125,7,7,16,9,2,2,3,4,30,31,61,79
cha,ss,,,3,29,r,"Anderson, Tim",Tim Anderson,351,13,2,3,52,48,1,0,3,4,57,62,119,0,3,29,27,2,0,0,0,32,31,63,79
cha,ss,,,3,27,r,"Mendick, Danny",Danny Mendick,106,1,0,2,46,30,11,0,5,7,48,72,120,8,2,23,20,0,1,2,3,33,31,64,80
nyn,lf,,,4,25,l,"Plummer, Nick",Nick Plummer,31,0,13,7,0,0,0,0,0,0,20,0,20,0,7,21,0,4,0,17,8,28,76,104,80
arn,1b,2,,1,31,r,"Walker, Christian",Christian Walker,667,2,15,3,20,8,6,0,6,8,38,44,82,13,3,17,7,1,0,9,8,33,45,78,79
sea,c,,,1,25,r,"Raleigh, Cal",Cal Raleigh,415,1,20,1,13,0,9,1,3,4,34,33,67,9,1,16,0,3,0,13,8,26,58,84,79
cha,cf,,,1,24,r,"Robert, Luis",Luis Robert,401,11,6,2,42,36,2,0,4,5,50,56,106,0,2,26,19,4,0,3,4,28,39,67,78
lan,c,,,2,27,r,"Smith, Will D.",Will D. Smith,578,1,12,4,28,18,4,0,6,8,44,50,94,11,4,19,10,4,0,5,7,34,38,72,78
baa,3b,,,3,21,s,"Henderson, Gunnar",Gunnar Henderson,132,1,16,0,11,0,11,0,0,0,27,22,49,16,0,27,17,4,1,5,7,43,48,91,79
toa,c,,,2,22,r,"Moreno, Gabriel",Gabriel Moreno,73,0,10,0,37,37,0,0,0,0,47,37,84,0,0,37,36,0,0,1,1,37,40,77,79
atn,ss,,,1,28,r,"Swanson, Dansby",Dansby Swanson,696,18,12,1,29,19,6,0,4,5,42,47,89,5,1,26,19,3,0,4,5,32,41,73,78
pin,cf,,,2,27,s,"Reynolds, Bryan",Bryan Reynolds,614,7,8,6,24,19,0,0,5,7,38,39,77,10,6,21,13,1,1,6,8,37,42,79,78
con,1b,,,2,32,r,"Cron, C.J.",C.J. Cron,632,0,5,3,13,4,0,1,8,8,21,39,60,4,3,27,15,6,0,6,8,34,51,85,78
phn,1b,,,4,29,r,"Hoskins, Rhys",Rhys Hoskins,672,2,19,2,24,8,9,1,6,8,45,53,98,13,2,16,7,3,0,6,8,31,37,68,77
nyn,ss,,,1,28,s,"Lindor, Francisco",Francisco Lindor,706,16,6,3,25,17,2,0,6,8,34,45,79,10,3,24,18,1,1,4,5,37,39,76,77
atn,2b,,,3,21,r,"Grissom, Vaughn",Vaughn Grissom,156,5,9,5,35,26,3,0,6,8,49,56,105,4,5,25,21,2,0,2,3,34,33,67,78
kca,rf,,,3,23,s,"Waters, Drew",Drew Waters,108,0,0,0,21,0,9,0,12,8,21,66,87,21,0,17,7,5,1,4,5,38,36,74,78
wan,c,,,2,27,r,"Barrera, Tres",Tres Barrera,53,0,0,0,0,0,0,0,0,0,0,0,0,4,0,48,41,7,0,0,0,52,55,107,77
lan,3b,,,4,37,r,"Turner, Justin",Justin Turner,532,3,9,3,25,21,3,0,1,1,37,31,68,13,3,24,11,11,0,2,3,40,41,81,77
nya,lf,,,2,27,l,"Benintendi, Andrew",Andrew Benintendi,521,8,13,1,23,23,0,0,0,0,37,23,60,13,1,32,26,6,0,0,0,46,38,84,77
tba,lf,,,2,27,r,"Arozarena, Randy",Randy Arozarena,645,32,3,4,35,19,9,0,7,8,42,65,107,7,4,20,11,7,0,2,3,31,33,64,76
sea,3b,,,4,30,r,"Suarez, Eugenio",Eugenio Suarez,629,0,21,3,20,5,7,0,8,8,44,51,95,15,3,14,6,1,0,7,8,32,36,68,76
pin,lf,,,2,31,r,"Marisnick, Jake",Jake Marisnick,82,2,1,0,10,0,9,0,1,1,11,22,33,0,0,39,26,11,0,2,3,39,56,95,77
kca,c,,,1,32,r,"Perez, Salvador",Salvador Perez,473,0,2,3,27,8,13,0,6,8,32,58,90,0,3,22,13,2,0,7,8,25,45,70,76
chn,lf,3,,2,27,e,"Happ, Ian",Ian Happ,641,9,2,2,33,25,8,0,0,0,37,41,78,12,2,22,11,8,0,3,4,36,39,75,76
nyn,cf,,ATL,4,29,r,"Nimmo, Brandon",Brandon Nimmo,673,3,13,6,21,14,5,1,1,1,40,31,71,15,6,23,17,3,1,2,3,44,34,78,76
hoa,lf,,,3,35,l,"Brantley, Michael",Michael Brantley,277,1,9,1,29,27,2,0,0,0,39,31,70,17,1,25,17,7,0,1,1,43,35,78,76
sea,1b,,,4,27,r,"France, Ty",Ty France,613,0,1,8,25,20,5,0,0,0,34,30,64,3,8,26,18,3,0,5,7,37,44,81,76
mln,1b,,ATL,4,25,r,"Hiura, Keston",Keston Hiura,266,5,9,7,8,3,2,1,2,3,24,18,42,11,7,19,8,0,0,11,8,37,52,89,76
baa,c,,,1,30,s,"Rutschman, Adley",Adley Rutschman,470,4,21,2,5,0,5,0,0,0,28,10,38,21,2,22,6,12,0,4,5,45,46,91,76
cla,1b,,,4,25,l,"Naylor, Josh",Josh Naylor,498,6,15,3,5,4,1,0,0,0,23,6,29,3,3,28,12,8,0,8,8,34,60,94,76
baa,rf,2,,3,27,s,"Santander, Anthony",Anthony Santander,647,0,13,5,26,13,3,0,10,8,44,59,103,8,5,14,5,2,0,7,8,27,37,64,75
cin,lf,,,3,31,r,"Fairchild, Stuart",Stuart Fairchild,110,0,5,11,18,8,0,0,10,8,34,48,82,9,11,18,9,4,2,3,4,38,35,73,76
con,cf,,,4,28,r,"Daza, Yonathan",Yonathan Daza,408,0,0,2,42,32,8,2,0,0,44,54,98,8,2,26,22,4,0,0,0,36,30,66,75
kca,rf,,,4,26,r,"Olivares, Edward",Edward Olivares,174,2,4,3,28,8,11,0,9,8,35,66,101,4,3,29,28,1,0,0,0,36,30,66,76
tba,1b,,,4,27,r,"Ramirez, Harold",Harold Ramirez,435,3,5,5,42,39,3,0,0,0,52,45,97,0,5,27,20,7,0,0,0,32,34,66,75
nya,2b,,ATL,3,25,r,"Torres, Gleyber",Gleyber Torres,572,10,2,1,23,9,3,0,11,8,26,59,85,7,1,23,14,5,0,4,5,31,40,71,75
mna,3b,,,3,30,r,"Urshela, Gio",Gio Urshela,551,1,3,1,30,18,11,1,0,0,34,43,77,8,1,27,22,2,0,3,4,36,38,74,75
tos,lf,3,,3,28,r,"Gurriel Jr., Lourdes",Lourdes Gurriel Jr.,492,3,0,3,28,16,12,0,0,0,31,40,71,6,3,30,23,7,0,0,0,39,37,76,75
toa,c,,,2,23,r,"Kirk, Alejandro",Alejandro Kirk,541,0,9,2,25,23,0,0,2,3,36,31,67,18,2,25,21,2,0,2,3,45,33,78,75
cla,lf,,,1,24,l,"Kwan, Steven",Steven Kwan,638,19,0,3,29,29,0,0,0,0,32,29,61,15,3,28,23,3,2,0,0,46,35,81,75
sln,rf,FA,,2,24,l,"Nootbaar, Lars",Lars Nootbaar,347,4,32,1,18,6,10,2,0,0,51,32,83,21,1,12,2,3,0,7,8,34,36,70,74
sln,2b,,,3,25,l,"Donovan, Brendan",Brendan Donovan,468,2,31,8,17,14,3,0,0,0,56,20,76,17,8,22,18,4,0,0,0,47,26,73,74
chn,2b,,,4,30,l,"Quiroz, Esteban",Esteban Quiroz,47,1,22,11,52,52,0,0,0,0,85,52,137,8,11,16,16,0,0,0,0,35,16,51,75
arn,rf,,,4,24,r,"McCarthy, Jake",Jake McCarthy,354,23,3,4,28,21,4,0,3,4,35,41,76,6,4,27,21,4,1,1,1,37,36,73,74
tea,ss,,ATL,3,28,l,"Seager, Corey",Corey Seager,663,3,7,3,16,4,2,0,10,8,26,48,74,9,3,21,13,2,0,6,8,33,41,74,74
nya,rf,,,4,32,r,"Stanton, Giancarlo",Giancarlo Stanton,372,4,15,0,8,0,0,0,8,8,23,32,55,14,0,14,1,0,0,13,8,28,53,81,74
chn,rf,,ATL,3,27,r,"Suzuki, Seiya",Seiya Suzuki,446,1,15,2,22,11,5,2,4,5,39,43,82,9,2,22,14,5,0,3,4,33,36,69,73
con,ss,,,3,32,r,"Iglesias, Jose",Jose Iglesias,467,2,0,4,31,18,13,0,0,0,35,44,79,1,4,30,25,5,0,0,0,35,35,70,73
kca,ss,,,4,22,r,"Garcia, Maikel",Maikel Garcia,23,0,0,0,77,56,21,0,0,0,77,98,175,6,0,14,14,0,0,0,0,20,14,34,74
sfn,3b,,,4,28,l,"Vosler, Jason",Jason Vosler,111,1,13,4,14,14,0,0,0,0,31,14,45,9,4,24,11,7,1,5,7,37,48,85,74
mln,3b,,,4,28,r,"Brosseau, Mike",Mike Brosseau,160,2,5,8,24,17,4,0,3,4,37,37,74,19,8,11,3,0,0,8,8,38,35,73,73
wan,cf,,,4,27,r,"Call, Alex",Alex Call,131,3,13,4,11,9,0,2,0,0,28,15,43,19,4,19,11,0,0,8,8,42,43,85,73
cha,rf,,ATL,3,24,r,"Vaughn, Andrew",Andrew Vaughn,555,0,8,4,31,28,3,0,0,0,43,34,77,2,4,24,14,6,0,4,5,30,42,72,73
tea,cf,3,,2,29,r,"Garcia, Adolis",Adolis Garcia,657,25,8,2,18,6,7,0,5,7,28,40,68,2,2,23,11,5,1,6,8,27,48,75,73
nyn,lf,2,,3,33,r,"Canha, Mark",Mark Canha,542,3,12,13,15,9,3,0,3,4,40,27,67,10,13,23,18,4,0,1,1,46,30,76,73
mln,ss,,,1,26,r,"Adames, Willy",Willy Adames,617,8,8,0,16,3,10,0,3,4,24,35,59,8,0,20,8,3,0,9,8,28,50,78,73
oaa,lf,,,3,27,l,"Thomas, Cody",Cody Thomas,32,0,0,0,46,46,0,0,0,0,46,46,92,6,0,8,8,0,0,0,0,14,8,22,73
cha,3b,,,4,26,r,"Burger, Jake",Jake Burger,183,0,9,4,34,7,17,0,10,8,47,81,128,0,4,17,13,0,0,4,5,21,29,50,72
nya,lf,,,2,32,s,"Cabrera, Oswaldo",Oswaldo Cabrera,171,3,12,0,27,20,1,6,0,0,39,40,79,10,0,18,7,5,0,6,8,28,41,69,72
kca,cf,,,2,25,r,"Eaton, Nathan",Nathan Eaton,122,11,4,4,31,16,7,5,3,4,39,57,96,12,4,19,15,0,4,0,0,35,27,62,72
mna,1b,,,4,24,r,"Miranda, Jose",Jose Miranda,483,1,2,5,26,16,0,0,10,8,33,56,89,5,5,24,17,7,0,0,0,34,31,65,72
sfn,3b,,,2,36,r,"Longoria, Evan",Evan Longoria,298,0,5,2,28,18,3,0,7,8,35,52,87,13,2,13,2,4,0,7,8,28,38,66,72
sdn,1b,2,,3,29,s,"Bell, Josh",Josh Bell,647,0,14,2,24,17,2,1,4,5,40,40,80,19,2,20,14,5,0,1,1,41,28,69,72
sln,lf,,,4,24,r,"Yepez, Juan",Juan Yepez,274,0,6,1,22,17,1,0,4,5,29,35,64,4,1,22,10,5,0,7,8,27,48,75,72
cin,cf,,,4,26,r,"Fraley, Jake",Jake Fraley,247,4,5,3,3,0,0,0,3,4,11,12,23,15,3,23,12,3,0,8,8,41,50,91,72
tba,ss,,,3,21,s,"Franco, Wander",Wander Franco,344,8,0,0,35,28,3,2,2,3,35,48,83,10,0,24,16,8,0,0,0,34,32,66,71
boa,2b,,,3,27,r,"Arroyo, Christian",Christian Arroyo,300,5,2,2,31,24,5,1,1,1,35,41,76,0,2,29,22,6,0,1,1,31,38,69,71
boa,rf,,,2,26,l,"Verdugo, Alex",Alex Verdugo,644,1,9,1,24,17,7,0,0,0,34,31,65,4,1,29,21,7,0,1,1,34,39,73,71
atn,cf,,,2,24,r,"Acuna Jr, Ronald",Ronald Acuna Jr.,533,29,19,5,14,9,3,0,2,3,38,23,61,9,5,24,17,4,0,3,4,38,37,75,71
mln,1b,,,4,27,l,"Tellez, Rowdy",Rowdy Tellez,599,1,19,2,11,8,0,0,3,4,32,20,52,9,2,15,0,4,0,11,8,26,52,78,71
mmn,cf,,,4,25,r,"De La Cruz, Bryan",Bryan De La Cruz,354,4,9,1,8,7,0,0,1,1,18,11,29,1,1,28,11,11,0,6,8,30,57,87,71
tba,lf,,,3,27,r,"Quinn, Roman",Roman Quinn,87,4,8,3,0,0,0,0,0,0,11,0,11,10,3,29,13,8,8,0,0,42,53,95,71
con,ss,,,4,26,r,"Trejo, Alan",Alan Trejo,125,1,15,4,6,0,2,0,4,5,25,20,45,0,4,32,24,5,0,3,4,36,46,82,71
tba,3b,,ATL,4,23,r,"Paredes, Isaac",Isaac Paredes,381,0,16,3,15,0,4,0,11,8,34,52,86,17,3,10,0,3,0,7,8,30,34,64,70
oaa,c,,,2,27,r,"Murphy, Sean",Sean Murphy,611,1,22,5,15,4,5,0,6,8,42,38,80,7,5,20,10,8,0,2,3,32,34,66,70
dea,c,,,4,29,r,"Haase, Eric",Eric Haase,351,0,5,1,28,19,6,0,3,4,34,43,77,6,1,19,9,4,0,6,8,26,41,67,70
wan,lf,,,4,34,l,"Hernandez, Yadiel",Yadiel Hernandez,327,2,0,1,26,20,6,0,0,0,27,32,59,5,1,26,18,4,0,4,5,32,42,74,70
mna,2b,,ATL,3,28,s,"Polanco, Jorge",Jorge Polanco,445,3,10,1,16,15,1,0,0,0,27,17,44,28,1,14,5,2,0,7,8,43,37,80,70
boa,2b,,,2,29,r,"Story, Trevor",Trevor Story,396,13,5,2,22,7,5,0,10,8,29,57,86,8,2,17,7,6,0,4,5,27,35,62,69
cin,1b,,,4,34,r,"Solano, Donovan",Donovan Solano,304,1,1,4,32,21,11,0,0,0,37,43,80,6,4,26,23,3,0,0,0,36,29,65,69
con,rf,1,,3,35,l,"Blackmon, Charlie",Charlie Blackmon,577,4,0,3,34,29,3,2,0,0,37,41,78,3,3,21,14,2,0,5,7,27,38,65,69
toa,3b,,,1,29,r,"Chapman, Matt",Matt Chapman,621,2,9,4,19,8,7,0,4,5,32,38,70,16,4,14,5,3,0,6,8,34,35,69,69
sfn,3b,,,4,29,r,"Davis, J.D.",J.D. Davis,365,1,16,4,17,12,2,0,3,4,37,28,65,12,4,19,10,5,0,4,5,35,36,71,69
lan,2b,,,3,24,l,"Lux, Gavin",Gavin Lux,471,7,11,0,23,20,2,1,0,0,34,27,61,14,0,25,19,4,2,0,0,39,33,72,69
cha,c,,,2,28,r,"Zavala, Seby",Seby Zavala,205,0,20,4,11,3,8,0,0,0,35,19,54,10,4,26,17,9,0,0,0,40,35,75,69
pin,ss,,,3,23,l,"Cruz, Oneil",Oneil Cruz,361,11,7,1,5,0,0,3,2,3,13,17,30,8,1,24,12,4,0,8,8,33,52,85,69
nyn,1b,,,5,29,l,"Vogelbach, Dan","Dan Vogelbach,",461,0,19,1,0,0,0,0,0,0,20,0,20,26,1,18,7,4,0,7,8,45,43,88,69
mna,rf,,,4,24,r,"Wallner, Matt",Matt Wallner,65,1,3,8,6,0,6,0,0,0,17,12,29,10,8,23,14,3,0,6,8,41,44,85,69
chn,3b,,,4,30,r,"Wisdom, Patrick",Patrick Wisdom,534,8,8,4,20,2,6,0,12,8,32,62,94,14,4,10,0,5,0,5,7,28,30,58,68
kca,c,,,4,29,r,"Gallagher, Cam",Cam Gallagher,47,0,2,0,28,0,28,0,0,0,30,56,86,8,0,21,10,11,0,0,0,29,32,61,68
phn,1b,,,4,26,l,"Hall, Darick",Darick Hall,142,0,0,2,0,0,0,0,0,0,2,0,2,0,2,26,8,7,0,11,8,28,66,94,68
cla,ss,,,2,26,r,"Rosario, Amed",Amed Rosario,670,18,2,1,32,21,9,0,2,3,35,47,82,0,1,29,27,0,2,0,0,30,33,63,68
chn,ss,,,2,25,r,"Hoerner, Nico",Nico Hoerner,517,20,0,3,31,24,5,2,0,0,34,40,74,2,3,27,23,3,0,1,1,32,33,65,68
baa,1b,,,4,25,r,"Mountcastle, Ryan",Ryan Mountcastle,609,4,5,2,19,12,4,0,3,4,26,32,58,7,2,22,13,4,0,5,7,31,41,72,68
mmn,1b,,ATL,4,31,r,"Cooper, Garrett",Garrett Cooper,469,0,8,5,16,7,9,0,0,0,29,25,54,10,5,23,13,9,0,1,1,38,35,73,68
pin,rf,,,3,23,l,"Suwinski, Jack",Jack Suwinski,446,9,12,3,6,0,0,0,6,8,21,24,45,16,3,16,6,2,0,8,8,35,42,77,68
chn,cf,,,3,23,r,"Morel, Christopher",Christopher Morel,425,10,17,2,8,3,3,0,2,3,27,17,44,9,2,21,10,4,1,6,8,32,45,77,68
mln,2b,,,1,31,l,"Wong, Kolten",Kolten Wong,497,17,16,7,0,0,0,0,0,0,23,0,23,10,7,24,12,7,1,4,5,41,45,86,68
hoa,cf,,,2,27,r,"McCormick, Chas",Chas McCormick,407,4,14,1,36,24,5,1,6,8,51,61,112,17,1,11,8,0,0,3,4,29,20,49,67
sea,cf,,,3,24,l,"Trammell, Taylor",Taylor Trammell,117,2,11,0,4,0,4,0,0,0,15,8,23,17,0,19,0,13,0,6,8,36,50,86,68
boa,c,,,3,31,r,"Vazquez, Christian",Christian Vazquez,426,1,3,2,33,19,12,0,2,3,38,51,89,2,2,25,21,4,0,0,0,29,29,58,67
con,lf,,,4,31,r,"Bernard, Wynton",Wynton Bernard,42,3,0,0,15,6,9,0,0,0,15,24,39,0,0,39,39,0,0,0,0,39,39,78,67
sdn,lf,,,3,31,r,"Myers, Wil",Wil Myers,286,2,8,1,23,13,1,0,9,8,32,51,83,6,1,23,15,8,0,0,0,30,31,61,67
sfn,cf,,,3,29,r,"Slater, Austin",Austin Slater,325,12,16,5,23,15,6,1,1,1,44,34,78,20,5,16,13,2,0,1,1,41,21,62,67
tba,1b,,,4,31,r,"Choi, Ji-Man",Ji-Man Choi,419,0,3,1,31,22,9,0,0,0,35,40,75,23,1,13,5,5,0,3,4,37,27,64,67
sea,rf,,,3,31,r,"Haniger, Mitch",Mitch Haniger,247,0,13,1,19,13,0,0,6,8,33,37,70,6,1,20,13,1,0,6,8,27,39,66,67
sln,2b,,,4,22,l,"Gorman, Nolan",Nolan Gorman,313,1,29,2,13,0,13,0,0,0,44,26,70,9,2,16,7,2,0,7,8,27,39,66,67
tea,2b,,,3,31,r,"Semien, Marcus",Marcus Semien,724,25,14,1,19,11,4,1,3,4,34,34,68,5,1,21,13,3,0,5,7,27,39,66,67
atn,2b,,,2,27,r,"Arcia, Orlando",Orlando Arcia,234,0,13,2,12,8,4,0,0,0,27,16,43,10,2,21,12,2,0,7,8,33,44,77,67
arn,rf,,,1,25,l,"Varsho, Daulton",Daulton Varsho,591,16,0,3,16,13,3,0,0,0,19,19,38,12,3,17,5,3,0,9,8,32,47,79,67
mna,2b,,,3,26,r,"Leblanc, Charles",Charles Leblanc,169,4,4,1,19,11,7,0,1,1,24,29,53,8,1,25,16,7,0,2,3,34,38,72,67
phn,3b,,,4,25,r,"Bohm, Alec",Alec Bohm,631,2,6,1,42,26,15,1,0,0,49,59,108,0,1,23,22,0,0,1,1,24,26,50,66
pin,2b,,,4,26,l,"Park, Hoy",Hoy Park,60,1,0,4,20,0,0,0,20,8,24,80,104,10,4,16,12,3,0,1,1,30,22,52,67
sfn,3b,,,4,25,r,"Villar, David",David Villar,181,0,14,8,25,9,3,2,11,8,47,65,112,12,8,7,2,0,0,5,7,27,22,49,67
phn,2b,,,3,32,r,"Segura, Jean",Jean Segura,387,13,6,4,30,20,4,0,6,8,40,52,92,4,4,24,24,0,0,0,0,32,24,56,66
arn,2b,,,3,28,r,"Marte, Ketel",Ketel Marte,558,5,6,3,26,9,15,0,2,3,35,47,82,14,3,15,5,9,0,1,1,32,27,59,66
nya,3b,,,1,27,r,"LeMahieu, DJ",DJ LeMahieu,541,4,18,2,24,22,0,0,2,3,44,30,74,18,2,19,16,2,0,1,1,39,24,63,66
kca,ss,,,3,22,r,"Witt Jr., Bobby",Bobby Witt Jr.,632,30,0,2,19,7,4,3,5,7,21,44,65,2,2,24,16,5,0,3,4,28,38,66,66
mln,cf,,,2,28,r,"Taylor, Tyrone",Tyrone Taylor,405,3,6,4,16,6,5,0,5,7,26,36,62,2,4,19,8,5,0,6,8,25,42,67,66
baa,3b,,,3,24,r,"Urias, Ramon",Ramon Urias,445,1,5,3,15,6,6,0,3,4,23,30,53,6,3,23,17,1,0,5,7,32,39,71,66
con,3b,,,1,27,l,"McMahon, Ryan","McMahon, Ryan",597,7,15,2,15,15,0,0,0,0,32,15,47,12,2,20,11,4,0,5,7,34,39,73,66
mna,lf,,,2,25,r,"Larnach, Trevor",Trevor Larnach,180,0,8,0,26,11,15,0,0,0,34,41,75,14,0,13,0,8,0,5,7,27,36,63,66
wan,ss,,,4,22,r,"Garcia (WSH), Luis",Luis Garcia (WSH),377,3,0,1,19,12,7,0,0,0,20,26,46,0,1,31,22,8,0,1,1,32,42,74,66
mna,2b,,,4,26,l,"Gordon, Nick",Nick Gordon,443,6,3,5,11,10,1,0,0,0,19,12,31,0,5,30,18,10,1,1,1,35,45,80,66
cha,lf,,ATL,3,34,r,"Pollock, A.J.",A.J. Pollock,527,3,0,1,30,7,9,0,14,8,31,81,112,6,1,18,15,3,0,0,0,25,21,46,65
sfn,lf,,,4,29,r,"Mercedes, Yermin",Yermin Mercedes,83,0,0,3,28,19,9,0,0,0,31,37,68,56,3,2,0,2,0,0,0,61,4,65,66
laa,3b,,,2,32,r,"Rendon, Anthony",Anthony Rendon,193,2,29,3,13,1,0,0,12,8,45,49,94,12,3,15,5,10,0,0,0,30,25,55,66
laa,2b,,,4,25,s,"Rengifo, Luis",Luis Rengifo,511,6,0,2,36,23,3,0,10,8,38,69,107,0,2,20,15,4,1,0,0,22,26,48,65
pin,2b,,,3,28,r,"Newman, Kevin",Kevin Newman,309,8,1,2,46,37,9,0,0,0,49,55,104,3,2,18,11,6,1,0,0,23,26,49,65
con,2b,,,1,25,r,"Rodgers, Brendan",Brendan Rodgers,581,0,11,1,33,24,4,0,5,7,45,52,97,7,1,19,13,6,0,0,0,27,25,52,65
tba,rf,,,3,27,r,"Margot, Manuel",Manuel Margot,363,7,11,1,38,33,4,1,0,0,50,44,94,3,1,22,17,5,0,0,0,26,27,53,65
hoa,ss,,,2,24,r,"Pena, Jeremy",Jeremy Pena,555,11,3,2,29,17,6,0,6,8,34,53,87,0,2,21,17,0,0,4,5,23,33,56,65
sln,ss,,,2,27,s,"Edman, Tommy",Tommy Edman,630,32,0,2,28,16,9,0,3,4,30,46,76,9,2,23,20,3,0,0,0,34,26,60,65
mln,ss,,,4,25,r,"Urias, Luis",Luis Urias,472,1,9,6,23,17,5,0,1,1,38,31,69,17,6,13,8,0,0,5,7,36,28,64,65
mln,lf,,ATL,2,30,l,"Yelich, Christian",Christian Yelich,671,19,10,2,22,20,0,0,2,3,34,28,62,22,2,17,11,5,0,1,1,41,25,66,65
baa,rf,,,2,26,r,"Hays, Austin",Austin Hays,582,2,6,4,20,15,3,0,2,3,30,29,59,3,4,22,11,8,0,3,4,29,39,68,65
oaa,c,,,2,30,r,"Bethancourt, Christian",Christian Bethancourt,333,5,6,1,22,19,2,0,1,1,29,27,56,0,1,23,11,7,0,5,7,24,45,69,65
pin,2b,,,4,23,r,"Castro, Rodolfo",Rodolfo Castro,278,5,1,2,25,5,2,6,12,8,28,75,103,12,2,14,12,0,0,2,3,28,20,48,64
sdn,rf,,,4,27,r,"Mazara, Nomar",Nomar Mazara,171,0,0,3,40,29,11,0,0,0,43,51,94,5,3,21,18,3,0,0,0,29,24,53,65
phn,2b,,,4,27,r,"Munoz, Yairo",Yairo Munoz,60,1,4,0,22,12,7,0,3,4,26,38,64,0,0,13,0,0,0,13,8,13,52,65,65
tea,c,,,2,25,r,"Viloria, Meibrys",Meibrys Viloria,75,0,72,0,20,0,0,0,20,8,92,80,172,18,0,2,2,0,0,0,0,20,2,22,65
boa,lf,,,3,33,r,"Almonte, Abraham",Abraham Almonte,37,1,0,6,0,0,0,0,0,0,6,0,6,0,6,32,21,8,0,3,4,38,49,87,64
mmn,lf,,,3,30,r,"Soler, Jorge",Jorge Soler,305,0,11,2,16,0,0,0,16,8,29,64,93,13,2,12,4,5,0,3,4,27,26,53,64
oaa,c,,,2,24,r,"Langeliers, Shea",Shea Langeliers,153,0,17,0,23,13,7,0,3,4,40,39,79,1,0,15,0,9,0,6,8,16,42,58,64
toa,2b,,,4,27,r,"Espinal, Santiago",Santiago Espinal,491,6,13,1,29,20,8,0,1,1,43,40,83,5,1,23,19,4,0,0,0,29,27,56,64
dea,1b,,,4,28,l,"Castro, Harold",Harold Castro,443,0,0,1,34,25,7,2,0,0,35,45,80,0,1,26,22,4,0,0,0,27,30,57,64
boa,1b,,,4,32,l,"Hosmer, Eric",Eric Hosmer,419,0,2,1,38,37,1,0,0,0,41,39,80,10,1,19,13,5,0,1,1,30,27,57,64
sdn,lf,,,3,29,s,"Profar, Jurickson",Jurickson Profar,658,5,18,2,20,15,5,0,0,0,40,25,65,15,2,17,9,6,0,2,3,34,29,63,64
arn,3b,,,4,28,l,"Rojas, Josh",Josh Rojas,510,23,15,1,18,17,1,0,0,0,34,19,53,14,1,24,18,6,0,0,0,39,30,69,64
nyn,2b,,,4,27,l,"Guillorme, Luis",Luis Guillorme,335,1,16,1,12,9,3,0,0,0,29,15,44,12,1,29,28,1,0,0,0,42,30,72,64
baa,cf,,,1,27,r,"Mullins II, Cedric",Cedric Mullins II,670,34,3,3,13,12,0,0,1,1,19,16,35,7,3,26,17,7,0,2,3,36,39,75,64
dea,rf,,,3,27,l,"Meadows, Austin",Austin Meadows,147,0,8,5,16,16,0,0,0,0,29,16,45,18,5,19,12,4,3,0,0,42,29,71,64
con,rf,,,3,30,r,"Grichuk, Randal",Randal Grichuk,538,4,0,3,34,15,8,1,10,8,37,74,111,2,3,18,17,0,0,1,1,23,21,44,63
sfn,ss,,,3,28,r,"Walton, Donovan",Donovan Walton,78,0,5,3,18,0,8,0,10,8,26,56,82,0,3,18,0,18,0,0,0,21,36,57,64
cin,ss,,,3,27,r,"Farmer, Kyle",Kyle Farmer,583,4,9,7,30,15,8,0,7,8,46,59,105,2,7,18,16,2,0,0,0,27,20,47,63
mmn,c,,,2,27,r,"Hamilton, Caleb",Caleb Hamilton,23,0,0,0,20,0,0,0,20,8,20,80,100,49,0,0,0,0,0,0,0,49,0,49,63
cha,ss,,,3,33,r,"Andrus, Elvis",Elvis Andrus,577,18,8,1,27,15,6,0,6,8,36,51,87,5,1,19,12,6,0,1,1,25,28,53,63
sfn,2b,,,4,26,r,"Estrada, Thairo",Thairo Estrada,541,21,8,6,26,17,4,0,5,7,40,45,85,3,6,21,18,3,0,0,0,30,24,54,63
nyn,3b,,,4,33,s,"Escobar, Eduardo",Eduardo Escobar,542,0,2,0,24,7,8,1,8,8,26,58,84,8,0,17,11,3,0,3,4,25,29,54,63
atn,2b,,,1,25,s,"Albies, Ozzie",Ozzie Albies,269,3,0,2,22,4,14,0,4,5,24,48,72,10,2,19,13,4,0,2,3,31,29,60,63
phn,rf,,,4,30,r,"Castellanos, Nicholas",Nicholas Castellanos,558,7,3,1,31,30,1,0,0,0,35,32,67,3,1,23,15,6,0,2,3,27,35,62,63
sdn,1b,,,4,31,r,"Voit, Luke",Luke Voit,568,0,18,3,5,1,4,0,0,0,26,9,35,10,3,19,10,2,0,7,8,32,42,74,63
atn,lf,,ATL,4,31,r,"Ozuna, Marcell",Marcell Ozuna,507,2,6,1,11,11,0,0,0,0,18,11,29,4,1,19,5,4,0,10,8,24,53,77,63
wan,3b,,,4,30,s,"Vargas, Ildemaro",Ildemaro Vargas,222,3,0,3,23,3,18,0,2,3,26,47,73,2,3,26,26,0,0,0,0,31,26,57,62
laa,2b,,,4,26,r,"Stefanic, Michael",Michael Stefanic,69,0,0,7,0,0,0,0,0,0,7,0,7,16,7,28,22,6,0,0,0,51,34,85,63
cin,2b,,,4,26,r,"India, Jonathan",Jonathan India,431,3,9,8,21,18,3,0,0,0,38,24,62,5,8,19,14,2,0,3,4,32,30,62,62
sfn,2b,,,4,30,r,"Flores, Wilmer",Wilmer Flores,602,0,12,5,14,6,5,0,3,4,31,28,59,12,5,15,7,4,0,4,5,32,31,63,62
lan,c,1,,2,32,r,"Barnes, Austin",Austin Barnes,212,2,26,4,6,0,2,0,4,5,36,20,56,15,4,15,10,0,0,5,7,34,30,64,62
hoa,lf,,,4,30,r,"Mancini, Trey",Trey Mancini,616,0,7,4,17,15,1,0,1,1,28,21,49,12,4,18,11,3,0,4,5,34,33,67,62
oaa,1b,,,4,29,l,"Brown, Seth",Seth Brown,555,11,4,1,6,0,3,0,3,4,11,18,29,12,1,18,6,5,0,7,8,31,44,75,62
cla,lf,,,3,25,l,"Palacios, Richard",Richard Palacios,123,2,99,2,0,0,0,0,0,0,101,0,101,1,2,19,14,5,0,0,0,22,24,46,62
atn,cf,,,3,33,r,"Duvall, Adam",Adam Duvall,315,0,5,4,24,0,11,0,13,8,33,74,107,6,4,12,7,3,0,2,3,22,21,43,61
sfn,c,,,2,31,r,"Wynns, Austin",Austin Wynns,177,0,0,4,19,19,0,0,0,0,23,19,42,6,4,26,18,8,0,0,0,36,34,70,62
oaa,lf,,,3,26,r,"Barrera, Luis",Luis Barrera,85,3,18,3,21,0,21,0,0,0,42,42,84,6,3,19,14,5,0,0,0,28,24,52,61
oaa,2b,,,3,21,r,"Diaz, Jordan",Jordan Diaz,51,0,4,0,22,15,7,0,0,0,26,29,55,0,0,28,21,7,0,0,0,28,35,63,61
cin,1b,,,2,30,r,"Moran, Colin",Colin Moran,128,0,0,0,28,19,3,0,6,8,28,49,77,23,0,8,3,0,0,5,7,31,23,54,61
nya,c,,,1,29,r,"Trevino, Jose",Jose Trevino,353,2,5,1,33,22,3,0,8,8,39,60,99,0,1,19,16,1,0,2,3,20,26,46,61
sln,lf,,ATL,3,27,r,"O'Neill, Tyler",Tyler O'Neill,383,14,15,3,20,14,0,0,6,8,38,38,76,13,3,13,8,1,0,4,5,29,26,55,61
mln,3b,,,4,32,l,"Peterson, Jace",Jace Peterson,328,12,3,2,28,23,0,5,0,0,33,38,71,13,2,16,10,4,0,2,3,31,26,57,61
mln,lf,,,4,35,r,"McCutchen, Andrew",Andrew McCutchen,580,8,14,2,14,1,7,0,6,8,30,39,69,12,2,18,14,2,0,2,3,32,26,58,61
sdn,2b,,ATL,2,28,l,"Cronenworth, Jake",Jake Cronenworth,681,3,11,6,16,11,2,0,3,4,33,27,60,14,6,17,11,5,0,1,1,37,25,62,61
tba,2b,,,3,27,l,"Lowe, Brandon",Brandon Lowe,266,1,0,3,25,12,0,3,10,8,28,61,89,17,3,11,7,3,0,1,1,31,17,48,60
sdn,c,,,3,29,r,"Alfaro, Jorge",Jorge Alfaro,274,1,3,3,25,16,0,0,9,8,31,52,83,0,3,20,12,8,0,0,0,23,28,51,60
kca,c,,,4,23,r,"Melendez, MJ",MJ Melendez,534,2,10,0,29,20,6,0,3,4,39,44,83,21,0,8,2,2,0,4,5,29,22,51,60
kca,3b,,,4,26,r,"Rivera, Emmanuel",Emmanuel Rivera,359,1,5,3,24,13,5,2,4,5,32,45,77,5,3,15,8,3,0,4,5,23,30,53,60
hoa,lf,,,4,31,r,"Diaz, Aledmys",Aledmys Diaz,327,1,11,1,23,17,1,0,5,7,35,39,74,0,1,19,11,4,0,4,5,20,35,55,60
sdn,ss,,,2,26,r,"Kim, Ha-Seong",Ha-Seong Kim,582,12,19,3,21,14,6,1,0,0,43,29,72,6,3,19,13,5,0,1,1,28,27,55,60
wan,lf,,,3,26,r,"Thomas, Lane",Lane Thomas,548,8,6,2,22,13,4,0,5,7,30,41,71,9,2,17,10,5,0,2,3,28,28,56,60
sea,ss,,,4,29,r,"Moore, Dylan",Dylan Moore,254,21,22,14,14,11,1,0,2,3,50,21,71,16,14,8,1,6,0,1,1,38,17,55,60
sdn,rf,,,3,26,r,"Azocar, Jose",Jose Azocar,216,5,0,0,21,10,8,3,0,0,21,35,56,8,0,26,25,0,1,0,0,34,28,62,60
cha,c,,,2,28,l,"McGuire, Reese",Reese McGuire,273,1,1,3,24,20,4,0,0,0,28,28,56,1,3,26,20,6,0,0,0,30,32,62,60
mmn,c,,,2,25,r,"Fortes, Nick",Nick Fortes,240,5,7,5,13,7,0,0,6,8,25,31,56,8,5,17,11,2,0,4,5,30,31,61,60
mmn,3b,,,3,32,l,"Wendle, Joey",Joey Wendle,371,12,10,3,16,9,7,0,0,0,29,23,52,0,3,26,18,8,0,0,0,29,34,63,60
sfn,rf,,,4,26,r,"Gonzalez, Luis",Luis Gonzalez,350,10,5,3,14,14,0,0,0,0,22,14,36,11,3,24,16,8,0,0,0,38,32,70,60
kca,1b,,,4,36,s,"Santana, Carlos",Carlos Santana,506,0,25,1,19,13,5,0,1,1,45,27,72,20,1,7,0,1,0,6,8,28,26,54,59
boa,c,,,4,26,r,"Wong, Connor",Connor Wong,56,0,0,5,18,0,18,0,0,0,23,36,59,22,5,14,12,0,0,2,3,41,20,61,60
cla,3b,,,4,22,r,"Arias, Gabriel",Gabriel Arias,57,1,8,5,10,0,3,7,0,0,23,27,50,33,5,8,5,0,0,3,4,46,17,63,59
mna,lf,,,4,30,r,"Garlick, Kyle",Kyle Garlick,162,0,2,4,20,8,0,0,12,8,26,56,82,2,4,16,12,0,0,4,5,22,28,50,59
cha,2b,,,3,26,r,"Harrison, Josh",Josh Harrison,425,2,6,8,20,18,1,1,0,0,34,23,57,1,8,23,18,5,0,0,0,32,28,60,59
sea,ss,,,1,27,l,"Crawford, J.P.",J.P. Crawford,603,3,17,4,13,11,0,2,0,0,34,17,51,16,4,19,15,4,0,0,0,39,23,62,59
nyn,rf,,,3,31,l,"Naquin, Tyler",Tyler Naquin,334,4,0,3,8,1,4,0,3,4,11,21,32,4,3,20,7,7,2,4,5,27,43,70,59
sea,lf,,,2,28,s,"Haggerty, Sam",Sam Haggerty,201,13,14,5,39,21,8,2,8,8,58,75,133,4,5,9,8,1,0,0,0,18,10,28,58
mln,c,,,2,28,r,"Severino, Pedro",Pedro Severino,21,18,29,0,10,3,7,0,0,0,39,17,56,0,0,20,0,20,0,0,0,20,40,60,59
tea,3b,,,4,33,r,"Culberson, Charlie",Charlie Culberson,124,2,0,0,28,18,10,0,0,0,28,38,66,9,0,11,3,0,0,8,8,20,35,55,58
oaa,1b,,,4,24,r,"Garcia, Dermis",Dermis Garcia,57,0,0,2,14,0,12,0,2,3,16,32,48,9,2,16,9,1,0,6,8,27,35,62,58
tea,c,,,3,31,r,"Garver, Mitch",Mitch Garver,215,1,25,2,19,2,0,0,17,8,46,70,116,10,2,7,2,3,0,2,3,19,16,35,58
sln,rf,,,2,23,s,"Carlson, Dylan",Dylan Carlson,488,5,8,4,31,19,11,0,1,1,43,45,88,12,4,11,4,6,1,0,0,27,19,46,58
tea,c,,,2,27,s,"Heim, Jonah",Jonah Heim,450,2,9,1,24,11,7,0,6,8,34,49,83,12,1,12,7,2,0,3,4,25,23,48,58
baa,2b,,,4,27,r,"Martin, Richie",Richie Martin,33,3,45,0,17,0,0,17,0,0,62,51,113,0,0,9,0,0,9,0,0,9,27,36,58
kca,2b,,,4,24,r,"Massey, Michael",Michael Massey,194,3,0,10,11,5,0,4,2,3,21,25,46,3,10,21,15,5,0,1,1,34,29,63,58
con,3b,,,4,23,r,"Montero, Elehuris",Elehuris Montero,185,0,3,1,24,1,18,0,5,7,28,57,85,0,1,15,4,8,1,2,3,16,31,47,58
dea,cf,,,3,21,l,"Greene, Riley",Riley Greene,418,1,6,2,32,23,9,0,0,0,40,41,81,12,2,16,14,1,1,0,0,30,19,49,58
boa,lf,,,3,34,r,"Pham, Tommy",Tommy Pham,622,8,11,3,24,17,2,0,5,7,38,41,79,11,3,15,12,2,0,1,1,29,20,49,58
toa,2b,,,2,33,r,"Merrifield, Whit",Whit Merrifield,550,16,8,0,19,7,9,0,3,4,27,37,64,6,0,23,20,3,0,0,0,29,26,55,58
lan,1b,,,4,31,l,"Muncy, Max",Max Muncy,565,2,24,2,5,0,0,0,5,7,31,20,51,26,2,9,2,3,0,4,5,37,24,61,58
kca,1b,,,4,23,l,"Pratto, Nick",Nick Pratto,182,0,17,1,20,0,20,0,0,0,38,40,78,14,1,7,0,0,0,7,8,22,28,50,58
wan,c,,,3,23,s,"Ruiz, Keibert",Keibert Ruiz,433,6,8,3,18,16,2,0,0,0,29,20,49,6,3,22,15,6,0,1,1,31,31,62,58
chn,1b,,,4,29,r,"Higgins, P.J.",P.J. Higgins,229,0,2,2,16,5,11,0,0,0,20,27,47,18,2,15,10,1,0,4,5,35,28,63,58
sea,lf,,,3,28,l,"Winker, Jesse",Jesse Winker,547,0,22,2,16,8,2,0,6,8,40,36,76,25,2,10,9,0,0,1,1,37,13,50,57
tea,lf,,,4,24,r,"Thompson, Bubba",Bubba Thompson,181,18,6,3,9,9,0,0,0,0,18,9,27,0,3,33,32,1,0,0,0,36,34,70,58
baa,2b,,,4,25,s,"Vavra, Terrin",Terrin Vavra,103,0,30,0,11,11,0,0,0,0,41,11,52,16,0,21,20,0,1,0,0,37,23,60,58
nya,ss,,,2,30,r,"Kiner-Falefa, Isiah",Isiah Kiner-Falefa,531,22,13,2,22,15,7,0,0,0,37,29,66,3,2,24,23,1,0,0,0,29,25,54,57
sea,lf,,,3,26,r,"Lewis, Kyle",Kyle Lewis,62,0,0,4,12,12,0,0,0,0,16,12,28,14,4,10,0,0,0,10,8,28,40,68,57
pin,c,,,2,33,r,"Perez, Roberto",Roberto Perez,69,0,18,0,16,8,3,0,5,7,34,34,68,20,0,15,14,0,0,1,1,35,18,53,57
nya,3b,,,2,36,r,"Donaldson, Josh",Josh Donaldson,546,2,14,4,13,2,7,0,4,5,31,32,63,12,4,14,7,5,0,2,3,30,25,55,57
mmn,2b,,,2,32,r,"Berti, Jon",Jon Berti,404,41,10,2,17,5,11,0,1,1,29,31,60,15,2,18,16,1,1,0,0,35,21,56,57
tea,cf,,,3,23,s,"Taveras, Leody",Leody Taveras,341,11,6,1,24,23,1,0,0,0,31,25,56,4,1,24,20,4,0,0,0,29,28,57,57
dea,cf,,,3,27,s,"Reyes, Victor",Victor Reyes,336,2,3,3,19,8,11,0,0,0,25,30,55,0,3,24,18,5,1,0,0,27,31,58,57
toa,cf,,,3,28,l,"Tapia, Raimel",Raimel Tapia,431,8,0,0,25,21,4,0,0,0,25,29,54,0,0,27,23,4,0,0,0,27,31,58,57
boa,1b,,,4,27,r,"Cordero, Franchy",Franchy Cordero,275,4,16,1,6,0,0,0,6,8,23,24,47,12,1,16,4,10,0,2,3,29,32,61,57
dea,ss,,,1,29,r,"Baez, Javier",Javier Baez,590,9,0,2,33,19,8,2,4,5,35,57,92,1,2,15,10,3,0,2,3,18,24,42,56
sfn,c,,,3,25,r,"Bart, Joey",Joey Bart,291,2,7,3,10,0,0,0,10,8,20,40,60,13,3,16,14,0,0,2,3,32,22,54,56
mmn,3b,,,4,22,r,"Groshans, Jordan",Jordan Groshans,65,0,11,0,30,30,0,0,0,0,41,30,71,4,0,23,23,0,0,0,0,27,23,50,56
phn,cf,,,3,30,r,"Herrera, Odubel",Odubel Herrera,197,6,11,0,30,21,9,0,0,0,41,39,80,1,0,17,11,3,0,3,4,18,29,47,56
tea,c,,,3,24,r,"Huff, Sam",Sam Huff,132,1,11,0,16,5,6,0,5,7,27,37,64,5,0,21,19,0,0,2,3,26,27,53,56
mna,lf,,,3,24,l,"Kirilloff, Alex",Alex Kirilloff,155,0,13,6,3,3,0,0,0,0,22,3,25,0,6,25,17,6,0,2,3,31,37,68,56
pin,c,,,2,30,s,"Knapp, Andrew",Andrew Knapp,46,0,34,6,37,0,37,0,0,0,77,74,151,13,6,0,0,0,0,0,0,19,0,19,56
cin,2b,,,4,26,r,"Lopez, Alejo",Alejo Lopez,156,3,6,3,22,18,4,0,0,0,31,26,57,1,3,25,24,0,1,0,0,29,27,56,56
cla,1b,,,4,26,r,"Miller, Owen",Owen Miller,472,2,8,4,13,8,4,0,1,1,25,20,45,5,4,22,15,7,0,0,0,31,29,60,56
sfn,cf,,,3,31,l,"Yastrzemski, Mike",Mike Yastrzemski,558,5,7,2,7,4,0,0,3,4,16,16,32,18,2,14,3,8,0,3,4,34,31,65,56
pin,lf,,,4,30,l,"Gamel, Ben",Ben Gamel,423,5,11,2,6,2,4,0,0,0,19,10,29,17,2,19,13,4,0,2,3,38,29,67,56
cha,rf,,,3,26,l,"Sheets, Gavin",Gavin Sheets,410,0,10,2,5,1,4,0,0,0,17,9,26,5,2,21,12,4,0,5,7,28,40,68,56
nya,lf,,,3,29,l,"Peralta, David",David Peralta,490,1,12,2,1,1,0,0,0,0,15,1,16,7,2,24,13,9,0,2,3,33,39,72,56
tba,c,,,2,26,s,"Mejia, Francisco",Francisco Mejia,299,0,0,1,41,22,19,0,0,0,42,60,102,0,1,13,6,6,0,1,1,14,22,36,55
mna,lf,,,3,29,r,"Cave, Jake",Jake Cave,177,2,0,0,28,16,7,5,0,0,28,45,73,8,0,11,3,2,2,4,5,19,29,48,55
nya,c,,,2,32,r,"Higashioka, Kyle",Kyle Higashioka,248,0,0,1,24,15,0,0,9,8,25,51,76,3,1,15,11,0,0,4,5,19,27,46,55
sdn,c,,,3,32,r,"Nola, Austin",Austin Nola,397,2,3,4,28,24,3,0,1,1,35,34,69,13,4,15,13,2,0,0,0,32,17,49,55
kca,1b,,,4,30,r,"Dozier, Hunter",Hunter Dozier,500,3,11,1,20,11,6,3,0,0,32,32,64,4,1,18,11,5,0,2,3,23,29,52,55
kca,cf,,,1,31,r,"Taylor, Michael A.",Michael A. Taylor,456,7,10,1,18,15,0,0,3,4,29,27,56,7,1,23,23,0,0,0,0,31,23,54,55
phn,lf,,,2,25,l,"Marsh, Brandon",Brandon Marsh,461,10,2,2,9,8,0,0,1,1,13,12,25,5,2,24,17,4,1,2,3,31,36,67,55
hoa,1b,,,2,38,r,"Gurriel, Yuli",Yuli Gurriel,584,8,2,2,25,8,16,0,1,1,29,44,73,3,2,18,12,6,0,0,0,23,24,47,54
cin,3b,,,4,24,r,"Steer, Spencer",Spencer Steer,108,0,19,5,28,9,13,0,6,8,52,59,111,12,5,7,5,2,0,0,0,24,9,33,55
laa,c,,,2,27,l,"Thaiss, Matt",Matt Thaiss,81,1,24,0,0,0,0,0,0,0,24,0,24,18,0,20,17,0,0,3,4,38,29,67,55
wan,2b,,,4,32,s,"Hernandez, Cesar",Cesar Hernandez,617,10,8,3,27,22,5,0,0,0,38,32,70,7,3,17,14,3,0,0,0,27,20,47,54
con,1b,,,4,29,r,"Joe, Connor",Connor Joe,467,6,15,4,20,12,7,1,0,0,39,29,68,18,4,13,12,1,0,0,0,35,14,49,54
phn,rf,,,2,27,r,"Mercado, Oscar",Oscar Mercado,128,2,0,2,12,3,9,0,0,0,14,21,35,1,2,14,3,0,2,9,8,17,45,62,54
pin,3b,,,1,25,r,"Hayes, Ke'Bryan",Ke'Bryan Hayes,560,20,11,2,24,19,4,0,1,1,37,31,68,9,2,17,14,3,0,0,0,28,20,48,54
mna,rf,,,2,29,l,"Kepler, Max",Max Kepler,446,3,15,3,17,8,9,0,0,0,35,26,61,15,3,13,10,1,0,2,3,31,20,51,54
oaa,rf,,,2,27,r,"Laureano, Ramon",Ramon Laureano,383,11,14,7,11,2,8,0,1,1,32,22,54,3,7,13,5,3,0,5,7,23,31,54,54
cin,1b,,ATL,2,38,l,"Votto, Joey",Joey Votto,376,1,21,7,10,5,5,0,0,0,38,15,53,14,7,9,1,4,0,4,5,30,25,55,54
laa,2b,,,2,28,r,"Fletcher, David",David Fletcher,228,1,0,3,22,22,0,0,0,0,25,22,47,0,3,24,18,6,0,0,0,27,30,57,54
cin,2b,,,4,31,r,"Reynolds, Matt",Matt Reynolds,272,5,24,1,9,5,4,0,0,0,34,13,47,7,1,24,23,1,0,0,0,32,25,57,54
arn,rf,,,3,26,r,"Smith, Pavin",Pavin Smith,546,1,0,1,18,14,4,0,0,0,19,22,41,17,1,13,8,0,0,5,7,31,28,59,54
mmn,1b,,,3,32,r,"Aguilar, Jesus",Jesus Aguilar,507,1,4,2,11,9,0,0,2,3,17,17,34,3,2,21,14,3,0,4,5,26,36,62,54
lan,rf,,,1,28,l,"Gallo, Joey",Joey Gallo,410,3,17,2,2,0,0,0,2,3,21,8,29,22,2,8,0,0,0,8,8,32,32,64,54
wan,ss,,,3,21,l,"Abrams, CJ",CJ Abrams,302,7,0,7,3,2,0,1,0,0,10,5,15,0,7,29,25,4,0,0,0,36,33,69,54
sln,lf,,,3,33,l,"Dickerson, Corey",Corey Dickerson,297,0,0,2,2,0,2,0,0,0,4,4,8,0,2,30,22,7,0,1,1,32,40,72,54
tba,cf,,,1,32,l,"Kiermaier, Kevin",Kevin Kiermaier,221,6,0,1,24,16,8,0,0,0,25,32,57,6,1,15,10,0,0,5,7,22,30,52,53
phn,ss,,,3,26,r,"Sosa, Edmundo",Edmundo Sosa,190,6,0,9,17,4,6,6,1,1,26,38,64,0,9,16,8,7,1,0,0,25,25,50,54
con,lf,,,4,23,s,"Toglia, Michael",Michael Toglia,120,1,0,0,14,0,12,0,2,3,14,32,46,12,0,15,4,7,4,0,0,27,30,57,54
phn,ss,,,3,28,s,"Camargo, Johan",Johan Camargo,166,0,9,0,7,5,0,0,2,3,16,13,29,8,0,27,27,0,0,0,0,35,27,62,53
sdn,c,,,2,23,r,"Campusano, Luis",Luis Campusano,50,0,2,0,28,28,0,0,0,0,30,28,58,0,0,19,14,1,0,4,5,19,32,51,53
laa,3b,,,3,31,r,"Duffy, Matt",Matt Duffy,247,0,8,2,18,12,5,0,1,1,28,26,54,5,2,23,23,0,0,0,0,30,23,53,53
sfn,1b,,,3,29,l,"Ford, Mike",Mike Ford,149,0,0,2,24,10,2,0,12,8,26,62,88,22,2,7,6,1,0,0,0,31,8,39,53
cla,3b,,,4,23,r,"Freeman, Tyler",Tyler Freeman,86,1,0,11,22,21,1,0,0,0,33,23,56,3,11,18,16,2,0,0,0,32,20,52,53
chn,cf,,,4,31,l,"Ortega, Rafael",Rafael Ortega,370,12,20,1,11,11,0,0,0,0,32,11,43,16,1,17,13,3,0,1,1,34,23,57,53
mna,c,,ATL,2,29,r,"Sanchez, Gary",Gary Sanchez,471,2,17,4,3,0,1,0,2,3,24,10,34,7,4,14,2,7,0,5,7,25,36,61,53
boa,lf,,,4,30,r,"Hernandez, Enrique",Enrique Hernandez,402,0,21,2,13,1,7,0,5,7,36,35,71,6,2,15,8,7,0,0,0,23,22,45,52
dea,1b,,,5,39,r,"Cabrera, Miguel",Miguel Cabrera,433,1,11,2,27,27,0,0,0,0,40,27,67,2,2,21,21,0,0,0,0,25,21,46,52
boa,2b,,,4,26,r,"Chang, Yu",Yu Chang,190,0,6,5,8,8,0,0,0,0,19,8,27,13,5,15,7,5,0,3,4,33,29,62,52
mln,cf,,,4,30,r,"Davis, Jonathan",Jonathan Davis,91,7,42,0,13,9,4,0,0,0,55,17,72,20,0,12,12,0,0,0,0,32,12,44,52
mmn,3b,,,3,29,r,"Anderson, Brian",Brian Anderson,383,1,5,4,20,11,5,0,4,5,29,37,66,13,4,13,10,3,0,0,0,30,16,46,52
tba,lf,,,3,24,r,"Lowe, Josh",Josh Lowe,198,3,10,1,0,0,0,0,0,0,11,0,11,6,1,23,10,11,2,0,0,30,38,68,52
chn,c,,,2,34,r,"Gomes, Yan",Yan Gomes,293,2,0,2,21,15,0,0,6,8,23,39,62,0,2,19,13,5,0,1,1,21,27,48,52
wan,rf,,,3,26,l,"Palacios, Josh",Josh Palacios,49,1,0,5,53,53,0,0,0,0,58,53,111,0,5,10,6,4,0,0,0,15,14,29,52
chn,2b,,,2,25,r,"Madrigal, Nick",Nick Madrigal,228,3,0,3,24,24,0,0,0,0,27,24,51,9,3,19,16,3,0,0,0,31,22,53,52
sfn,1b,,,1,34,l,"Belt, Brandon",Brandon Belt,298,1,28,5,5,5,0,0,0,0,38,5,43,13,5,14,10,1,0,3,4,32,24,56,52
lan,cf,,,2,26,l,"Bellinger, Cody",Cody Bellinger,550,14,2,1,15,7,8,0,0,0,18,23,41,8,1,13,3,4,0,6,8,22,35,57,52
nya,cf,,,1,28,r,"Bader, Harrison",Harrison Bader,313,17,10,3,12,10,0,2,0,0,25,16,41,0,3,24,21,2,0,1,1,27,29,56,52
lan,cf,,,3,31,r,"Taylor, Chris",Chris Taylor,454,10,14,3,8,3,5,0,0,0,25,13,38,11,3,16,8,6,0,2,3,30,28,58,52
cla,c,,,2,31,r,"Maile, Luke",Luke Maile,206,0,6,4,30,21,9,0,0,0,40,39,79,13,4,10,7,3,0,0,0,27,13,40,51
con,ss,,,3,20,r,"Tovar, Ezequiel",Ezequiel Tovar,35,0,0,0,48,18,14,0,16,8,48,110,158,10,0,0,0,0,0,0,0,10,0,10,52
mmn,lf,,,4,25,r,"Burdick, Peyton",Peyton Burdick,102,1,9,5,18,10,0,0,8,8,32,42,74,8,5,8,1,4,0,3,4,21,21,42,51
sfn,c,,,2,33,r,"Casali, Curt",Curt Casali,176,0,26,3,13,0,4,0,9,8,42,44,86,18,3,8,8,0,0,0,0,29,8,37,51
dea,3b,,,4,26,l,"Clemens, Kody",Kody Clemens,127,1,0,0,30,0,14,0,16,8,30,92,122,8,0,3,0,0,0,3,4,11,12,23,51
phn,ss,,,3,24,l,"Stott, Bryson",Bryson Stott,466,12,13,1,22,13,8,1,0,0,36,32,68,7,1,16,14,1,0,1,1,24,20,44,51
arn,2b,,,3,29,r,"Hager, Jake",Jake Hager,59,0,11,0,40,36,4,0,0,0,51,44,95,28,0,3,3,0,0,0,0,31,3,34,51
tea,3b,,,4,23,r,"Duran, Ezequiel",Ezequiel Duran,220,4,3,0,17,3,6,3,5,7,20,44,64,3,0,20,17,3,0,0,0,23,23,46,51
wan,lf,,,5,41,r,"Cruz, Nelson",Nelson Cruz,504,4,14,2,19,16,0,0,3,4,35,28,63,11,2,16,15,1,0,0,0,29,17,46,51
dea,lf,,,4,25,s,"Castro, Willi",Willi Castro,392,9,0,5,22,14,6,0,2,3,27,34,61,3,5,18,15,3,0,0,0,26,21,47,51
toa,2b,,,3,27,l,"Biggio, Cavan",Cavan Biggio,303,2,14,5,4,0,3,0,1,1,23,10,33,20,5,11,2,8,0,1,1,36,22,58,51
mna,c,,,2,25,r,"Jeffers, Ryan",Ryan Jeffers,236,0,13,0,30,19,3,2,6,8,43,55,98,12,0,5,0,3,0,2,3,17,14,31,50
pin,rf,,,4,23,l,"Mitchell, Calvin",Calvin Mitchell,232,3,0,0,22,8,10,0,4,5,22,44,66,12,0,14,11,3,0,0,0,26,17,43,50
cin,1b,,,4,33,l,"Moustakas, Mike",Mike Moustakas,285,2,11,5,11,7,4,0,0,0,27,15,42,10,5,13,7,3,0,3,4,28,25,53,50
chn,1b,,,4,30,r,"Schwindel, Frank",Frank Schwindel,292,0,2,0,14,10,0,0,4,5,16,26,42,6,0,19,14,3,0,2,3,25,28,53,50
sfn,3b,,,4,33,l,"La Stella, Tommy","LaStella, Tommy",195,0,10,1,9,6,3,0,0,0,20,12,32,3,1,21,10,11,0,0,0,25,32,57,50
baa,rf,,,3,25,r,"McKenna, Ryan",Ryan McKenna,172,2,7,3,24,8,13,0,3,4,34,46,80,2,3,15,12,3,0,0,0,20,18,38,50
mna,cf,,,3,23,r,"Celestino, Gilberto",Gilberto Celestino,347,4,9,1,13,10,3,0,0,0,23,16,39,13,1,20,19,1,0,0,0,34,21,55,50
laa,lf,,,2,23,,"Adell, Jo",Jo Adell,284,4,0,3,13,8,4,1,0,0,16,19,35,0,3,19,12,3,0,4,5,22,34,56,50
mln,c,,,2,24,s,"Caratini, Victor",Victor Caratini,314,0,7,7,4,1,1,0,2,3,18,11,29,16,7,12,6,3,0,3,4,35,24,59,50
cin,rf,,,3,28,r,"Aquino, Aristides",Aristides Aquino,276,2,7,0,6,0,6,0,0,0,13,12,25,3,0,15,4,3,0,8,8,18,42,60,50
mmn,cf,,,3,24,l,"Sanchez, Jesus",Jesus Sanchez,343,1,0,2,0,0,0,0,0,0,2,0,2,11,2,16,5,4,1,6,8,29,40,69,50
oaa,lf,,,3,30,r,"Pinder, Chad",Chad Pinder,378,2,0,0,25,15,4,0,6,8,25,47,72,0,0,16,10,5,0,1,1,16,24,40,49
nya,lf,,,4,33,r,"Locastro, Tim",Tim Locastro,46,8,16,5,20,0,0,0,20,8,41,80,121,0,5,7,6,1,0,0,0,12,8,20,49
boa,1b,,,5,27,r,"Dalbec, Bobby",Bobby Dalbec,353,3,18,2,16,10,0,0,6,8,36,34,70,5,2,12,8,1,0,3,4,19,22,41,49
pin,1b,,,4,26,r,"Chavis, Michael",Michael Chavis,426,1,1,1,20,13,1,0,6,8,22,39,61,0,1,17,12,3,0,2,3,18,26,44,49
oaa,2b,,,4,30,l,"Kemp, Tony",Tony Kemp,558,11,12,3,14,14,0,0,0,0,29,14,43,9,3,18,14,4,0,0,0,30,22,52,49
sea,2b,,,2,30,l,"Frazier, Adam",Adam Frazier,602,11,7,2,13,8,5,0,0,0,22,18,40,8,2,20,18,1,1,0,0,30,23,53,49
sfn,ss,,,2,35,l,"Crawford, Brandon",Brandon Crawford,458,1,2,4,20,17,1,0,2,3,26,27,53,11,4,15,14,1,0,0,0,30,16,46,48
nyn,3b,,,4,22,l,"Baty, Brett",Brett Baty,41,0,0,6,0,0,0,0,0,0,6,0,6,5,6,12,2,0,0,10,8,23,42,65,48
chn,lf,,,4,26,r,"Reyes, Franmil",Franmil Reyes,473,2,7,1,14,9,2,1,2,3,22,24,46,5,1,16,11,2,0,3,4,22,27,49,48
mmn,3b,,,4,30,r,"Gonzalez, Erik",Erik Gonzalez,41,1,0,0,14,0,14,0,0,0,14,28,42,20,0,15,15,0,0,0,0,35,15,50,48
cha,2b,,,4,25,r,"Gonzalez, Romy",Romy Gonzalez,109,0,0,2,36,22,12,0,2,3,38,54,92,0,2,12,10,0,2,0,0,14,16,30,48
tea,3b,,,4,24,r,"Jung, Josh",Josh Jung,102,2,0,0,27,9,5,0,13,8,27,71,98,2,0,6,0,1,2,3,4,8,20,28,48
baa,ss,,,2,27,r,"Mateo, Jorge",Jorge Mateo,531,35,1,2,12,6,0,3,3,4,15,27,42,3,2,17,8,7,1,1,1,22,29,51,48
boa,cf,,,4,25,l,"Duran, Jarren",Jarren Duran,223,7,7,4,7,7,0,0,0,0,18,7,25,5,4,17,5,10,2,0,0,26,31,57,48
phn,3b,,,4,25,r,"Vierling, Matt",Matt Vierling,357,7,4,2,31,24,7,0,0,0,37,38,75,6,2,14,14,0,0,0,0,22,14,36,47
sea,c,,,3,26,r,"Torrens, Luis",Luis Torrens,166,0,5,1,12,7,0,0,5,7,18,27,45,8,1,20,20,0,0,0,0,29,20,49,48
mmn,2b,,,4,30,r,"Astudillo, Willians",Willians Astudillo,55,1,5,0,14,14,0,0,0,0,19,14,33,0,0,23,21,0,0,2,3,23,29,52,47
oaa,cf,,,4,28,l,"Bolt, Skye",Skye Bolt,116,5,0,4,11,0,8,0,3,4,15,28,43,10,4,11,7,0,0,4,5,25,23,48,47
mna,lf,,,3,27,l,"Contreras, Mark",Mark Contreras,61,1,0,4,9,0,9,0,0,0,13,18,31,0,4,10,0,0,0,10,8,14,40,54,47
atn,rf,,,4,27,r,"Demeritte, Travis",Travis Demeritte,96,0,0,0,35,33,2,0,0,0,35,37,72,7,0,6,0,0,0,6,8,13,24,37,47
con,c,,,4,31,r,"Diaz, Elias",Elias Diaz,381,0,0,1,29,21,5,0,3,4,30,43,73,9,1,10,5,4,0,1,1,20,17,37,47
chn,rf,,,3,23,r,"Velazquez, Nelson",Nelson Velazquez,206,5,17,2,11,0,0,4,7,8,30,40,70,7,2,13,10,3,0,0,0,22,16,38,47
sea,lf,,,4,31,r,"Lamb, Jake",Jake Lamb,111,0,0,7,0,0,0,0,0,0,7,0,7,14,7,14,5,6,1,2,3,35,28,63,47
tba,lf,,,3,27,l,"Raley, Luke",Luke Raley,72,0,24,11,18,7,11,0,0,0,53,29,82,10,11,6,6,0,0,0,0,27,6,33,47
mln,lf,,,4,23,r,"Ruiz, Esteury",Esteury Ruiz,36,1,1,0,10,6,4,0,0,0,11,14,25,0,0,14,0,0,14,0,0,14,42,56,47
dea,3b,,,4,28,s,"Candelario, Jeimer",Jeimer Candelario,467,0,0,3,19,12,0,0,7,8,22,40,62,5,3,13,8,4,0,1,1,21,20,41,47
nyn,c,,,2,28,r,"Nido, Tomas",Tomas Nido,313,0,4,1,24,19,5,0,0,0,29,29,58,0,1,18,13,5,0,0,0,19,23,42,47
wan,3b,,,4,29,r,"Franco, Maikel",Maikel Franco,388,1,4,1,20,17,3,0,0,0,25,23,48,0,1,17,12,2,0,3,4,18,28,46,47
sln,c,,,4,27,r,"Knizner, Andrew",Andrew Knizner,293,0,11,5,4,0,1,0,3,4,20,14,34,11,5,17,15,2,0,0,0,33,19,52,47
cha,rf,,,1,30,r,"Engel, Adam",Adam Engel,260,12,2,4,5,0,5,0,0,0,11,10,21,0,4,24,19,5,0,0,0,28,29,57,47
cha,3b,,,2,30,s,"Moncada, Yoan",Yoan Moncada,433,2,14,1,18,8,3,1,6,8,33,41,74,4,1,12,8,3,0,1,1,17,18,35,46
lan,cf,,,3,25,r,"Williams, Luke",Luke Williams,136,11,0,0,22,10,12,0,0,0,22,34,56,6,0,18,17,0,1,0,0,24,20,44,47
sfn,cf,,,4,28,r,"Brinson, Lewis",Lewis Brinson,39,1,0,0,26,0,8,0,18,8,26,88,114,19,0,0,0,0,0,0,0,19,0,19,46
mmn,rf,,,3,24,r,"Encarnacion, Jerar",Jerar Encarnacion,81,2,7,0,10,0,10,0,0,0,17,20,37,0,0,11,2,0,0,9,8,11,38,49,46
cla,rf,,,3,24,l,"Jones, Nolan",Nolan Jones,94,0,0,0,0,0,0,0,0,0,0,0,0,9,0,23,16,6,0,1,1,32,32,64,46
oaa,rf,,,4,31,r,"Piscotty, Stephen",Stephen Piscotty,139,2,18,3,7,7,0,0,0,0,28,7,35,0,3,10,0,1,0,9,8,13,38,51,46
tea,lf,,,4,27,r,"Solak, Nick",Nick Solak,95,3,0,13,20,11,0,0,9,8,33,47,80,17,13,1,1,0,0,0,0,31,1,32,46
nya,cf,,,3,33,s,"Hicks, Aaron",Aaron Hicks,453,10,11,2,17,17,0,0,0,0,30,17,47,23,2,10,10,0,0,0,0,35,10,45,46
arn,c,,,2,27,r,"Kelly, Carson",Carson Kelly,354,2,6,3,12,0,12,0,0,0,21,24,45,11,3,14,12,1,0,1,1,28,18,46,46
laa,1b,,,2,28,l,"Walsh, Jared",Jared Walsh,454,11,4,2,11,8,1,0,2,3,17,18,35,2,2,16,9,3,0,4,5,20,31,51,46
sfn,1b,,,4,28,l,"Wade Jr., LaMonte",LaMonte Wade Jr.,251,2,5,5,0,0,0,0,0,0,10,0,10,16,5,13,8,1,0,4,5,34,26,60,46
sfn,1b,,,4,35,r,"Ruf, Darin",Darin Ruf,338,2,15,4,13,5,1,0,7,8,32,35,67,18,4,7,7,0,0,0,0,29,7,36,45
dea,rf,,,3,25,r,"Cameron, Daz",Daz Cameron,70,2,19,3,26,13,13,0,0,0,48,39,87,1,3,8,4,0,3,1,1,12,17,29,45
chn,2b,,,4,27,l,"McKinstry, Zach",Zach McKinstry,185,7,15,1,8,8,0,0,0,0,24,8,32,10,1,11,3,2,3,3,4,22,28,50,45
kca,1b,,,4,29,l,"O'Hearn, Ryan",Ryan O'Hearn,145,0,5,3,11,3,8,0,0,0,19,19,38,3,3,20,18,2,0,0,0,26,22,48,45
cin,cf,,,3,27,r,"Senzel, Nick",Nick Senzel,411,8,2,3,20,19,1,0,0,0,25,21,46,10,3,15,14,1,0,0,0,28,16,44,45
mmn,ss,,,2,33,r,"Rojas, Miguel",Miguel Rojas,507,9,1,3,15,11,4,0,0,0,19,19,38,3,3,20,18,2,0,0,0,26,22,48,45
baa,2b,,,4,25,s,"Odor, Rougned",Rougned Odor,472,6,5,5,9,7,0,1,1,1,19,14,33,6,5,13,6,4,0,3,4,24,26,50,45
arn,rf,,,3,28,r,"Luplow, Jordan",Jordan Luplow,234,5,15,3,10,0,0,0,10,8,28,40,68,12,3,7,5,0,0,2,3,22,13,35,44
wan,c,,,3,26,r,"Adams, Riley",Riley Adams,155,0,6,2,0,0,0,0,0,0,8,0,8,9,2,12,3,2,0,7,8,23,35,58,44
cla,cf,,,1,27,r,"Straw, Myles",Myles Straw,596,21,9,0,23,17,6,0,0,0,32,29,61,12,0,12,11,1,0,0,0,24,13,37,44
cin,cf,,,1,28,r,"Almora Jr, Albert",Albert Almora Jr.,235,3,9,1,15,7,6,0,2,3,25,27,52,6,1,16,14,2,0,0,0,23,18,41,44
cha,cf,,,3,25,l,"Haseley, Adam",Adam Haseley,25,0,0,0,0,0,0,0,0,0,0,0,0,21,0,20,20,0,0,0,0,41,20,61,44
arn,3b,,,4,25,s,"Alcantara, Sergio",Sergio Alcantara,224,1,5,1,14,9,1,0,4,5,20,27,47,2,1,16,12,2,0,2,3,19,24,43,44
arn,lf,,,3,27,s,"Hummel, Cooper",Cooper Hummel,201,4,12,1,6,0,0,6,0,0,19,18,37,19,1,9,0,9,0,0,0,29,18,47,44
hoa,cf,,,4,26,r,"Meyers, Jacob",Jacob Meyers,160,2,0,3,22,19,0,3,0,0,25,28,53,4,3,14,9,4,1,0,0,21,20,41,44
cha,rf,,,4,25,l,"Payton, Mark",Mark Payton,25,0,99,0,0,0,0,0,0,0,99,0,99,20,0,1,1,0,0,0,0,21,1,22,44
boa,c,,,4,31,r,"Plawecki, Kevin",Kevin Plawecki,186,0,4,3,0,0,0,0,0,0,7,0,7,9,3,21,16,5,0,0,0,33,26,59,44
tea,lf,,,4,28,r,"Reks, Zach",Zach Reks,34,0,0,0,0,0,0,0,0,0,0,0,0,0,0,30,29,1,0,0,0,30,31,61,44
sdn,cf,,,1,25,l,"Grisham, Trent",Trent Grisham,524,7,6,3,12,6,1,0,5,7,21,28,49,18,3,5,1,1,0,3,4,26,15,41,43
pin,lf,,,4,27,r,"Andujar, Miguel",Miguel Andujar,140,4,0,0,24,21,0,3,0,0,24,30,54,1,0,17,13,4,0,0,0,18,21,39,43
baa,c,,,2,32,r,"Bemboom, Anthony",Anthony Bemboom,59,0,0,0,16,0,0,0,16,8,16,64,80,19,0,3,0,3,0,0,0,22,6,28,43
sln,lf,,,4,23,l,"Burleson, Alec",Alec Burleson,53,1,0,0,41,41,0,0,0,0,41,41,82,13,0,6,5,0,0,1,1,19,9,28,43
sln,cf,,,3,27,r,"DeLuzio, Ben",Ben DeLuzio,25,0,27,11,0,0,0,0,0,0,38,0,38,16,11,6,0,6,0,0,0,33,12,45,43
atn,rf,,,3,30,l,"Rosario, Eddie",Eddie Rosario,270,3,24,0,5,0,0,5,0,0,29,15,44,3,0,16,10,5,0,1,1,19,24,43,43
mmn,c,,,4,32,r,"Stallings, Jacob",Jacob Stallings,384,0,18,4,11,11,0,0,0,0,33,11,44,5,4,16,15,1,0,0,0,25,17,42,43
kca,cf,,,2,25,l,"Isbel, Kyle",Kyle Isbel,278,9,7,3,12,12,0,0,0,0,22,12,34,3,3,14,7,3,3,1,1,20,26,46,43
chn,1b,,,2,25,l,"Rivas, Alfonso",Alfonso Rivas,287,6,5,3,0,0,0,0,0,0,8,0,8,14,3,20,20,0,0,0,0,37,20,57,43
toa,c,,,2,27,l,"Collins, Zack",Zack Collins,108,0,20,2,1,1,0,0,0,0,23,1,24,8,2,9,0,3,0,6,8,19,30,49,42
wan,ss,,,3,35,r,"Escobar, Alcides",Alcides Escobar,131,1,1,3,14,11,0,3,0,0,18,20,38,0,3,17,12,4,1,0,0,20,23,43,42
pin,c,,,2,31,r,"Heineman, Tyler",Tyler Heineman,174,1,0,7,16,15,1,0,0,0,23,17,40,4,7,13,7,6,0,0,0,24,19,43,42
atn,lf,,,3,31,r,"Heredia, Guillermo",Guillermo Heredia,82,0,12,0,11,0,5,4,2,3,23,30,53,2,0,7,0,0,0,7,8,9,28,37,42
arn,2b,,,3,23,r,"Kennedy, Buddy",Buddy Kennedy,94,0,9,3,21,14,3,3,1,1,33,33,66,11,3,6,3,0,3,0,0,20,12,32,42
nyn,c,,,2,32,r,"McCann, James",James McCann,191,3,0,5,0,0,0,0,0,0,5,0,5,6,5,22,21,1,0,0,0,33,23,56,42
pin,c,,,2,29,l,"Perez, Michael",Michael Perez,132,1,6,0,12,0,0,0,12,8,18,48,66,8,0,5,0,0,0,5,7,13,20,33,42
tba,c,,,2,25,r,"Pinto, Rene",Rene Pinto,83,0,5,3,14,14,0,0,0,0,22,14,36,0,3,14,7,4,0,3,4,17,27,44,42
atn,rf,,,3,32,s,"Grossman, Robbie",Robbie Grossman,477,6,27,3,26,14,12,0,0,0,56,38,94,12,3,3,3,0,0,0,0,18,3,21,42
dea,1b,,,4,22,r,"Torkelson, Spencer",Spencer Torkelson,404,2,9,3,14,7,6,1,0,0,26,22,48,12,3,10,8,1,0,1,1,25,14,39,42
dea,c,,,2,31,l,"Barnhart, Tucker",Tucker Barnhart,308,0,10,1,18,18,0,0,0,0,29,18,47,9,1,14,12,2,0,0,0,24,16,40,42
kca,ss,,,2,27,r,"Lopez, Nicky",Nicky Lopez,480,13,2,2,13,13,0,0,0,0,17,13,30,6,2,18,16,1,1,0,0,26,21,47,42
tba,cf,,,2,26,r,"Siri, Jose",Jose Siri,325,14,9,2,4,0,4,0,0,0,15,8,23,3,2,18,14,2,0,2,3,23,26,49,42
cin,3b,,,5,31,r,"Davidson, Matt",Matt Davidson,37,0,5,0,20,0,0,0,20,8,25,80,105,12,0,2,2,0,0,0,0,14,2,16,41
cha,c,,,3,33,s,"Grandal, Yasmani",Yasmani Grandal,376,1,33,1,16,10,6,0,0,0,50,22,72,12,1,8,8,0,0,0,0,21,8,29,41
hoa,1b,,,4,26,l,"Matijevic, J.J.",J.J. Matijevic,71,1,11,6,0,0,0,0,0,0,17,0,17,0,6,16,11,1,0,4,5,22,29,51,41
mmn,rf,,,4,31,r,"Garcia, Avisail",Avisail Garcia,380,4,4,2,15,12,0,0,3,4,21,24,45,1,2,17,16,0,0,1,1,20,20,40,41
tea,3b,,,3,32,l,"Miller, Brad",Brad Miller,241,4,2,0,7,0,0,0,7,8,9,28,37,8,0,14,12,0,0,2,3,22,20,42,41
tea,3b,,,4,24,l,"Smith, Josh",Josh Smith,253,4,12,7,2,0,0,0,2,3,21,8,29,17,7,11,11,0,0,0,0,35,11,46,41
laa,c,,,4,38,r,"Suzuki, Kurt",Kurt Suzuki,159,0,32,3,1,0,0,0,1,1,36,4,40,5,3,13,9,2,0,2,3,21,21,42,41
oaa,3b,,,3,29,l,"Machin, Vimael",Vimael Macbin,253,1,20,2,1,1,0,0,0,0,23,1,24,13,2,14,9,5,0,0,0,29,19,48,41
oaa,3b,,,4,27,r,"Neuse, Sheldon",Sheldon Neuse,293,6,0,2,8,7,0,1,0,0,10,10,20,10,2,17,16,0,0,1,1,29,20,49,41
sln,ss,,,3,28,r,"DeJong, Paul",Paul DeJong,237,3,16,4,12,0,12,0,0,0,32,24,56,9,4,4,0,0,0,4,5,17,16,33,40
boa,rf,,,1,32,l,"Bradley Jr., Jackie",Jackie Bradley Jr.,370,2,10,0,7,0,5,0,2,3,17,18,35,4,0,15,7,8,0,0,0,19,23,42,40
mmn,c,,,2,25,r,"Henry, Payton",Payton Henry,35,0,24,15,0,0,0,0,0,0,39,0,39,21,15,2,2,0,0,0,0,38,2,40,40
con,c,,,2,27,r,"Serven, Brian",Brian Serven,4,0,9,2,16,12,3,0,1,1,27,22,49,4,2,11,8,0,0,3,4,17,20,37,40
nyn,1b,,,4,27,l,"Smith, Dominic",Dominic Smith,152,0,12,6,5,1,4,0,0,0,23,9,32,8,6,10,1,9,0,0,0,24,19,43,40
phn,ss,,,2,32,l,"Gregorius, Didi",Didi Gregorius,232,1,0,3,4,3,1,0,0,0,7,5,12,5,3,16,9,3,4,0,0,24,27,51,40
oaa,2b,,,4,26,r,"Bride, Jonah",Jonah Bride,187,1,9,5,7,7,0,0,0,0,21,7,28,16,5,11,10,1,0,0,0,32,12,44,39
baa,3b,,,4,27,r,"Gutierrez, Kelvin",Kelvin Gutierrez,32,1,13,0,5,0,5,0,0,0,18,10,28,28,0,8,8,0,0,0,0,36,8,44,39
dea,cf,,,4,26,r,"Hill, Derek",Derek Hill,92,3,0,0,49,40,9,0,0,0,49,58,107,6,0,3,3,0,0,0,0,9,3,12,39
tea,3b,,,2,29,r,"Ibanez, Andy",Andy Ibanez,128,3,1,0,15,11,4,0,0,0,16,19,35,10,0,15,15,0,0,0,0,25,15,40,39
hoa,c,,,2,35,r,"Maldonado, Martin",Martin Maldonado,379,0,7,4,13,1,0,0,12,8,24,49,73,3,4,6,3,1,0,2,3,13,13,26,39
baa,3b,,,4,27,r,"Nevin, Tyler",Tyler Nevin,184,0,14,6,15,13,0,0,2,3,35,21,56,16,6,5,5,0,0,0,0,27,5,32,39
sfn,2b,,,4,25,r,"Proctor, Ford",Ford Proctor,22,0,0,0,0,0,0,0,0,0,0,0,0,14,0,8,0,0,0,8,8,22,32,54,39
sea,lf,,,4,34,r,"Upton, Justin",Justin Upton,57,0,8,14,7,0,2,0,5,7,29,24,53,19,14,0,0,0,0,0,0,33,0,33,39
mmn,c,,,2,30,r,"Narvaez, Omar",Omar Narvaez,296,0,19,2,11,11,0,0,0,0,32,11,43,11,2,11,8,3,0,0,0,24,14,38,39
laa,c,,,2,30,r,"Wallach, Chad",Chad Wallach,40,0,41,0,11,0,11,0,0,0,52,22,74,0,0,5,0,0,0,5,7,5,20,25,39
con,ss,,,3,27,r,"Hampson, Garrett",Garrett Hampson,226,12,20,1,26,12,7,7,0,0,47,47,94,7,1,4,4,0,0,0,0,12,4,16,38
hoa,cf,,,3,27,r,"Dubon, Mauricio",Mauricio Dubon,265,2,3,1,26,17,3,0,6,8,30,47,77,2,1,9,8,1,0,0,0,12,10,22,38
tea,rf,,,2,34,l,"Calhoun, Kole",Kole Calhoun,424,3,6,3,12,6,2,0,4,5,21,26,47,5,3,10,7,1,0,2,3,18,17,35,38
dea,cf,,,3,23,l,"Baddoo, Akil",Akil Baddoo,225,9,6,0,18,18,0,0,0,0,24,18,42,16,0,9,8,0,1,0,0,25,11,36,38
sea,rf,,,3,22,l,"Kelenic, Jarred",Jarred Kelenic,181,5,6,1,1,0,1,0,0,0,8,2,10,13,1,7,0,0,0,7,8,21,28,49,38
kca,lf,,,4,27,r,"Rooker, Brent",Brent Rooker,36,0,18,7,0,0,0,0,0,0,25,0,25,0,7,12,0,12,0,0,0,19,24,43,38
mmn,lf,,,4,24,l,"Bleday, J.J.",J.J. Bleday,238,4,0,2,5,0,4,0,1,1,7,12,19,25,2,5,0,3,1,1,1,32,13,45,38
laa,2b,,,4,27,l,"Wade, Tyler",Tyler Wade,163,8,9,1,16,16,0,0,0,0,26,16,42,4,1,15,13,2,0,0,0,20,17,37,38
tea,cf,,,2,28,r,"White, Eli",Eli White,117,12,15,0,11,9,2,0,0,0,26,13,39,9,0,10,7,0,0,3,4,19,19,38,38
arn,1b,,,4,25,l,"Beer, Seth",Seth Beer,126,0,1,6,21,6,15,0,0,0,28,36,64,10,6,5,5,0,0,0,0,21,5,26,37
cin,c,,,2,25,r,"Garcia, Aramis",Aramis Garcia,115,0,0,4,50,50,0,0,0,0,54,50,104,0,4,3,3,0,0,0,0,7,3,10,37
wan,cf,,,2,25,r,"Robles, Victor",Victor Robles,407,15,4,5,29,25,2,2,0,0,38,35,73,0,5,9,9,0,0,0,0,14,9,23,37
nya,lf,,,3,24,s,"Gonzalez, Marwin",Marwin Gonzalez,207,3,11,5,11,3,8,0,0,0,27,19,46,4,5,6,2,0,0,4,5,15,18,33,37
chn,cf,,,2,32,l,"Heyward, Jason",Jason Heyward,151,1,0,5,15,15,0,0,0,0,20,15,35,10,5,10,8,2,0,0,0,25,12,37,36
cla,c,,,4,33,r,"Leon, Sandy",Sandy Leon,86,0,24,0,17,10,7,0,0,0,41,24,65,25,0,0,0,0,0,0,0,25,0,25,36
pin,2b,,,4,22,l,"Marcano, Tucupita",Tucupita Marcano,177,2,4,1,19,18,0,0,1,1,24,22,46,4,1,10,5,3,2,0,0,15,17,32,36
nyn,c,,,2,28,l,"Mazeika, Patrick",Patrick Mazeika,72,0,0,0,34,18,16,0,0,0,34,50,84,0,0,6,1,5,0,0,0,6,11,17,36
oaa,ss,,,3,23,r,"Allen, Nick",Nick Allen,326,3,3,1,27,16,8,0,3,4,31,44,75,5,1,7,6,1,0,0,0,13,8,21,36
mln,cf,,,2,36,r,"Cain, Lorenzo",Lorenzo Cain,156,2,13,3,3,0,3,0,0,0,19,6,25,0,3,18,18,0,0,0,0,21,18,39,35
sln,c,,,1,39,r,"Molina, Yadier",Yadier Molina,270,2,0,2,23,23,0,0,0,0,25,23,48,0,2,12,10,1,0,1,1,14,16,30,35
con,lf,,,2,28,l,"Hilliard, Sam",Sam Hilliard,200,5,0,1,4,0,0,0,4,5,5,16,21,20,1,9,7,2,0,0,0,30,11,41,35
laa,c,,,2,31,r,"Stassi, Max",Max Stassi,375,0,8,1,3,2,1,0,0,0,12,4,16,16,1,8,4,1,0,3,4,25,18,43,35
lan,2b,,,3,29,r,"Alberto, Hanser",Hanser Alberto,159,0,0,0,29,20,8,1,0,0,29,39,68,0,0,6,1,2,3,0,0,6,14,20,34
pin,2b,,,3,27,r,"VanMeter, Josh",Josh VanMeter,192,4,17,0,1,0,1,0,0,0,18,2,20,12,0,13,12,0,1,0,0,25,15,40,34
arn,ss,,,4,22,r,"Perdomo, Geraldo",Geraldo Perdomo,500,9,11,3,17,17,0,0,0,0,31,17,48,15,3,5,5,0,0,0,0,23,5,28,34
chn,2b,,,4,31,r,"Villar, Jonathan",Jonathan Villar,220,7,11,0,8,3,2,3,0,0,19,16,35,5,0,14,14,0,0,0,0,19,14,33,34
sea,2b,,,4,25,s,"Toro, Abraham",Abraham Toro,352,2,8,1,11,9,2,0,0,0,20,13,33,3,1,7,0,2,0,5,7,11,24,35,34
tba,2b,,,3,24,l,"Aranda, Jonathan",Jonathan Aranda,87,0,0,3,0,0,0,0,0,0,3,0,3,11,3,10,3,5,0,2,3,24,21,45,33
sdn,3b,,,4,27,r,"Batten, Matt",Matt Batten,22,0,9,11,12,0,12,0,0,0,32,24,56,13,11,0,0,0,0,0,0,24,0,24,33
pin,rf,,,4,24,r,"Castillo, Diego",Diego Castillo,283,1,0,2,20,1,10,0,9,8,22,57,79,3,2,5,5,0,0,0,0,10,5,15,33
pin,c,,,2,27,r,"Delay, Jason",Jason Delay,167,0,3,3,20,17,3,0,0,0,26,23,49,3,3,10,9,1,0,0,0,16,11,27,33
laa,rf,,,2,33,r,"Lagares, Juan",Juan Lagares,62,0,0,0,11,0,3,8,0,0,11,30,41,0,0,15,15,0,0,0,0,15,15,30,33
hoa,c,,,3,23,r,"Lee, Korey",Korey Lee,26,0,0,0,14,0,14,0,0,0,14,28,42,6,0,8,0,8,0,0,0,14,16,30,33
pin,lf,,,4,26,l,"Madris, Bligh",Bligh Madris,123,2,0,0,15,0,15,0,0,0,15,30,45,13,0,5,0,5,0,0,0,18,10,28,33
oaa,rf,,,3,27,l,"McKinney, Billy",Billy McKinney,57,0,0,0,20,0,0,0,20,8,20,80,100,6,0,0,0,0,0,0,0,6,0,6,33
laa,ss,,,2,27,s,"Velazquez, Andrew",Andrew Velazquez,349,17,0,2,17,15,2,0,0,0,19,19,38,1,2,8,4,0,0,4,5,11,20,31,33
dea,2b,,,3,30,r,"Schoop, Jonathan",Jonathan Schoop,510,5,0,3,9,6,3,0,0,0,12,12,24,0,3,13,8,4,0,1,1,16,20,36,33
tba,c,,,2,31,r,"Zunino, Mike",Mike Zunino,123,0,7,2,7,0,0,0,7,8,16,28,44,0,2,6,0,2,0,4,5,8,20,28,33
pin,cf,,,3,29,s,"Allen, Greg",Greg Allen,134,8,0,4,8,7,1,0,0,0,12,9,21,16,4,8,8,0,0,0,0,28,8,36,32
chn,lf,,,3,27,r,"Frazier, Clint",Clint Frazier,45,1,38,6,14,0,14,0,0,0,58,28,86,0,6,2,2,0,0,0,0,8,2,10,32
oaa,c,,,4,37,l,"Vogt, Stephen",Stephen Vogt,191,1,13,3,0,0,0,0,0,0,16,0,16,11,3,5,0,0,0,5,7,19,20,39,32
tba,ss,,,2,25,s,"Walls, Taylor",Taylor Walls,465,10,23,1,3,0,3,0,0,0,27,6,33,13,1,6,3,2,0,1,1,20,11,31,32
laa,1b,,,4,27,r,"MacKinnon, David",David MacKinnon,388,0,6,0,0,0,0,0,0,0,6,0,6,22,0,10,10,0,0,0,0,32,10,42,32
cla,rf,,,4,24,l,"Benson, Will",Will Benson,61,0,27,8,0,0,0,0,0,0,35,0,35,0,8,11,11,0,0,0,0,19,11,30,31
cin,c,,,2,27,r,"Robinson, Chuckie",Chuckie Robinson,60,0,0,0,14,0,14,0,0,0,14,28,42,0,0,5,0,0,0,5,7,5,20,25,30
laa,cf,,,3,26,l,"Sierra, Magneuris",Magneuris Sierra,96,6,0,0,5,0,0,5,0,0,5,15,20,2,0,10,4,0,6,0,0,12,22,34,30
chn,ss,,,2,32,r,"Simmons, Andrelton",Andrelton Simmons,85,4,1,0,0,0,0,0,0,0,1,0,1,13,0,14,14,0,0,0,0,27,14,41,30
tos,cf,,,2,29,l,"Zimmer, Bradley",Bradley Zimmer,117,3,0,12,1,0,1,0,0,0,13,2,15,2,12,6,0,4,0,2,3,20,16,36,30
mmn,1b,,,4,25,l,"Diaz, Lewin",Lewin Diaz,174,1,0,1,8,0,8,0,0,0,9,16,25,7,1,7,4,0,0,3,4,15,16,31,29
arn,c,,,2,25,r,"Herrera, Jose",Jose Herrera,124,0,1,0,30,30,0,0,0,0,31,30,61,9,0,4,4,0,0,0,0,13,4,17,29
oaa,cf,,,4,25,l,"Stevenson, Cal",Cal Stevenson,71,1,0,0,12,12,0,0,0,0,12,12,24,19,0,4,0,4,0,0,0,23,8,31,29
cha,2b,,,3,31,s,"Garcia, Leury",Leury Garcia,315,2,0,2,9,8,1,0,0,0,11,10,21,0,2,15,15,0,0,0,0,17,15,32,29
nya,cf,,,4,36,l,"Florial, Estevan",Estevan Florial,35,2,34,7,13,13,0,0,0,0,54,13,67,6,7,0,0,0,0,0,0,13,0,13,28
nyn,lf,,,3,31,l,"Jankowski, Travis",Travis Jankowski,64,3,14,4,7,7,0,0,0,0,25,7,32,20,4,1,1,0,0,0,0,25,1,26,28
laa,2b,,,3,31,r,"Mayfield, Jack",Jack Mayfield,74,1,0,3,7,1,0,6,0,0,10,19,29,1,3,10,9,0,0,1,1,14,13,27,28
baa,2b,,,3,28,r,"Owings, Chris",Chris Owings,68,1,32,4,6,0,6,0,0,0,42,12,54,13,4,0,0,0,0,0,0,17,0,17,28
kca,c,,,2,23,r,"Rivero, Sebastian",Sebastian Rivero,29,0,34,0,33,33,0,0,0,0,67,33,100,0,0,0,0,0,0,0,0,0,0,0,28
mna,1b,,,4,29,r,"Sano, Miguel",Miguel Sano,71,1,8,4,0,0,0,0,0,0,12,0,12,26,4,1,0,0,0,1,1,31,4,35,28
tea,lf,,,4,27,r,"Hernandez, Elieser",Elieser Hernandez,35,0,0,0,7,0,7,0,0,0,7,14,21,4,0,9,2,7,0,0,0,13,16,29,27
wan,3b,,,4,32,s,"Adrianza, Ehire",Ehire Adrianza,110,1,11,2,7,3,4,0,0,0,20,11,31,14,2,4,4,0,0,0,0,20,4,24,26
baa,c,,,4,38,r,"Chirinos, Robinson",Robinson Chirinos,220,1,9,4,13,7,5,0,1,1,26,21,47,11,4,1,0,1,0,0,0,16,2,18,26
cla,3b,,,4,26,r,"Clement, Ernie",Ernie Clement,179,0,0,3,10,10,0,0,0,0,13,10,23,12,3,6,6,0,0,0,0,21,6,27,26
oaa,2b,,,4,38,r,"Lowrie, Jed",Jed Lowrie,184,1,0,0,9,7,2,0,0,0,9,11,20,13,0,6,5,0,0,1,1,19,9,28,26
con,c,,,4,27,r,"Nunez, Dom",Dom Nunez,41,0,34,0,0,0,0,0,0,0,34,0,34,23,0,0,0,0,0,0,0,23,0,23,26
mna,ss,,,3,25,r,"Palacios, Jermaine",Jermaine Palacios,77,0,0,0,0,0,0,0,0,0,0,0,0,7,0,6,0,0,0,6,8,13,24,37,26
boa,2b,,,4,23,r,"Downs, Jeter",Jeter Downs,41,0,6,0,2,2,0,0,0,0,8,2,10,0,0,7,0,2,0,5,7,7,24,31,25
chn,cf,,,3,27,r,"Hermosillo, Michael",Michael Hermosillo,73,1,16,14,0,0,0,0,0,0,30,0,30,9,14,0,0,0,0,0,0,23,0,23,25
dea,3b,,,4,24,r,"Kreidler, Ryan",Ryan Kreidler,84,0,7,3,19,13,2,0,4,5,29,33,62,8,3,0,0,0,0,0,0,11,0,11,25
oaa,3b,,,4,25,r,"Smith, Kevin",Kevin Smith,151,4,3,0,24,1,23,0,0,0,27,47,74,1,0,1,0,0,1,0,0,2,3,5,25
cla,c,,,2,29,r,"Hedges, Austin",Austin Hedges,338,2,18,4,2,0,0,0,2,3,24,8,32,5,4,5,4,0,0,1,1,14,8,22,25
laa,rf,,,4,27,r,"Aguilar, Ryan",Ryan Aguilar,26,0,0,10,0,0,0,0,0,0,10,0,10,10,10,3,0,3,0,0,0,23,6,29,24
laa,lf,,,3,28,r,"Duggar, Steven",Steven Duggar,80,5,15,0,0,0,0,0,0,0,15,0,15,10,0,5,0,3,2,0,0,15,12,27,24
sfn,3b,,,4,25,r,"Padlo, Kevin",Kevin Padlo,34,0,2,0,0,0,0,0,0,0,2,0,2,0,0,12,4,8,0,0,0,12,20,32,23
pin,rf,,,3,25,s,"Tucker, Cole",Cole Tucker,63,1,0,0,0,0,0,0,0,0,0,0,0,0,0,13,10,0,3,0,0,13,19,32,23
laa,cf,,,3,24,l,"Moniak, Mickey",Mickey Moniak,112,1,0,2,0,0,0,0,0,0,2,0,2,0,2,8,3,1,1,3,4,10,20,30,22
baa,rf,,,2,28,r,"Phillips, Brett",Brett Phillips,225,7,0,3,0,0,0,0,0,0,3,0,3,9,3,5,2,1,0,2,3,17,12,29,22
pin,1b,,,4,30,l,"Tsutsugo, Yoshi",Yoshi Tsutsugo,193,4,8,0,6,6,0,0,0,0,14,6,20,15,0,4,4,0,0,0,0,19,4,23,22
lan,lf,,,4,22,r,"Vargas, Miguel",Miguel Vargas,50,1,0,0,7,1,0,0,6,8,7,25,32,8,0,4,2,2,0,0,0,12,6,18,22
tba,2b,,,4,24,l,"Brujan, Vidal",Vidal Brujan,162,5,18,1,13,4,5,0,4,5,32,30,62,2,1,0,0,0,0,0,0,3,0,3,20
mna,c,,,2,27,l,"Godoy, Jose",Jose Godoy,22,0,63,0,0,0,0,0,0,0,63,0,63,3,0,0,0,0,0,0,0,3,0,3,20
laa,c,,,2,33,r,"Romine, Austin",Austin Romine,136,0,0,2,0,0,0,0,0,0,2,0,2,0,2,8,5,0,0,3,4,10,17,27,20
cha,ss,,,4,22,r,"Sosa, Lenyn",Lenyn Sosa,36,0,0,0,0,0,0,0,0,0,0,0,0,0,0,6,0,2,0,4,5,6,20,26,19
hoa,2b,,,4,30,s,"Goodrum, Niko",Niko Goodrum,45,1,18,0,0,0,0,0,0,0,18,0,18,0,0,6,0,6,0,0,0,6,12,18,18
atn,2b,,,4,33,r,"Gosselin, Phil",Phil Gosselin,77,0,0,3,2,2,0,0,0,0,5,2,7,3,3,4,0,0,4,0,0,10,12,22,18
sfn,c,,,2,26,r,"Papierski, Michael",Michael Papierski,103,0,26,0,0,0,0,0,0,0,26,0,26,9,0,2,2,0,0,0,0,11,2,13,17
boa,2b,,,4,30,s,"Sanchez, Yolmer",Yolmer Sanchez,44,0,0,0,0,0,0,0,0,0,0,0,0,24,0,0,0,0,0,0,0,24,0,24,17
kca,ss,,,2,26,r,"Mondesi, Adalberto",Adalberto Mondesi,54,5,13,0,0,0,0,0,0,0,13,0,13,6,0,5,5,0,0,0,0,11,5,16,15
cin,ss,,,4,24,r,"Barrero, Jose",Jose Barrero,174,4,6,0,6,0,0,0,6,8,12,24,36,1,0,2,2,0,0,0,0,3,2,5,14
sln,c,,,2,22,r,"Herrera, Ivan",Ivan Herrera,22,0,0,0,0,0,0,0,0,0,0,0,0,19,0,0,0,0,0,0,0,19,0,19,14
oaa,cf,,,2,24,r,"Pache, Cristian",Cristian Pache,260,2,8,1,15,13,1,1,0,0,24,18,42,2,1,0,0,0,0,0,0,3,0,3,14
hoa,c,,,3,35,l,"Castro, Jason",Jason Castro,88,1,0,3,0,0,0,0,0,0,3,0,3,14,3,0,0,0,0,0,0,17,0,17,13
baa,3b,,,4,23,r,"Arauz, Jonathan",Jonathan Arauz,41,0,0,0,0,0,0,0,0,0,0,0,0,0,0,3,0,0,0,3,4,3,12,15,11
lan,lf,,,4,32,l,"Alvarez, Eddy",Eddy Alvarez,27,1,0,0,0,0,0,0,0,0,0,0,0,0,0,7,7,0,0,0,0,7,7,14,10
atn,2b,,,4,39,l,"Cano, Robinson",Robinson Cano,104,0,0,0,17,17,0,0,0,0,17,17,34,1,0,0,0,0,0,0,0,1,0,1,10
mna,lf,,,1,31,r,"Hamilton, Billy",Billy Hamilton,23,10,15,0,0,0,0,0,0,0,15,0,15,8,0,0,0,0,0,0,0,8,0,8,10
arn,3b,,,4,24,r,"Hernandez, Yonny",Yonny Hernandez,28,2,0,0,0,0,0,0,0,0,0,0,0,14,0,0,0,0,0,0,0,14,0,14,10
wan,ss,,,4,24,s,"Fox, Lucius",Lucius Fox,28,1,27,0,0,0,0,0,0,0,27,0,27,0,0,0,0,0,0,0,0,0,0,0,8
laa,rf,,,4,29,l,"Rojas, Jose",Jose Rojas,57,0,0,4,0,0,0,0,0,0,4,0,4,0,4,2,0,2,0,0,0,6,4,10,8
sfn,rf,,,4,22,r,"Ramos, Heliot",Heliot Ramos,22,0,15,0,0,0,0,0,0,0,15,0,15,0,0,0,0,0,0,0,0,0,0,0,4