fg_id,name,position,level,team,notes
sa739716,Domingo Acevedo,P,B,ANA,
9393,Matt Adams,1B,A,ANA,
sa3004837,Jo Adell,OF,B,ANA,
sa874245,Kolby Allard,P,B,ANA,
6895,Chase Anderson,SP,A,ANA,
12022,Matt Andriese,P,A,ANA,
sa740444,Jairo Beras,OF,B,ANA,
13611,Mookie Betts,RF,A,ANA,
15440,Matt Boyd,SP,B,ANA,
9077,Lorenzo Cain,CF,A,ANA,
11681,Vicente Campos,P,B,ANA,
3269,Robinson Cano,2B,V,ANA,
9911,Chris Carter,1B,A,ANA,
10233,Aroldis Chapman,RP,V,ANA,
sa873984,C.J. Chatham,SS,B,ANA,
13071,Wei-Yin Chen,SP,A,ANA,
12555,Tony Cingrani,RP,A,ANA,
sa737509,Nick Ciuffo,C,B,ANA,
12546,C.J. Cron,1B,A,ANA,
7226,Matt Davidson,3B,B,ANA,
13050,Anthony DeSclafani,SP,A,ANA,
sa912848,Yusniel Diaz,OF,B,ANA,
4866,Jarrod Dyson,OF,A,ANA,
9219,Danny Espinosa,SS,V,ANA,
sa549697,Jose Fernandez,2B,B,ANA,
16208,Brandon Finnegan,SP,B,ANA,
13267,Nolan Fontana,SS,B,ANA,
785,Todd Frazier,3B,A,ANA,
13743,Max Fried,P,B,ANA,
6609,Freddy Galvis,SS,A,ANA,
sa736916,Javier Guerra,SS,B,ANA,
3797,J.J. Hardy,SS,V,ANA,
8202,Josh Harrison,2B,A,ANA,
sa599061,Luis Heredia,P,B,ANA,
14335,Dilson Herrera,2B,B,ANA,
9345,Brock Holt,INF/OF,A,ANA,
16472,Rhys Hoskins,1B,B,ANA,
13435,Pierce Johnson,P,B,ANA,
14975,Chad Kuhl,SP,B,ANA,
sa829185,Ramon Laureano,OF,B,ANA,
sa737505,Reese McGuire,C,B,ANA,
15964,Keury Mella,P,B,ANA,
14391,Yohander Mendez,P,B,ANA,
16511,Jordan Montgomery,P,B,ANA,
1890,Matt Moore,SP,A,ANA,
12927,Brandon Nimmo,OF,B,ANA,
14503,Renato Nunez,3B,B,ANA,
13288,Peter O'Brien,LF,B,ANA,
sa828677,Luis Ortiz,P,B,ANA,
13323,James Pazos,RP,B,ANA,
7304,Salvador Perez,C,A,ANA,
9308,Josh Phegley,C,A,ANA,
2829,Manny Pina,C,B,ANA,
sa828690,Sean Reid-Foley,P,B,ANA,
sa830204,Jomar Reyes,3B,B,ANA,
13277,Joey Rickard,OF,B,ANA,
12076,Felipe Rivero,RP,A,ANA,
sa874238,Brendan Rodgers,SS,B,ANA,
2391,Hector Rondon,RP,A,ANA,
4971,Fernando Salas,RP,V,ANA,
12164,Miguel Sano,OF,B,ANA,
,J.J. Schwartz,C,B,ANA,"University of Florida, c/o 2018"
8048,Will Smith,RP,A,ANA,
13172,Carson Smith,RP,A,ANA,
sa737436,Kohl Stewart,P,B,ANA,
sa875054,Thomas Szapucki,P,B,ANA,
6797,Julio Teheran,SP,A,ANA,
sa738437,Rowdy Tellez,1B,B,ANA,
sa917969,Mason Thompson,P,B,ANA,
5279,Chris Tillman,SP,V,ANA,
12983,Charlie Tilson,CF,B,ANA,
sa874240,Kyle Tucker,OF,B,ANA,
17027,Alex Verdugo,OF,B,ANA,
13419,Christian Walker,1B,B,ANA,
sa828682,Forrest Wall,2B,B,ANA,
sa737690,Drew Ward,3B,B,ANA,
12979,Javier Baez,INF,A,AUS,
sa3004055,Austin Beck,OF,B,AUS,
10264,Brandon Belt,1B,V,AUS,
13528,Matt Bowman,RP,A,AUS,
12944,Socrates Brito,OF,B,AUS,
15429,Kris Bryant,3B/OF,A,AUS,
4962,Asdrubal Cabrera,SS,V,AUS,
4732,Matt Cain,SP,V,AUS,
3142,Robinson Chirinos,C,A,AUS,
11376,Michael Choice,OF,B,AUS,
13051,Chris Colabello,1B,A,AUS,
11494,Kaleb Cowart,INF,B,AUS,
,Nelson Cruz,OF/DH,V,AUS,
13744,David Dahl,OF,B,AUS,
sa857701,Bobby Dalbec,INF,B,AUS,
5003,Jake Diekman,RP,V,AUS,
sa827165,Steven Duggar,OF,B,AUS,
sa872722,Lucas Erceg,INF,B,AUS,
,Jose Fernandez,SP,V,AUS,
10166,Nick Franklin,INF,A,AUS,
18311,Carson Fulmer,SP,B,AUS,
sa917923,Braxton Garrett,SP,B,AUS,
14107,Kevin Gausman,SP,A,AUS,
14916,Jon Gray,SP,A,AUS,
12768,Sonny Gray,SP,A,AUS,
10756,Shane Greene,RP,A,AUS,
1943,Zack Greinke,SP,V,AUS,
14212,Josh Hader,SP,B,AUS,
13287,Jesse Hahn,SP,A,AUS,
sa738344,Alec Hansen,SP,B,AUS,
7410,J.A. Happ,SP,V,AUS,
11632,Heath Hembree,RP,A,AUS,
4806,Rich Hill,SP,A,AUS,
8267,Chris Iannetta,C,V,AUS,
4696,Nate Jones,RP,A,AUS,
4897,Scott Kazmir,SP,V,AUS,
sa857705,Scott Kingery,INF,B,AUS,
10130,Mike Leake,SP,V,AUS,
14843,Michael Lorenzen,RP,A,AUS,
4418,Jed Lowrie,INF,V,AUS,
,Joe Mauer,1B,V,AUS,
4662,Brandon McCarthy,SP,V,AUS,
,Tom Murphy,C,B,AUS,
sa737813,Dom Nunez,C,B,AUS,
8628,Paulo Orlando,OF,A,AUS,
13764,Roberto Osuna,RP,A,AUS,
4913,Jarrod Parker,RP,A,AUS,
8252,Hunter Pence,OF,V,AUS,
2136,David Peralta,OF,A,AUS,
6316,David Phelps,RP,A,AUS,
15191,Chad Pinder,INF,B,AUS,
,Stephen Piscotty,OF,A,AUS,
9256,A.J. Pollock,OF,A,AUS,
2717,Rick Porcello,SP,V,AUS,
11486,Robbie Ray,SP,A,AUS,
,Corey Ray,OF,B,AUS,
sa3000745,Jose Reyes,INF,V,AUS,
18363,Victor Robles,OF,B,AUS,
494,Fernando Rodney,RP,V,AUS,
1551,David Ross,C,V,AUS,
11146,Cameron Rupp,C,A,AUS,
14106,Addison Russell,SS,A,AUS,
9785,Kyle Seager,3B,V,AUS,
14523,Pedro Severino,C,B,AUS,
5667,Steven Souza Jr.,OF,A,AUS,
13761,Chris Stratton,RP,B,AUS,
sa657979,Tyrone Taylor,OF,B,AUS,
1679,Chase Utley,2B,V,AUS,
sa548360,A.J. Vanegas,SP,B,AUS,
8700,Justin Verlander,SP,V,AUS,
5000,Stephen Vogt,C/1B,A,AUS,
sa917962,Colton Welker,INF,B,AUS,
,Nick Williams,OF,B,AUS,
sa549103,Austin Wilson,OF,B,AUS,
11477,Christian Yelich,OF,A,AUS,
,Jose Abreu,INF,A,BOS,
,Abraham Almonte,OF,A,BOS,
13075,Nori Aoki,OF,V,BOS,
13185,Orlando Arcia,INF,B,BOS,
11850,Tyler Austin,OF,B,BOS,
8362,Homer Bailey,SP,V,BOS,
,Kyle Blanks,INF,V,BOS,
sa828695,Scott Blewett,P,B,BOS,
9744,Justin Bour,INF,A,BOS,
17838,Willie Calhoun,INF,B,BOS,
3336,Alberto Callaspo,OF,A,BOS,
16505,Matt Chapman,INF,B,BOS,
14457,Adam Conley,P,A,BOS,
5343,Brandon Crawford,INF,V,BOS,
,Coco Crisp,OF,V,BOS,
6329,John Danks,SP,V,BOS,
3371,Alejandro De Aza,OF,V,BOS,
,Jose de Leon,P,B,BOS,
6885,Ian Desmond,INF,V,BOS,
10542,Derek Dietrich,UT,A,BOS,
4727,Jacoby Ellsbury,OF,V,BOS,
15082,Adam Engel,OF,B,BOS,
7185,Logan Forsythe,INF,A,BOS,
sa914200,Lucius Fox,INF,B,BOS,
16256,Kyle Freeland,P,B,BOS,
,Yovani Gallardo,SP,V,BOS,
10123,Kyle Gibson,SP,A,BOS,
9009,Conor Gillaspie,UT,A,BOS,
9807,Ryan Goins,INF,A,BOS,
9033,Jeanmar Gomez,RP,A,BOS,
8410,Deolis Guerra,RP,A,BOS,
9756,David Hale,RP,A,BOS,
9111,Brad Hand,RP,V,BOS,
12976,Austin Hedges,C,B,BOS,
13066,Teoscar Hernandez,OF,B,BOS,
11752,Luke Jackson,P,B,BOS,
,Ryan Jackson,INF,B,BOS,
1965,Desmond Jennings,OF,A,BOS,
,Chris Johnson,INF,V,BOS,
sa917929,Alex Kirilloff,OF,B,BOS,
,Tom Koehler,SP,V,BOS,
sa736654,Domingo Leyba,INF,B,BOS,
,Evan Longoria,INF,V,BOS,
6887,Martin Maldonado,C,A,BOS,
15038,German Marquez,P,B,BOS,
13325,Deven Marrero,INF,B,BOS,
,Leonys Martin,OF,A,BOS,
13866,Bruce Maxwell,C,B,BOS,
12580,Adam Morgan,SP,A,BOS,
,Vidal Nuno,RP,A,BOS,
9957,Steve Pearce,INF,A,BOS,
,Francisco Pena,C,B,BOS,
10534,Jake Petricka,RP,A,BOS,
,AJ Pierzynski,C,V,BOS,
11426,Drew Pomeranz,SP,A,BOS,
,Boog Powell,OF,B,BOS,
3184,David Price,SP,V,BOS,
,Anthony Recker,C,A,BOS,
5766,Bruce Rondon,RP,A,BOS,
10745,Trevor Rosenthal,RP,V,BOS,
13736,Michael Roth,P,B,BOS,
4089,James Russell,INF,V,BOS,
,Zack Shepard,INF,B,BOS,
sa549585,Brennan Smith,SP,B,BOS,
,Albert Suarez,P,B,BOS,
13005,Kelby Tomlinson,INF,A,BOS,
13533,Andrew Triggs,RP,B,BOS,
6876,Mark Trumbo,INF,V,BOS,
13633,Preston Tucker,OF,A,BOS,
5098,Jordany Valdespin,OF,A,BOS,
,Dan Voglebach,INF,B,BOS,
13046,Tsuyoshi Wada,SP,A,BOS,
14382,Wei-Chung Wang,P,B,BOS,
,Jared Weaver,SP,V,BOS,
6435,Vance Worley,SP,V,BOS,
,John Aiello,INF,B,CHI,
,Ozhaino Albies,INF,B,CHI,
12180,Jorge Alfaro,C,B,CHI,
15172,Tim Anderson,INF,A,CHI,
12863,Matt Barnes,RP,A,CHI,
sa736915,Luis Alexander Basabe,OF,B,CHI,
sa917927,Will Benson,OF,B,CHI,
14168,Jose Berrios,P,B,CHI,
12174,Jorge Bonifacio,OF,B,CHI,
9253,Keon Broxton,OF,B,CHI,
13621,Jeimer Candelario,INF,B,CHI,
2660,Brett Cecil,RP,V,CHI,
13110,Yoenis Cespedes,OF,V,CHI,
6661,Alex Colome,P,A,CHI,
10473,Cheslor Cuthbert,INF,A,CHI,
9112,Khris Davis,OF,A,CHI,
15117,Hunter Dozier,INF,B,CHI,
9132,Nathan Eovaldi,P,V,CHI,
,Wander Franco,SS,B,CHI,
5361,Freddie Freeman,INF,V,CHI,
17695,Koda Glover,RP,B,CHI,
,Carlos Gomez,OF,V,CHI,
15467,Marco Gonzales,P,B,CHI,
521,Jason Grilli,RP,V,CHI,
sa597787,Taylor Guerrieri,P,B,CHI,
sa908697,Lourdes Gurriel Jr.,SS,B,CHI,
10816,Jedd Gyorko,INF,A,CHI,
6033,Kelvin Herrera,RP,V,CHI,
7146,Daniel Hudson,P,V,CHI,
13768,Travis Jankowski,OF,A,CHI,
11384,Tommy Kahnle,RP,A,CHI,
13620,Carson Kelly,C,B,CHI,
,James Kapriellian,P,B,CHI,
6195,Ian Kinsler,INF,V,CHI,
2429,Corey Kluber,SP,V,CHI,
13133,Derek Law,RP,A,CHI,
3201,Francisco Liriano,RP,V,CHI,
5525,Boone Logan,RP,V,CHI,
18498,Kenta Maeda,SP,A,CHI,
sa969045,Kevin Maitan,INF,B,CHI,
,J.D. Martinez,OF,A,CHI,
,Steven Matz,SP,A,CHI,
7531,Collin McHugh,SP,A,CHI,
sa3003396,Luis Robert Moirant,OF,B,CHI,
sa917920,Mickey Moniak,OF,B,CHI,
745,David Ortiz,DH,V,CHI,
7385,Dan Otero,RP,V,CHI,
10324,Marcell Ozuna,OF,A,CHI,
4020,Yusmeiro Petit,RP,V,CHI,
9166,Buster Posey,C,V,CHI,
sa3004138,Nick Pratto,INF,B,CHI,
10815,Jurickson Profar,INF,A,CHI,
3892,Josh Reddick,OF,V,CHI,
sa874756,Austin Riley,3B,B,CHI,
7872,Tyson Ross,SP,V,CHI,
10603,Chris Sale,SP,V,CHI,
11490,Aaron Sanchez,P,A,CHI,
11442,Gary Sanchez,C,B,CHI,
7525,Evan Scribner,RP,A,CHI,
,Brady Singer,P,B,CHI,
,Jon Singleton,INF,A,CHI,
,Juan Soto,OF,B,CHI,
12856,George Springer,OF,A,CHI,
sa874242,Tyler Stephenson,C,B,CHI,
12552,Eugenio Suarez,INF,A,CHI,
14350,Raimel Tapia,OF,B,CHI,
798,Fernando Tatis Jr,SS,B,CHI,
,Leodys Taveras,OF,B,CHI,
3711,Eric Thames,OF,V,CHI,
5235,Justin Turner,INF,A,CHI,
,Duane Underwood,P,B,CHI,
14765,Julio Urias,SP,B,CHI,
10681,Giovanny Urshela,INF,B,CHI,
5498,Arodys Vizcaino,RP,A,CHI,
16918,Luke Weaver,P,B,CHI,
sa874244,Garrett Whitley,OF,B,CHI,
sa917921,Ian Anderson,P,B,CIN,
,Cody Allen,RP,V,CIN,
,Luken Baker,P,B,CIN,
12158,Austin Barnes,C,B,CIN,
3555,Tony Barnette,RP,A,CIN,
12703,Trevor Bauer,SP,A,CIN,
sa737848,Jake Bauers,1B,B,CIN,
13194,Joe Biagini,RP,A,CIN,
4106,Michael Brantley,OF,V,CIN,
5524,Madison Bumgarner,SP,V,CIN,
sa915698,Jake Burger,3B,B,CIN,
sa915789,Dylan Busby,1B,B,CIN,
,Byron Buxton,OF,A,CIN,
1744,Miguel Cabrera,1B/DH,V,CIN,
11200,Kole Calhoun,OF,A,CIN,
11737,Nick Castellanos,3B,A,CIN,
8722,Jason Castro,C,A,CIN,
,Trent Clark,OF,B,CIN,
,A.J. Cole,SP,B,CIN,
6893,Johnny Cueto,SP,V,CIN,
,J.D. Davis,3B,B,CIN,
,Josh Fields,RP,V,CIN,
17479,Jack Flaherty,P,B,CIN,
15983,Clint Frazier,OF,B,CIN,
,Kyle Funkhouser,SP,B,CIN,
9627,Yan Gomes,C,A,CIN,
13369,Erik Gonzalez,INF,B,CIN,
8203,Dee Gordon,2B,A,CIN,
sa828662,Nick Gordon,INF,B,CIN,
sa737613,Hunter Greene,SP/SS,B,CIN,
,Didi Gregorius,SS,A,CIN,
4972,Cole Hamels,SP,V,CIN,
sa737510,Hunter Harvey,SP,B,CIN,
sa915818,Adam Haseley,OF,B,CIN,
,Andrew Heaney,SP,A,CIN,
sa915685,Colton Hock,RP,B,CIN,
,Jared Hughes,RP,V,CIN,
,Brian Johnson,SP/INF,B,CIN,
,Conner Jones,P,B,CIN,
,Aaron Judge,OF,B,CIN,
7773,Shawn Kelley,RP,V,CIN,
6986,Ian Kennedy,SP,V,CIN,
sa874754,Nathan Kirby,P,B,CIN,
,Eric Lauer,P,B,CIN,
4556,James Loney,1B,V,CIN,
,Lance Lynn,SP,V,CIN,
13130,Mikie Mahtook,OF,B,CIN,
11339,Jake Marisnick,OF,A,CIN,
sa659080,Richie Martin,SS,B,CIN,
sa657910,Jorge Mateo,SS,B,CIN,
sa827490,Michael Matuella,P,B,CIN,
,Brendan McKay,SP/1B,B,CIN,
,M.J. Melandez,C,B,CIN,
10021,Mike Minor,RP,A,CIN,
13593,Jose Peraza,SS,A,CIN,
791,Brandon Phillips,2B,V,CIN,
,Michael Pineda,SP,A,CIN,
3312,Martin Prado,INF/OF,V,CIN,
,Jose Ramirez,OF/INF,A,CIN,
9784,Garrett Richards,SP,A,CIN,
9817,Sergio Romo,RP,V,CIN,
sa917932,Blake Rutherford,OF,B,CIN,
sa829595,Pavin Smith,Of/1B,B,CIN,
11457,Sammy Solis,RP,A,CIN,
4070,Pedro Strop,P,V,CIN,
8259,Kurt Suzuki,C,V,CIN,
18314,Dansby Swanson,INF,B,CIN,
sa874239,Dillon Tate,P,B,CIN,
10155,Mike Trout,OF,V,CIN,
,Jayson Werth,OF,V,CIN,
sa915774,Evan White,1B,B,CIN,
,Forrest Whitely,Sp,B,CIN,
,Justin Wilson,RP,V,CIN,
16221,Bradley Zimmer,OF,B,CIN,
sa549113,Kevin Ziomek,P,B,CIN,
8418,Ehire Adrianza,INF,A,CLE,
sa828659,Brady Aiken,LP,B,CLE,
,Greg Allen,OF,B,CLE,
11270,Aaron Altherr,OF,A,CLE,
,Jose Altuve,2B,V,CLE,
sa917953,Akil Baddoo,OF,B,CLE,
2430,Darwin Barney,INF,V,CLE,
,Tucker Barnhart,C,A,CLE,
sa874969,Travis Blankenhorn,3B,B,CLE,
,Clay Buchholz,SP,V,CLE,
1246,Matt Bush,RP,A,CLE,
14968,Victor Caratini,C,B,CLE,
sa917940,Dylan Carlson,OF,B,CLE,
36,Xavier Cedeno,RP,A,CLE,
sa830276,Yu-Cheng Chang,INF,B,CLE,
,Jazz Chisholm,INF,B,CLE,
6483,Steve Cishek,RP,V,CLE,
sa874216,Aaron Civale,SP,B,CLE,
,Chris Davis,1B,V,CLE,
18015,Paul DeJong,INF,B,CLE,
16578,Yandy Diaz,INF,B,CLE,
13758,Tyler Duffey,SP/RP,A,CLE,
3542,Danny Duffy,SP,V,CLE,
,"Carl Edwards,Jr.",RP,A,CLE,
12664,Jerad Eickhoff,SP,A,CLE,
sa827177,Casey Gillaspie,1B,B,CLE,
15474,Lucas Giolito,RP,B,CLE,
15166,Luiz Gohara,SP,B,CLE,
,Anthony Gose,OF,A,CLE,
sa659670,Ronald Guzman,1B,B,CLE,
,Billy Hamilton,OF,A,CLE,
4772,Felix Hernandez,SP,V,CLE,
11476,Odubel Herrera,OF,A,CLE,
14818,JaCoby Jones,SS,B,CLE,
2036,Clayton Kershaw,SP,V,CLE,
,Jake Lamb,3B,A,CLE,
12916,Francisco Lindor,SS,A,CLE,
sa917933,Gavin Lux,SS,B,CLE,
4616,Russell Martin,C,V,CLE,
14553,Nomar Mazara,OF,A,CLE,
sa874760,Triston McKenzie,SP,B,CLE,
15112,Ryan McMahon,3B,B,CLE,
,Francisco Mejia,C,B,CLE,
sa828213,Gabriel Mejia,OF,B,CLE,
13688,Ryan Merritt,P,B,CLE,
,Joe Musgrove,SP,B,CLE,
11624,Jarrett Parker,OF,B,CLE,
12797,Dalton Pompey,OF,B,CLE,
sa738683,Buddy Reed,OF,B,CLE,
sa454541,David Robertson,RP,V,CLE,
11801,Hansel Robles,RP,A,CLE,
sa547914,Luigi Rodriguez,OF,B,CLE,
,Taylor Rogers,RP,A,CLE,
7802,Miguel Rojas,INF,A,CLE,
,C.C Sabathia,SP,V,CLE,
5867,Danny Salazar,SP,A,CLE,
,Carlos Santana,1B,V,CLE,
10348,Domingo Santana,OF,A,CLE,
,Anthony Santander,OF,B,CLE,
9981,Michael Saunders,OF,V,CLE,
16478,Kyle Schwarber,C,A,CLE,
sa829114,Anfernee Seymour,SS,B,CLE,
,Richie Shaffer,INF,B,CLE,
11982,Travis Shaw,INF,A,CLE,
8180,Kevin Siegrist,RP,A,CLE,
17023,Magneuris Sierra,OF,B,CLE,
1101,Ichiro Suzuki,OF,V,CLE,
11762,Noah Syndergaard,SP,A,CLE,
sa739599,Lewis Thorpe,SP,B,CLE,
sa875069,Ka'ai Tom,OF,B,CLE,
11400,Ronald Torreyes,INF,B,CLE,
sa828666,Touki Toussaint,SP,B,CLE,
sa917943,Taylor Trammell,OF,B,CLE,
sa827368,Jose Trevino,OF,B,CLE,
,Christian Vazquez,C,A,CLE,
sa875259,Luke Wakamatsu,SS,B,CLE,
sa501726,Mark Appel,SP,B,DET,
,Lazaro Armentaros,OF,B,DET,
sa914549,Randy Arozarena,OF,B,DET,
7476,Alex Avila,C,V,DET,
18030,Harrison Bader,OF,B,DET,
sa737438,Trey Ball,SP,B,DET,
15519,Franklin Barreto,SS,B,DET,
,Jose Bautista,OF,V,DET,
589,Carlos Beltran,OF,V,DET,
14361,Ty Blach,SP,A,DET,
,Jackie Bradley,OF,A,DET,
,J.B. Bukauskas,SP,B,DET,
sa856551,Zack Burdi,RP,B,DET,
6632,Carlos Carrasco,SP,V,DET,
3256,Welington Castillo,C,A,DET,
5275,Francisco Cervelli,C,A,DET,
14162,Carlos Correa,SS,A,DET,
4251,Stephen Drew,SS,V,DET,
14738,Phillip Ervin,OF,B,DET,
17425,Erick Fedde,SP,B,DET,
3886,Gavin Floyd,RP,V,DET,
14128,Joey Gallo,3B,A,DET,
,Jacob Gatewood,1B,B,DET,
sa828692,Michael Gettys,OF,B,DET,
10430,Mychal Givens,RP,A,DET,
sa737764,Stephen Gonsalves,SP,B,DET,
,Carlos Gonzalez,OF,V,DET,
,Miguel Gonzalez,C,B,DET,
19198,Yulieski Gurriel,1B,A,DET,
sa600840,Jake Hager,SS,B,DET,
,D.L. Hall,SP,B,DET,
17919,Ian Happ,OF,A,DET,
15447,Ryon Healy,1B,A,DET,
,Jose Herrera,C,B,DET,
5297,Aaron Hicks,OF,A,DET,
,C.J. Hinojosa,SS,B,DET,
17432,Jeff Hoffman,SP,B,DET,
,Derrick Holland,SP,V,DET,
sa829037,Tanner Houck,SP,B,DET,
5887,John Jaso,1B,V,DET,
10349,Tommy Joseph,1B,A,DET,
13119,Taylor Jungmann,SP,A,DET,
6655,Craig Kimbrel,RP,V,DET,
sa877337,Gilbert Lara,SS,B,DET,
9874,DJ LeMahieu,2B,V,DET,
8027,Adam Lind,1B,V,DET,
4779,Rymer Liriano,OF,B,DET,
sa597836,Tyler Marlette,C,B,DET,
,Brad Miller,2B,A,DET,
16909,Colin Moran,3B,B,DET,
10047,Wil Myers,1B,A,DET,
11294,Zach Neal,RP,B,DET,
16149,Aaron Nola,SP,A,DET,
,Rougned Odor,2B,A,DET,
6397,Jake Odorizzi,SP,V,DET,
sa974072,Jorge Ona,OF,B,DET,
sa875027,Demi Orimoloye,OF,B,DET,
13807,Kevin Plawecki,C,A,DET,
sa874684,Nick Plummer,OF,B,DET,
sa599239,James Ramsey,OF,B,DET,
sa739597,Wendell Rijo,2B,B,DET,
8753,Tanner Roark,SP,A,DET,
3284,Anibal Sanchez,SP,V,DET,
5409,Pablo Sandoval,3B,V,DET,
,Cody Sedlock,SP,B,DET,
sa873264,Nick Senzel,3B,B,DET,
sa874715,Mike Soroka,SP,B,DET,
15947,Ryne Stanek,SP,B,DET,
sa657906,Nick Travieso,SP,B,DET,
9227,Koji Uehara,RP,V,DET,
7555,Nick Vincent,RP,V,DET,
2233,Adam Wainwright,SP,V,DET,
11836,Taijuan Walker,SP,A,DET,
sa858832,Taylor Ward,C,B,DET,
3132,Tony Watson,RP,V,DET,
sa621583,Kyle Zimmer,SP,B,DET,
sa919907,Jose Albertos,P,B,HDH,
,"Albert Almora, Jr.",OF,B,HDH,
5420,Pedro Baez,P,A,HDH,
7949,Tim Beckham,IF,A,HDH,
sa597784,Tyler Beede,P,B,HDH,
,Seth Beer,OF,B,HDH,
sa737441,Phil Bickford,P,B,HDH,
sa548186,Jesse Biddle,P,B,HDH,
4849,Joe Blanton,P,V,HDH,
sa738262,Ryan Boldt,OF,B,HDH,
,Alex Bregman,IF,B,HDH,
sa501589,Ryan Buchter,P,A,HDH,
12917,Dylan Bundy,P,A,HDH,
sa874736,Daz Cameron,OF,B,HDH,
,Alex Cobb,P,A,HDH,
11609,Willson Contreras,C,B,HDH,
sa737037,Oscar De La Cruz,P,B,HDH,
,Lucas Duda,IF,V,HDH,
,Adam Eaton,OF,A,HDH,
,Alex Faedo,P,B,HDH,
11903,Michael Feliz,P,A,HDH,
sa977180,Daniel Flores,C,B,HDH,
,Mike Foltynewicz,P,A,HDH,
12160,Ben Gamel,OF,B,HDH,
4090,Luke Gregerson,P,V,HDH,
,A.J. Griffin,P,A,HDH,
,"Vladimir Guerreo, Jr.",IF,B,HDH,
12926,Alen Hanson,IF,B,HDH,
3516,Eric Hosmer,IF,V,HDH,
4922,Ender Inciarte,OF,A,HDH,
sa830373,Eloy Jimenez,OF,B,HDH,
15982,Ryder Jones,IF,B,HDH,
,Joe Kelly,P,A,HDH,
sa829529,Jeren Kendall,OF,B,HDH,
sa830592,Franklyn Kilome,P,B,HDH,
1507,John Lackey,P,V,HDH,
sa3005280,Alex Lange,P,B,HDH,
,Wade Leblanc,P,A,HDH,
sa3004259,Royce Lewis,IF,B,HDH,
sa857836,Kyle Lewis,OF,B,HDH,
sa917924,Matt Manning,P,B,HDH,
,Eddy Julio Martinez,OF,B,HDH,
,Andrew McCutchen,OF,V,HDH,
8600,Dustin McGowan,P,V,HDH,
6547,Jordy Mercer,IF,A,HDH,
,Marcos Molina,P,B,HDH,
,Miguel Montero,C,V,HDH,
4869,Mike Montgomery,P,A,HDH,
9205,Logan Morrison,IF,V,HDH,
,Dan Norris,P,A,HDH,
,Justin O'Connor,C,B,HDH,
,Delvin Perez,IF,B,HDH,
,Hanley Ramirez,IF,V,HDH,
10586,Addison Reed,P,V,HDH,
12861,Anthony Rendon,IF,A,HDH,
3648,Rene Rivera,C,A,HDH,
,Daniel Robertson,IF,B,HDH,
,Eduardo Rodriguez,P,A,HDH,
14103,Rio Ruiz,IF,B,HDH,
sa874681,Ashe Russell,P,B,HDH,
10322,Danny Santana,OF,A,HDH,
,Hector Santiago,P,A,HDH,
,Andreltron Simmons,IF,A,HDH,
15653,Dominic Smith,IF,B,HDH,
,Geovanny Soto,C,V,HDH,
9460,Dan Straily,P,V,HDH,
13862,Devon Travis,IF,A,HDH,
,Brice Turang,IF,B,HDH,
12101,Kennys Vargas,IF,A,HDH,
,Vince Velasquez,P,A,HDH,
sa3004720,Mark Vientos,IF,B,HDH,
7539,Neil Walker,IF,V,HDH,
9029,Adam Warren,P,A,HDH,
10310,Zack Wheeler,P,A,HDH,
11859,Mason Williams,OF,B,HDH,
,Kyle Wright,P,B,HDH,
,Spencer Adams,P,B,LOU,
,Micker Adolfo,OF,B,LOU,
5669,Henderson Alvarez,SP,A,LOU,
,Jose Alvarez,RP,A,LOU,
,Brian Anderson,Inf,B,LOU,
12508,Jett Bandy,C,B,LOU,
13360,Cam Bedrosian,RP,B,LOU,
10028,Christian Bethancourt,C,A,LOU,
,Dante Bichette,Inf,B,LOU,
4759,Jonathan Broxton,RP,V,LOU,
12975,Mauricio Cabrera,RP,A,LOU,
,Luis Castillo,P,B,LOU,
4579,Starlin Castro,"2B,SS",V,LOU,
17005,Gavin Cecchini,Inf,B,LOU,
7571,Lonnie Chisenhall,OF,A,LOU,
,Travis Demerritt,Inf,B,LOU,
12763,Chris Devenski,SP/RP,B,LOU,
,Alcides Escobar,SS,V,LOU,
4191,Yunel Escobar,3rd,V,LOU,
1118,Marco Estrada,SP,V,LOU,
,Mike Fiers,SP,A,LOU,
9425,Doug Fister,SP,V,LOU,
9927,Brett Gardner,OF,V,LOU,
14375,Amir Garrett,P,B,LOU,
,Adrian Gonzalez,1st,V,LOU,
,Miguel Gonzalez,SP,A,LOU,
,ChiChi Gonzalez,RP,A,LOU,
4538,Jason Hammel,SP,V,LOU,
14274,Mitch Haniger,OF,B,LOU,
10336,Slade Heathcott,OF,B,LOU,
12049,Kyle Hendricks,SP,A,LOU,
sa874796,Juan Hillman,P,B,LOU,
11391,Tyler Holt,OF,B,LOU,
,J.J. Hoover,RP,A,LOU,
1157,Tommy Hunter,RP,A,LOU,
18719,Seung Hwan Oh,RP,A,LOU,
13809,Micah Johnson,2nd,B,LOU,
,John Lamb,RP,A,LOU,
11468,Zach Lee,P,B,LOU,
,Zach McAlister,RP,A,LOU,
12859,James McCann,C,A,LOU,
10197,Shelby Miller,SP,A,LOU,
8610,Kendrys Morales,DH,V,LOU,
11854,Steven Moya,OF,B,LOU,
4316,Daniel Murphy,"1,2,3",V,LOU,
13359,Tyler Naquin,OF,A,LOU,
sa657873,Mitch Nay,OF,B,LOU,
11804,Hector Neris,RP,A,LOU,
17418,David Paulino,P,B,LOU,
9741,Ben Paulsen,1st,A,LOU,
2967,Tommy Pham,OF,A,LOU,
12434,Kevin Pillar,OF,A,LOU,
sa738477,Cal Quantrill,P,B,LOU,
,A.J. Ramos,RP,A,LOU,
,J.T. Realmuto,C,A,LOU,
4712,Ben Revere,OF,V,LOU,
,T.J. Rivera,Utl,A,LOU,
,Yorman Rodriquez,OF/1st,B,LOU,
sa657418,Fernando Romero,P,B,LOU,
11265,Jonathan Schoop,2nd,A,LOU,
8110,Bryan Shaw,RP,V,LOU,
sa828678,Justus Sheffield,P,B,LOU,
13543,Blake Snell,SP,A,LOU,
12564,Trevor Story,SS,A,LOU,
,Christian Taylor,2nd/SS,A,LOU,
4079,Junichi Tazawa,RP,V,LOU,
,Andrew Tejeda,Inf,B,LOU,
10688,Tyler Thornburg,RP,A,LOU,
13414,Andrew Toles,OF,B,LOU,
9388,Josh Tomlin,SP,A,LOU,
,Carlos Torres,RP,A,LOU,
16263,Sam Travis,1st,B,LOU,
8044,Jason Vargas,SP,V,LOU,
11738,Christian Villanueva,Inf,B,LOU,
15730,Tyler Wade,OF,B,LOU,
1368,Andrew Bailey,RP,V,NYH,
1437,Joaquin Benoit,RP,V,NYH,
,Austin Bergner,P,B,NYH,
sa738582,Cavan Biggio,IF,B,NYH,
,Ryan Braun,OF,V,NYH,
sa874682,Beau Burrows,P,B,NYH,
9048,Ezequiel Carrera,OF,A,NYH,
375,Bartolo Colon,SP,V,NYH,
13074,Yu Darvish,SP,A,NYH,
17350,Rafael Devers,IF,B,NYH,
1565,Matt Duffy,3B,A,NYH,
sa874967,Riley Ferrell,P,B,NYH,
12027,Brian Flynn,RP,A,NYH,
12910,Ken Giles,RP,A,NYH,
5497,Marwin Gonzalez,1B/UT,A,NYH,
,Abraham Gutierrez,CF,B,NYH,
1875,Josh Hamilton,OF,V,NYH,
sa874730,Ke'Bryan Hayes,3B,B,NYH,
,Chase Headley,3B,V,NYH,
,Adeiny Hechavarria,SS,A,NYH,
,Cesar Hernandez,2B,A,NYH,
14914,Jason Hursh,P,B,NYH,
sa828663,Alex Jackson,OF,B,NYH,
sa550383,Eric Jagielo,IF,B,NYH,
,Jim Johnson,RP,V,NYH,
14696,Keone Kela,RP,A,NYH,
,Mitch Keller,P,B,NYH,
4229,Howie Kendrick,UT,V,NYH,
9434,Dallas Keuchel,SP,V,NYH,
14942,Andrew Knapp,OF,B,NYH,
sa828680,Michael Kopech,P,B,NYH,
1852,Ryan Madson,RP,V,NYH,
15873,Sean Manaea,SP,B,NYH,
9241,Starling Marte,OF,A,NYH,
17303,Francis Martes,P,B,NYH,
2038,Justin Masterson,SP,V,NYH,
9417,Kris Medlen,SP,A,NYH,
sa737612,Oscar Mercado,IF,B,NYH,
7007,Yadier Molina,C,V,NYH,
,Anthony Molina,P,B,NYH,
13338,Omar Narvaez,C,B,NYH,
5450,Daniel Nava,OF,V,NYH,
sa874243,Josh Naylor,IF,B,NYH,
7731,Juan Nicasio,RP,A,NYH,
2918,Angel Pagan,OF,V,NYH,
11828,James Paxton,SP,A,NYH,
,Franklin Perez,P,B,NYH,
sa917922,Riley Pint,P,B,NYH,
15454,Nick Pivetta,P,A,NYH,
,Erasmo Ramirez,RP,A,NYH,
,Colby Rasmus,OF,V,NYH,
15464,Hunter Renfroe,OF,B,NYH,
sa502154,Victor Roache,OF,B,NYH,
16137,Carlos Rodon,SP,A,NYH,
6589,Sean Rodriguez,1B/UT,A,NYH,
sa877519,Adrian Rondon,IF,B,NYH,
,Carlos Ruiz,C,V,NYH,
10807,Tyler Saladino,IF,A,NYH,
sa873550,Sixto Sanchez,P,B,NYH,
,Scott Schebler,OF,A,NYH,
,Chris Shaw,IF,B,NYH,
15158,Braden Shipley,P,B,NYH,
,Shohei Otani,P,B,NYH,
4776,Matt Shoemaker,SP,A,NYH,
,Will Smith,C,B,NYH,
,D.J. Stewart,OF,B,NYH,
,Michael Taylor,OF,A,NYH,
3531,Troy Tulowitzki,SS,V,NYH,
16411,Richard Urena,SS,B,NYH,
sa828496,Luis Urias,2b/ss,B,NYH,
14078,Michael Wacha,SP,A,NYH,
sa657871,Walker Weickel,P,B,NYH,
,Alex Wilson,RP,A,NYH,
8185,Steven Wright,SP,A,NYH,
,Michael Ynoa,RP,B,NYH,
7293,Brad Ziegler,RP,V,NYH,
sa736655,Willy Adames,3b,B,NWW,
12147,Nick Ahmed,SS,A,NWW,
sa875192,Logan Allen,SP,B,NWW,
12799,Cody Anderson,SP,A,NWW,
4082,Erick Aybar,SS,V,NWW,
14706,Anthony Banda,SP,B,NWW,
8844,Antonio Bastardo,RP,V,NWW,
,Adrian Beltre,3b,V,NWW,
7859,Charlie Blackmon,OF,A,NWW,
14934,Aaron Blair,SP,B,NWW,
6387,Michael Bourn,OF,V,NWW,
12803,Carter Capps,RP,A,NWW,
2873,Santiago Casilla,RP,V,NWW,
15684,Miguel Castro,RP,A,NWW,
12808,Mike Clevinger,SWING,B,NWW,
9266,Daniel Corcino,SP,B,NWW,
13654,Jharel Cotton,SP,B,NWW,
2616,Zack Cozart,SS,V,NWW,
13183,Zach Davies,SP,A,NWW,
3708,Rajai Davis,OF,V,NWW,
,Delino DeShields,OF,A,NWW,
,Edwin Diaz,RP,A,NWW,
5827,Wilmer Flores,3b,A,NWW,
12179,Maikel Franco,3b,A,NWW,
,Aramis Garcia,C,B,NWW,
6740,Johnny Giavotella,2b,A,NWW,
7448,Gio Gonzalez,SP,V,NWW,
11720,Justin Grimm,RP,V,NWW,
2636,Brandon Guyer,OF,A,NWW,
3548,Liam Hendriks,RP,A,NWW,
sa914201,Andy Ibanez,2b,B,NWW,
3096,Kenley Jansen,RP,V,NWW,
11378,Tyrell Jenkins,SWING,B,NWW,
15761,Joe Jimenez,RP,B,NWW,
,Erik Johnson,SP,A,NWW,
sa917941,Nolan Jones,3B,B,NWW,
sa737364,Ariel Jurado,SP,B,NWW,
5273,Sandy Leon,C,A,NWW,
4930,Jon Lester,SP,V,NWW,
16400,Reynaldo Lopez,SWING,B,NWW,
,Jon Lucroy,C,V,NWW,
12447,Seth Lugo,RP,B,NWW,
5930,Nick Markakis,OF,V,NWW,
6398,Trevor May,RP,A,NWW,
sa828664,Kodi Medeiros,SP,B,NWW,
11281,Whit Merrifield,UTL,A,NWW,
8779,Wade Miley,SP,V,NWW,
17526,Ariel Miranda,RP,B,NWW,
10547,Jimmy Nelson,SP,A,NWW,
11341,Sean Nolin,SP,B,NWW,
sa737809,Jacob Nottingham,C,B,NWW,
3321,Darren O'Day,RP,V,NWW,
sa737633,Tyler O'Neill,OF,B,NWW,
,Michael Ohlman,C,B,NWW,
7738,Wily Peralta,SP,A,NWW,
,Carlos Perez,C,A,NWW,
7619,Mark Reynolds,1b,V,NWW,
11753,Kyle Ryan,RP,A,NWW,
14444,Hyun-Jin Ryu,SP,A,NWW,
3200,Ervin Santana,SP,V,NWW,
5933,Jean Segura,2b,V,NWW,
10855,Chasen Shreve,RP,A,NWW,
11760,Drew Smyly,SP,A,NWW,
14221,Jorge Soler,OF,A,NWW,
sa857581,Josh Staumont,SP,B,NWW,
sa858826,Christin Stewart,OF,B,NWW,
11255,Matt Szczur,OF,A,NWW,
15764,Masahiro Tanaka,SP,A,NWW,
9952,Trayce Thompson,OF,A,NWW,
,Nick Tropeano,SP,A,NWW,
6364,Danny Valencia,3b,A,NWW,
4314,Joey Votto,1b,V,NWW,
,Mac Williamson,OF,B,NWW,
15594,Nick Wittgren,RP,A,NWW,
6345,Chris Archer,SP,V,PHI,
4153,Jake Arrieta,SP,V,PHI,
16434,Christian Arroyo,INF,B,PHI,
sa598302,Clayton Blackburn,SP,B,PHI,
3123,Gregor Blanco,OF,V,PHI,
sa602521,Alex Blandino,SS/2B,B,PHI,
12161,Xander Bogaerts,SS,A,PHI,
6627,Brad Brach,RP,V,PHI,
6249,Trevor Cahill,SP,V,PHI,
4338,Tyler Chatwood,SP,A,PHI,
,Chance Sisco,C,B,PHI,
sa737901,Trevor Clifton,P,B,PHI,
sa737938,Ryan Cordell,OF/3B,B,PHI,
13293,Daniel Coulombe,RP,A,PHI,
,J.P. Crawford,SS,B,PHI,
5038,Josh Donaldson,3B,V,PHI,
14814,Buck Farmer,SP,B,PHI,
17098,Dustin Fowler,OF,B,PHI,
sa828693,Joe Gatto,P,B,PHI,
9218,Paul Goldschmidt,1B,V,PHI,
15514,Kendall Graveman,SP,A,PHI,
5254,Robbie Grossman,OF,A,PHI,
sa739661,Deivi Grullon,C,B,PHI,
,Robert Gsellman,SWP,B,PHI,
11579,Bryce Harper,OF,V,PHI,
sa828691,Monte Harrison,OF,B,PHI,
4371,Jeremy Hellickson,SP,V,PHI,
sa913305,Logan Ice,C,B,PHI,
sa875208,Jhalan Jackson,OF,B,PHI,
sa874807,Jahmai Jones,OF,B,PHI,
14894,Tony Kemp,SS,B,PHI,
11038,Kevin Kiermaier,OF,A,PHI,
9486,George Kontos,RP,V,PHI,
,Hans Kraus,SP,B,PHI,
,Jorge Lopez,P,B,PHI,
,Dawel Lugo,SS/3B,B,PHI,
15149,Trey Mancini,1B,B,PHI,
14712,Manuel Margot,OF,B,PHI,
12530,Nick Maronde,SP,B,PHI,
4810,Brian McCann,C,V,PHI,
sa737528,Billy McKinney,OF,B,PHI,
16943,Sean Newcomb,LHP,B,PHI,
6400,Kirk Nieuwenhuis,OF,A,PHI,
11899,Joc Pederson,OF,A,PHI,
8370,Dustin Pedroia,2B,V,PHI,
,Roberto Perez,C,A,PHI,
12325,Jace Peterson,2B,A,PHI,
14735,Brett Phillips,OF,B,PHI,
11423,Jose Quintana,SP,V,PHI,
sa658264,Nellie Rodriguez,1B,B,PHI,
,Jimmy Rollins,SS,V,PHI,
,Hector Sanchez,C,A,PHI,
13153,Luis Sardinas,UT,A,PHI,
9953,Ryan Schimpf,UT,A,PHI,
13624,Corey Seager,SS/3B,A,PHI,
sa738442,Logan Shore,P,B,PHI,
13608,Mallex Smith,OF,B,PHI,
,Joe Smith,RP,V,PHI,
6697,Miguel Socolovich,RP,V,PHI,
12294,Cory Spangenberg,2B,A,PHI,
sa597751,Bubba Starling,OF,B,PHI,
13799,Matt Strahm,RP,B,PHI,
7836,Hunter Strickland,RP,A,PHI,
13132,Andrew Susac,C,B,PHI,
sa738522,Matt Thaiss,1B/C,B,PHI,
17171,Yasmany Tomas,OF,A,PHI,
sa828671,Cole Tucker,SS,B,PHI,
sa657867,Jesmuel Valentin,2B,B,PHI,
sa841600,Jonathan Villar,SS,A,PHI,
,Chih Wei Hu,P,B,PHI,
,Chris Whitley,RP,A,PHI,
sa737559,Justin Williams,OF,B,PHI,
11470,Tony Wolters,C,B,PHI,
13781,Alex Wood,sp,A,PHI,
,Ronald Acuna,OF,B,PIT,
,Sandy Alcantara,SP,B,PIT,
2530,Yonder Alonso,1B,A,PIT,
,Peter Alonso,1B,B,PIT,
2495,Pedro Alvarez,3B,V,PIT,
8709,Elvis Andrus,SS,V,PIT,
,Miguel Andujar,3B,B,PIT,
sa597058,Aristides Aquino,RF,B,PIT,
,Kyle Barraclough,P,A,PIT,
,Josh Bell,1B,B,PIT,
17901,Andrew Benintendi,OF,B,PIT,
,Bobby Bradley,1B,B,PIT,
,Lewis Brinson,OF,B,PIT,
,Eddie Butler,RHP,A,PIT,
8090,Matt Carpenter,3B,V,PIT,
sa829000,Dylan Cease,SP,B,PIT,
12988,Andrew Chafin,RP,A,PIT,
5640,Tyler Clippard,RP,V,PIT,
sa657955,Dylan Cozens,OF,B,PIT,
7441,Wade Davis,P,V,PIT,
,Isan Diaz,2B,B,PIT,
12649,Alex Dickerson,OF,B,PIT,
3840,Zach Duke,LHP,V,PIT,
,Ryan Dull,RP,A,PIT,
6153,Eduardo Escobar,UTIL,A,PIT,
,Anderson Espinoza,SP,B,PIT,
18,Neftali Feliz,P,V,PIT,
,Junior Fernandez,SP,B,PIT,
,Greg Garcia,UTIL,A,PIT,
5209,Alex Gordon,LF,V,PIT,
,Gabriel Guerrero,OF,B,PIT,
3192,Will Harris,RP,V,PIT,
,Starling Heredia,CF,B,PIT,
10231,Jose Iglesias,SS,A,PIT,
,Wander Javier,SS,B,PIT,
8073,Dan Jennings,LHP,V,PIT,
6368,Adam Jones,CF,V,PIT,
,Nate Karns,SP,A,PIT,
12144,Max Kepler,OF,A,PIT,
sa917937,Carter Kieboom,3B,B,PIT,
,Hyun-Soo Kim,OF,A,PIT,
sa921190,Nick Kingham,RHP,B,PIT,
9776,Jason Kipnis,2B,V,PIT,
,Desmond Lindsay,CF,B,PIT,
,Joshua Lowe,3B,B,PIT,
,Victor Martinez,C,V,PIT,
,Carlos Martinez,RHP,A,PIT,
,Raul A. Mondesi,SS,B,PIT,
,Frankie Montas,RHP,B,PIT,
,Adrian Morejon,SP,B,PIT,
,Mike Napoli,1B,V,PIT,
,Henry Owens,LHP,B,PIT,
11936,Joe Panik,2B,A,PIT,
,Mike Papi,OF,B,PIT,
6902,Martin Perez,LHP,A,PIT,
sa829712,DJ Peterson,INF,B,PIT,
,Gregory Polanco,OF,A,PIT,
1433,Wilson Ramos,C,A,PIT,
,Cornelius Randolph,LF,B,PIT,
,Cody A. Reed,LHP,B,PIT,
,A.J. Reed,1B,B,PIT,
,Alexander Reyes,RHP,B,PIT,
3254,Jeff Samardzija,SP,V,PIT,
,Jesus Sanchez,CF,B,PIT,
,Luis Severino,P,A,PIT,
,Lucas Sims,RHP,B,PIT,
5352,Yangervis Solarte,3B,A,PIT,
13431,Marcus Stroman,RHP,A,PIT,
11855,Yordano Ventura,SP,A,PIT,
3990,Edinson Volquez,SP,V,PIT,
,Matt Wieters,C,V,PIT,
12804,Matt Wisler,RHP,A,PIT,
,Chris Young,OF,V,PIT,
,Ryan Zimmerman,3B,V,PIT,
,Mike Zunino,C,A,PIT,
sa873980,Keegan Akin,P,B,STL,
sa657261,Eliezer Alvarez,IF,B,STL,
,Mike Aviles,IF,V,STL,
sa827162,Austin Byler,P,B,STL,
sa917940,Dylan Carlson,OF,B,STL,
8782,Andrew Cashner,P,A,STL,
,Paul Clemons,P,A,STL,
sa658940,Kyle Cody,P,B,STL,
13125,Gerrit Cole,SP,A,STL,
sa738390,Zack Collins,C,B,STL,
9323,Patrick Corbin,P,A,STL,
3433,Allen Craig,IF,A,STL,
,Kyle Crick,P,B,STL,
2802,Tony Cruz,C,A,STL,
,Joel De La Cruz,P,A,STL,
12673,Roenis Elias,P,A,STL,
16192,Derek Fisher,OF,B,STL,
9134,Tyler Flowers,C,A,STL,
,Tiquan Forbes,IF,B,STL,
,David Freese,IF,V,STL,
sa392963,Eric Fryer,C,B,STL,
13777,Adonis Garcia,IF,A,STL,
8137,Jaime Garcia,P,A,STL,
3340,Matt Garza,P,V,STL,
sa3005068,MacKenzie Gore,P,B,STL,
4747,Curtis Granderson,OF,V,STL,
10243,Randal Grichuk,OF,A,STL,
,Jason Groome,P,B,STL,
,David Hernandez,P,A,STL,
6104,Aaron Hill,IF,V,STL,
6943,Luke Hochevar,P,V,STL,
,Matt Holiday,IF,OF,STL,
,J.P. Howell,P,V,STL,
sa738673,Dakota Hudson,P,B,STL,
5227,Jon Jay,OF,A,STL,
sa857588,Tyler Jay,P,B,STL,
,Cooper Johnson,P,B,STL,
5631,Matt Kemp,OF,V,STL,
sa828660,Tyler Kolek,P,B,STL,
,Jose Lobaton,C,A,STL,
,Kyle Lobstein,P,A,STL,
11334,Tyler Lyons,P,A,STL,
12235,Seth Maness,P,V,STL,
,Chris Marrero,IF,B,STL,
sa737440,Austin Meadows,OF,B,STL,
4264,Mark Melancon,P,V,STL,
,Franklin Morales,P,V,STL,
10234,Bryan Morris,P,V,STL,
9346,Brandon Morrow,P,V,STL,
4467,Brandon Moss,IF,V,STL,
sa829290,Benton Moss,P,B,STL,
5861,Jason Motte,P,V,STL,
3830,Ricky Nolasco,P,V,STL,
6867,Derek Norris,C,V,STL,
,Chris Okey,C,B,STL,
,Mike Pelfrey,P,V,STL,
1738,Jhonny Peralta,IF,V,STL,
5751,Hernan Perez,IF,A,STL,
,Glen Perkins,P,V,STL,
,Albert Pujols,IF,V,STL,
2218,Ryan Raburn,IF,A,STL,
,Alexi Ramirez,IF,V,STL,
9893,Colby Rasmus,OF,V,STL,
sa872825,Roniel Raudes,P,B,STL,
6908,Clint Robinson,IF,A,STL,
,Fernando Rodriguez,P,A,STL,
,Keibert Ruiz,C,B,STL,
,J.B. Shuck,P,A,STL,
7927,Eric Sogard,IF,A,STL,
8347,Denard Span,OF,V,STL,
16727,Brock Stewart,P,B,STL,
4138,Carlos Villanueva,P,V,STL,
sa621791,Adam Brett Walker,IF,B,STL,
7474,Ryan Webb,P,V,STL,
6592,Brandon Woodruff,P,B,STL,
,T.J. Zeuch,P,B,STL,
,Arismendy Alcantara,SS,A,LID,
14329,Anthony Alford,OF,B,LID,
,Nolan Arenado,3B,A,LID,
sa659205,Wuilmer Becerra,OF,B,LID,
,Cody Bellinger,1B-OF,A,LID,
,Bo Bichette,3b,B,LID,
2237,Blaine Boyer,RP,V,LID,
,Zach Britton,RP,V,LID,
9892,Jay Bruce,OF,V,LID,
19374,Walker Buehler,SP,B,LID,
12701,Billy Burns,OF,A,LID,
12510,Curt Casali,C,A,LID,
2692,Joba Chamberlain,RP,V,LID,
16376,Michael Conforto,OF,A,LID,
,Travis D'arnaud,C,A,LID,
,jacob degrom,SP,A,LID,
,elias diaz,C,B,LID,
,maurico dubon,ss,b,LID,
9948,Mike Dunn,RP,V,LID,
,Justin Dunn,SP,B,LID,
11710,Sam Dyson,RP,A,LID,
2151,Edwin Encarnacion,1B,V,LID,
5114,Jeurys Familia,RP,V,LID,
,Scott Feldman,SP,V,LID,
,Dexter Fowler,CF,V,LID,
,Adam Frazier,2b-SS-OF,A,LID,
,Michael Fulmer,SP,A,LID,
sa881025,Dermis Garcia,SS,B,LID,
10339,Scooter Gennett,2B,A,LID,
,andres gimenez,ss,B,LID,
,Zack Godley,RP,A,LID,
11368,Yasmani Grandal,C,A,LID,
11713,Matt Harvey,SP,A,LID,
10472,Enrique Hernandez,SS,A,LID,
,Jason Heyward,OF,V,LID,
,Brent Honeywell,SP,B,LID,
9848,Austin Jackson,OF,V,LID,
,Jeremy Jeffress,RP,V,LID,
3374,Ubaldo Jimenez,SP,V,LID,
,Rob kaminsky,SP,b,LID,
,Jung Ho Kang,3b,A,LID,
15010,Corey Knebel,RP,A,LID,
,Shed Long,2b,B,LID,
11493,Manny Machado,SS,V,LID,
,Lance McCullers,SP,A,LID,
12833,Alex Meyer,RP,B,LID,
,Andrew Miller,RP,V,LID,
3179,Dioner Navarro,C,V,LID,
,Kevin Newmann,SS,B,LID,
1247,Adam Ottavino,RP,V,LID,
,David Peterson,SP,B,LID,
14225,Yasiel Puig,OF,A,LID,
13546,Roman Quinn,OF,B,LID,
,harold ramirez,OF,B,LID,
3473,Anthony Rizzo,1B,V,LID,
5491,Austin Romine,C,A,LID,
,ahmed rosario,ss,b,LID,
12972,Joe Ross,SP,A,LID,
7620,Justin Ruggiano,OF,A,LID,
,chris Rusin,SP-RP,A,LID,
,Josh Rutledge,2B,A,LID,
10267,Tanner Scheppers,RP,A,LID,
3137,Max Scherzer,SP,V,LID,
sa526563,Matt Skole,1B,B,LID,
,Seth Smith,OF,V,LID,
sa736859,Edmundo Sosa,SS,B,LID,
10131,Stephen Strasburg,SP,V,LID,
11674,Jameson Taillon,SP,A,LID,
sa830372,Gleyber Torres,SS,b,LID,
12572,Blake Treinen,RP,A,LID,
16252,Trea Turner,SS-OF,A,LID,
5222,Justin Upton,OF,V,LID,
4969,Luis Valbuena,1b-3b,V,LID,
12532,Kolten Wong,2B-OF,A,LID,
3787,David Wright,3B,V,LID,
,Ben Zobrist,SS-2b-OF,V,LID,
sa875066,Chance Adams,SP,B,WAS,
sa868984,Yadier Alvarez,SP,B,WAS,
12880,Tyler Anderson,SP,B,WAS,
,Dellin Betances,RP,V,WAS,
10587,Chad Bettis,SP,A,WAS,
,Greg Bird,1B,B,WAS,
,Kristen Boghosian,SS,B,WAS,
12918,Archie Bradley,SP,A,WAS,
sa599297,Nick Burdi,RP,B,WAS,
4022,Melky Cabrera,OF,V,WAS,
17016,Rusney Castillo,OF,A,WAS,
13345,Luis Cessa,RP,A,WAS,
5448,Jesse Chavez,RP,V,WAS,
3174,Shin-Soo Choo,OF,V,WAS,
13762,Tim Cooney,SP,B,WAS,
sa828679,Braxton Davidson,1B/OF,B,WAS,
15937,Aledmys Diaz,SS,A,WAS,
10762,Corey Dickerson,OF,A,WAS,
1245,R.A. Dickey,SP,V,WAS,
14320,Wilmer Difo,2B/SS,B,WAS,
9810,Brian Dozier,2B,V,WAS,
,Brandon Drury,1B/3B,A,WAS,
10950,Adam Duvall,OF,A,WAS,
5677,A.J. Ellis,C,A,WAS,
,Jacob Faria,SP,B,WAS,
5913,Leury Garcia,OF,B,WAS,
5760,Avisail Garcia,OF,A,WAS,
11003,Evan Gattis,C,V,WAS,
14374,Tyler Glasnow,SP,B,WAS,
5702,Junior Guerra,SP,B,WAS,
9284,Chris Herrmann,C,A,WAS,
sa828669,Grant Holmes,SP,B,WAS,
10732,Drew Hutchison,SP,A,WAS,
17130,Raisel Iglesias,RP,A,WAS,
,Hisashi Iwakuma,SP,A,WAS,
sa659066,Drew Jackson,SS,B,WAS,
,Caleb Joseph,C,A,WAS,
5384,Juan Lagares,OF,A,WAS,
sa739577,Julian Leon,C,B,WAS,
1259,Colby Lewis,SP,V,WAS,
16358,Tyler Mahle,SP,B,WAS,
,Jefry Marte,1B/3B,A,WAS,
5223,Cameron Maybin,OF,V,WAS,
7550,Jake McGee,RP,V,WAS,
17232,Yoan Moncada,2B/3B,B,WAS,
3086,Mitch Moreland,1B,V,WAS,
4892,Mike Moustakas,3B,V,WAS,
10346,John Ryan Murphy,C,A,WAS,
4682,Pat Neshek,RP,V,WAS,
11754,Justin Nicolino,SP,A,WAS,
1994,Ivan Nova,SP,A,WAS,
,Eduardo Nunez,3B,A,WAS,
,Matt Olson,1B,B,WAS,
10030,Chris Owings,SS,A,WAS,
,Byung-Ho Park,1B,B,WAS,
5224,Blake Parker,RP,A,WAS,
sa601924,Max Pentecost,C,B,WAS,
,Wandy Peralta,RP,B,WAS,
,Trevor Plouffe,3B,V,WAS,
13152,Jorge Polanco,SS,A,WAS,
,J.C. Ramirez,RP,A,WAS,
12155,Eddie Rosario,OF,A,WAS,
,Robbie Ross,RP,A,WAS,
12409,Ryan Rua,OF,A,WAS,
11602,Yolmer Sanchez,2B,A,WAS,
12533,Marcus Semien,SS,A,WAS,
15488,Antonio Senzatela,SP,B,WAS,
8280,Tony Sipp,RP,V,WAS,
10190,Tyler Skaggs,SP,A,WAS,
9054,Justin Smoak,1B,V,WAS,
4949,Giancarlo Stanton,OF,V,WAS,
13594,Robert Stephenson,SP,B,WAS,
13273,Ross Stripling,SP,B,WAS,
,Jake Thompson,SP,B,WAS,
13590,Jesse Winker,OF,B,WAS,
4505,Jordan Zimmermann,SP,V,WAS,