"Name","Team","G","PA","HR","R","RBI","SB","BB%","K%","ISO","BABIP","AVG","OBP","SLG","wOBA","wRC+","BsR","Off","Def","WAR","playerid"
"Cody Bellinger","Dodgers","63","272","20","51","54","7","14.7 %","14.3 %",".338",".355",".355",".449",".693",".458","193","-0.9","31.5","5.6","4.5","15998"
"Mike Trout","Angels","62","277","17","50","42","7","22.0 %","16.6 %",".330",".303",".296",".469",".626",".445","187","3.5","33.9","1.7","4.5","10155"
"Christian Yelich","Brewers","59","258","24","50","53","14","15.1 %","16.7 %",".406",".324",".340",".446",".745",".469","195","2.9","34.3","-0.5","4.2","11477"
"Joey Gallo","Rangers","50","214","17","41","41","3","19.6 %","35.5 %",".376",".385",".276",".421",".653",".434","169","2.9","21.5","4.4","3.3","14128"
"Nolan Arenado","Rockies","63","281","16","48","55","2","7.8 %","11.0 %",".268",".322",".331",".381",".598",".399","135","2.4","15.1","5.7","2.9","9777"
"Alex Bregman","Astros","65","288","18","44","44","3","15.3 %","12.8 %",".272",".249",".272",".389",".545",".390","151","-0.3","18.2","1.2","2.9","17678"
"Anthony Rendon","Nationals","51","220","12","45","43","1","13.2 %","16.4 %",".319",".341",".319",".423",".638",".433","170","1.2","21.1","0.8","2.9","12861"
"Paul DeJong","Cardinals","63","270","10","44","29","4","11.5 %","18.5 %",".210",".305",".270",".367",".481",".361","127","3.0","12.3","7.4","2.8","18015"
"Javier Baez","Cubs","62","271","16","42","44","2","5.9 %","31.0 %",".276",".387",".299",".339",".575",".376","135","0.8","13.0","6.7","2.8","12979"
"George Springer","Astros","48","216","17","41","43","4","11.6 %","20.8 %",".335",".315",".308",".389",".643",".421","172","1.4","20.9","-0.4","2.8","12856"
"Marcus Semien","Athletics","67","306","9","43","34","5","12.1 %","15.0 %",".160",".299",".272",".359",".433",".341","116","-0.6","5.8","11.2","2.7","12533"
"Xander Bogaerts","Red Sox","63","281","12","50","42","2","12.1 %","19.2 %",".225",".326",".291",".374",".516",".374","132","1.8","13.2","4.6","2.7","12161"
"Jorge Polanco","Twins","61","275","10","41","34","2","9.1 %","14.9 %",".236",".364",".333",".393",".569",".399","152","0.1","17.9","-0.4","2.7","13152"
"J.T. Realmuto","Phillies","61","246","10","39","36","2","6.9 %","22.8 %",".184",".319",".274",".329",".457",".332","106","1.7","3.5","14.5","2.6","11739"
"Trevor Story","Rockies","63","285","15","57","43","11","8.4 %","27.0 %",".254",".358",".289",".358",".543",".377","120","3.2","10.6","6.0","2.5","12564"
"Yasmani Grandal","Brewers","59","239","13","31","32","3","14.2 %","20.9 %",".249",".298",".274",".377",".522",".376","133","0.3","10.5","7.2","2.5","11368"
"Freddie Freeman","Braves","64","287","17","46","41","1","11.8 %","16.7 %",".280",".330",".312",".401",".592",".413","158","0.2","21.6","-5.7","2.5","5361"
"Austin Meadows","Rays","47","205","12","31","38","8","9.8 %","21.0 %",".280",".402",".346",".420",".626",".432","178","1.0","21.1","-3.7","2.4","15672"
"Matt Chapman","Athletics","65","285","16","40","36","0","10.2 %","18.9 %",".256",".269",".260",".344",".516",".360","130","0.3","10.9","3.8","2.4","16505"
"Kris Bryant","Cubs","61","274","13","48","36","1","12.8 %","19.0 %",".260",".299",".273",".383",".532",".385","141","1.8","16.1","-0.6","2.4","15429"
"Tommy La Stella","Angels","61","236","15","39","39","0","6.8 %","7.6 %",".235",".289",".315",".371",".549",".387","149","0.0","14.4","1.1","2.3","12371"
"Mike Moustakas","Brewers","59","255","20","42","43","3","7.5 %","18.8 %",".318",".267",".275",".337",".592",".384","139","0.2","12.9","2.4","2.3","4892"
"Hunter Dozier","Royals","52","216","11","27","33","1","12.0 %","19.0 %",".276",".346",".314",".398",".589",".407","158","0.6","16.2","-0.4","2.3","15117"
"Max Muncy","Dodgers","64","253","13","39","38","3","13.4 %","25.3 %",".236",".331",".278",".372",".514",".371","136","2.0","13.6","1.4","2.3","13301"
"Josh Bell","Pirates","63","273","18","46","57","0","9.5 %","21.2 %",".342",".359",".325",".388",".667",".426","170","-3.0","21.5","-7.2","2.3","13145"
"Ronald Acuna Jr.","Braves","64","287","14","40","41","8","9.8 %","23.7 %",".203",".331",".279",".363",".482",".358","122","2.0","10.0","3.2","2.2","18401"
"Eduardo Escobar","Diamondbacks","64","284","15","41","49","1","7.7 %","21.8 %",".273",".324",".289",".349",".563",".377","133","0.0","12.2","0.6","2.2","6153"
"Yoan Moncada","White Sox","62","271","12","38","39","5","7.0 %","28.0 %",".214",".379",".294",".348",".508",".360","129","1.4","11.2","1.1","2.1","17232"
"Byron Buxton","Twins","61","213","8","37","36","10","6.6 %","22.5 %",".260",".321",".270",".322",".531",".353","120","2.1","7.4","6.6","2.1","14161"
"Brandon Lowe","Rays","57","234","13","32","41","3","6.4 %","33.8 %",".256",".395",".288",".342",".544",".369","136","3.0","13.6","-0.4","2.1","18882"
"Max Kepler","Twins","57","252","15","42","40","1","10.3 %","15.1 %",".273",".251",".264",".341",".536",".364","128","-1.0","7.7","4.8","2.1","12144"
"Peter Alonso","Mets","64","264","21","37","46","0","8.0 %","26.9 %",".339",".273",".258",".337",".597",".383","145","-0.6","14.7","-2.0","2.1","19251"
"Joc Pederson","Dodgers","58","207","18","42","33","0","10.6 %","20.8 %",".362",".231",".254",".357",".616",".399","154","0.6","15.0","-0.5","2.1","11899"
"Corey Seager","Dodgers","64","261","8","39","38","1","10.3 %","19.2 %",".192",".312",".271",".352",".463",".345","118","1.7","7.8","4.7","2.1","13624"
"Ketel Marte","Diamondbacks","64","284","15","39","45","3","6.7 %","16.5 %",".245",".274",".268",".320",".513",".345","113","0.5","5.1","6.4","2.0","13613"
"Michael Brantley","Astros","63","270","10","30","38","3","7.8 %","8.9 %",".195",".319",".317",".374",".512",".373","140","0.1","13.5","-2.4","2.0","4106"
"Tommy Pham","Rays","57","260","8","26","25","6","15.0 %","18.5 %",".171",".333",".286",".400",".456",".368","135","0.3","11.8","-0.8","2.0","2967"
"Michael Conforto","Mets","56","242","12","35","29","4","15.7 %","22.3 %",".250",".293",".260",".388",".510",".378","142","-0.3","12.6","-0.5","2.0","16376"
"DJ LeMahieu","Yankees","59","260","7","41","41","2","6.5 %","13.8 %",".148",".350",".321",".367",".468",".355","123","1.3","8.7","1.9","1.9","9874"
"Rafael Devers","Red Sox","64","275","9","47","40","8","8.4 %","17.1 %",".185",".340",".301",".361",".486",".356","120","3.3","10.1","-0.1","1.9","17350"
"Anthony Rizzo","Cubs","60","269","16","41","45","3","11.9 %","14.1 %",".267",".267",".276",".390",".542",".391","145","-1.3","14.2","-3.4","1.9","3473"
"David Fletcher","Angels","62","240","4","32","23","5","7.9 %","6.3 %",".127",".317",".308",".363",".434",".342","118","-0.6","4.8","5.9","1.9","17992"
"Adalberto Mondesi","Royals","64","281","6","37","44","24","5.3 %","27.0 %",".188",".355",".273",".307",".462",".320","98","3.5","3.0","6.1","1.9","13769"
"Derek Dietrich","Reds","60","169","17","26","37","1","8.9 %","21.3 %",".386",".204",".248",".349",".634",".400","149","1.5","12.0","1.0","1.8","10542"
"Bryce Harper","Phillies","65","284","11","39","44","3","13.4 %","29.2 %",".218",".333",".251",".356",".469",".346","115","-0.3","5.3","4.1","1.8","11579"
"Carlos Santana","Indians","64","273","12","40","40","1","16.1 %","16.1 %",".224",".308",".285",".403",".509",".382","138","-0.8","12.2","-3.4","1.8","2396"
"Carlos Correa","Astros","50","214","11","26","35","1","9.3 %","23.8 %",".253",".344",".295",".360",".547",".377","142","-1.2","10.2","0.4","1.8","14162"
"Francisco Lindor","Indians","46","205","11","31","24","7","9.3 %","15.1 %",".238",".303",".298",".366",".536",".372","131","0.5","8.5","1.9","1.7","12916"
"Alex Gordon","Royals","62","265","10","39","39","3","8.3 %","16.2 %",".210",".300",".279",".360",".489",".356","123","0.8","8.5","-0.3","1.7","5209"
"Mookie Betts","Red Sox","65","301","10","50","29","6","15.3 %","14.3 %",".183",".285",".267",".382",".450",".355","119","0.4","7.6","-0.8","1.7","13611"
"Tim Anderson","White Sox","57","226","9","33","29","15","3.1 %","19.0 %",".171",".372",".324",".354",".495",".360","129","2.3","10.4","-1.1","1.7","15172"
"Andrew McCutchen","Phillies","59","262","10","45","29","2","16.4 %","21.0 %",".201",".299",".256",".378",".457",".360","125","0.1","8.5","0.2","1.7","9847"
"Avisail Garcia","Rays","54","236","11","33","28","6","6.4 %","22.0 %",".212",".351",".300",".356",".512",".364","132","-1.0","8.6","0.1","1.7","5760"
"Jean Segura","Phillies","55","241","5","39","26","3","5.8 %","12.4 %",".162",".319",".293",".342",".455",".339","111","2.9","6.2","3.0","1.7","5933"
"Edwin Encarnacion","Mariners","63","278","20","46","46","0","13.7 %","19.1 %",".288",".227",".245",".356",".532",".371","139","-0.3","13.5","-6.3","1.7","2151"
"Daniel Vogelbach","Mariners","60","232","16","36","37","0","17.2 %","21.6 %",".295",".248",".247",".379",".542",".386","150","0.2","14.7","-6.1","1.6","14130"
"Marcell Ozuna","Cardinals","61","258","17","44","54","5","9.3 %","21.7 %",".272",".269",".259",".329",".530",".356","123","1.1","8.8","-0.6","1.6","10324"
"Mitch Garver","Twins","31","117","10","24","25","0","11.1 %","26.5 %",".376",".367",".317",".410",".693",".451","187","-0.9","11.8","0.5","1.6","15161"
"Bryan Reynolds","Pirates","44","158","5","22","20","0","7.6 %","22.2 %",".200",".438",".352",".405",".552",".404","155","0.7","11.9","-0.9","1.6","19326"
"Hunter Renfroe","Padres","59","196","18","26","35","3","7.1 %","27.0 %",".359",".234",".243",".296",".602",".365","130","-0.1","7.6","2.2","1.6","15464"
"Willson Contreras","Cubs","58","222","13","32","35","1","11.3 %","28.4 %",".257",".354",".283",".387",".540",".388","142","-0.8","11.3","-2.4","1.6","11609"
"Gary Sanchez","Yankees","46","192","19","28","37","0","8.3 %","27.6 %",".364",".257",".260",".333",".624",".391","147","0.1","11.4","-2.5","1.5","11442"
"Justin Turner","Dodgers","58","241","6","31","27","1","10.4 %","13.3 %",".137",".339",".312",".398",".449",".366","132","-0.4","9.5","-1.9","1.5","5235"
"Kevin Kiermaier","Rays","58","225","7","29","28","10","7.6 %","20.9 %",".190",".289",".249",".308",".439",".313","98","1.4","0.8","6.7","1.5","11038"
"Elvis Andrus","Rangers","54","242","6","33","33","13","4.5 %","15.3 %",".155",".335",".301",".339",".456",".337","104","2.3","3.6","3.4","1.5","8709"
"Trey Mancini","Orioles","62","269","13","44","31","0","7.4 %","20.8 %",".238",".337",".299",".353",".537",".370","133","0.8","12.0","-6.6","1.5","15149"
"Gleyber Torres","Yankees","60","252","14","35","32","3","6.7 %","23.4 %",".239",".306",".274",".323",".513",".345","116","-1.5","3.5","2.4","1.4","16997"
"Robinson Chirinos","Astros","50","194","10","31","29","0","14.4 %","24.2 %",".266",".270",".240",".375",".506",".372","139","0.0","9.5","-1.9","1.4","3142"
"Jason Castro","Twins","31","106","7","22","17","0","11.3 %","25.5 %",".293",".310",".272",".368",".565",".390","145","0.1","6.0","4.5","1.4","8722"
"Starling Marte","Pirates","53","245","7","35","26","11","2.9 %","17.1 %",".165",".320",".283",".324",".448",".328","105","2.6","4.2","1.9","1.4","9241"
"Howie Kendrick","Nationals","54","173","11","30","39","1","5.8 %","15.0 %",".269",".323",".327",".364",".596",".393","144","-1.3","8.5","-0.3","1.4","4229"
"Fernando Tatis Jr.","Padres","31","124","7","17","15","7","8.1 %","28.2 %",".261",".400",".315",".379",".577",".398","152","0.7","9.0","0.8","1.4","19709"
"Eugenio Suarez","Reds","64","266","14","32","41","1","9.4 %","23.7 %",".235",".298",".265",".338",".500",".350","116","-3.3","2.1","2.9","1.3","12552"
"David Peralta","Diamondbacks","52","234","8","31","35","0","6.4 %","22.6 %",".213",".365",".301",".350",".514",".360","123","-2.1","4.7","1.3","1.3","2136"
"Jeff McNeil","Mets","51","209","2","21","17","0","7.7 %","11.0 %",".119",".375",".335",".411",".454",".373","139","-3.6","6.8","-0.1","1.3","15362"
"Christian Vazquez","Red Sox","53","184","7","22","22","1","6.5 %","18.5 %",".182",".308",".276",".322",".459",".326","100","-2.2","-2.3","9.3","1.3","9774"
"Roberto Perez","Indians","46","165","11","17","25","0","13.3 %","26.7 %",".261",".247",".232",".337",".493",".349","116","-0.8","2.5","5.0","1.3","2900"
"James McCann","White Sox","42","162","4","24","15","3","6.2 %","21.6 %",".159",".402",".325",".370",".483",".362","130","1.2","7.3","0.2","1.3","12859"
"Whit Merrifield","Royals","65","291","7","43","29","8","6.2 %","18.6 %",".186",".344",".294",".344",".480",".345","116","-1.1","4.6","-1.7","1.3","11281"
"Rhys Hoskins","Phillies","64","281","13","34","44","1","15.7 %","24.9 %",".241",".318",".263",".384",".504",".375","134","-2.5","9.9","-5.8","1.3","16472"
"Eddie Rosario","Twins","61","261","19","44","52","2","5.0 %","14.6 %",".272",".251",".272",".307",".545",".351","119","-1.0","5.2","-1.3","1.3","12155"
"Dominic Smith","Mets","53","88","4","19","9","0","13.6 %","19.3 %",".227",".426",".360",".455",".587",".440","183","0.3","9.7","0.2","1.3","15653"
"Nick Ahmed","Diamondbacks","65","258","4","31","25","4","7.8 %","19.4 %",".139",".319",".268",".323",".407",".310","89","0.4","-3.1","7.6","1.3","12147"
"Jake Marisnick","Astros","53","147","6","23","17","4","5.4 %","30.6 %",".227",".321",".242",".310",".470",".330","111","0.9","2.8","4.6","1.2","11339"
"Andrelton Simmons","Angels","46","195","3","22","21","5","3.1 %","7.7 %",".117",".312",".298",".323",".415",".316","100","-0.2","-0.1","5.9","1.2","10847"
"Luke Voit","Yankees","62","277","15","41","41","0","13.7 %","24.5 %",".237",".307",".263",".379",".500",".373","135","-0.8","11.2","-8.3","1.2","14811"
"Buster Posey","Giants","46","168","3","18","18","0","8.9 %","15.5 %",".151",".290",".257",".321",".408",".313","96","-2.1","-2.9","10.0","1.2","9166"
"Hunter Pence","Rangers","49","193","13","39","41","3","6.7 %","21.2 %",".290",".298",".284",".337",".574",".375","130","2.1","9.4","-3.6","1.2","8252"
"Alex Verdugo","Dodgers","61","195","4","19","28","3","7.7 %","11.3 %",".166",".307",".291",".344",".457",".338","114","1.1","4.5","1.7","1.2","17027"
"C.J. Cron","Twins","58","237","14","31","43","0","7.6 %","21.5 %",".263",".300",".277",".342",".540",".366","129","-0.4","8.2","-4.1","1.2","12546"
"Mitch Haniger","Mariners","63","283","15","46","32","4","10.6 %","28.6 %",".244",".257",".220",".314",".463",".328","110","0.5","4.0","-1.9","1.2","14274"
"David Dahl","Rockies","55","223","6","36","27","1","6.7 %","26.9 %",".207",".439",".330",".378",".537",".384","125","-1.8","5.3","-0.6","1.2","13744"
"J.D. Martinez","Red Sox","56","245","12","36","33","1","10.2 %","15.9 %",".231",".311",".296",".371",".528",".373","131","-1.3","8.2","-4.8","1.2","6184"
"Austin Hedges","Padres","46","162","6","12","17","0","5.6 %","31.5 %",".142",".242",".189",".259",".331",".256","58","-0.4","-9.1","15.6","1.2","12976"
"Pedro Severino","Orioles","37","129","8","12","18","0","10.1 %","19.4 %",".259",".288",".277",".359",".536",".375","137","-2.5","3.5","3.8","1.2","14523"
"Paul Goldschmidt","Cardinals","63","273","12","38","27","0","11.7 %","25.3 %",".172",".335",".272",".360",".444",".346","117","1.0","6.9","-4.0","1.2","9218"
"Andrew Benintendi","Red Sox","58","273","6","32","26","7","11.4 %","23.8 %",".150",".339",".266",".358",".416",".334","105","2.2","3.8","-1.8","1.1","17901"
"Tom Murphy","Mariners","25","82","7","10","14","1","3.7 %","40.2 %",".316",".436",".304",".329",".620",".391","153","0.2","5.6","2.9","1.1","13499"
"Josh Reddick","Astros","59","240","7","28","23","3","6.7 %","10.4 %",".147",".319",".312",".351",".459",".341","118","-1.1","4.4","-1.4","1.1","3892"
"Shin-Soo Choo","Rangers","59","261","11","43","28","3","10.0 %","26.4 %",".232",".372",".289",".379",".522",".380","133","-0.6","10.4","-8.1","1.1","3174"
"Yandy Diaz","Rays","49","218","10","31","24","1","11.5 %","17.0 %",".217",".283",".270",".353",".487",".353","125","-1.2","5.6","-1.9","1.1","16578"
"Omar Narvaez","Mariners","53","201","9","28","23","0","10.4 %","19.9 %",".174",".308",".275",".353",".449",".344","121","1.3","6.7","-2.4","1.1","13338"
"David Freese","Dodgers","48","119","6","24","19","0","16.8 %","21.8 %",".283",".343",".293",".412",".576",".413","164","-0.9","8.8","-1.6","1.1","9549"
"Jay Bruce","- - -","53","205","18","33","39","1","7.8 %","26.3 %",".360",".216",".231",".293",".591",".359","130","0.9","8.8","-4.8","1.1","9892"
"Logan Forsythe","Rangers","47","182","3","23","26","1","13.7 %","24.7 %",".163",".377",".281",".387",".444",".360","119","0.7","5.1","-0.5","1.1","7185"
"Christian Walker","Diamondbacks","62","252","11","34","25","3","9.1 %","29.0 %",".229",".329",".256",".329",".485",".341","110","1.6","4.8","-2.1","1.1","13419"
"Tyler Flowers","Braves","37","133","5","12","12","0","8.3 %","33.8 %",".185",".343",".244",".316",".429",".314","93","-1.2","-2.4","8.9","1.1","9134"
"Kole Calhoun","Angels","61","256","13","38","35","3","11.3 %","21.5 %",".243",".256",".239",".329",".482",".338","115","1.5","6.4","-4.6","1.1","11200"
"Jorge Alfaro","Marlins","50","188","9","21","25","1","4.3 %","33.5 %",".183",".369",".269",".319",".451",".328","108","-1.5","0.4","4.1","1.0","12180"
"Eric Sogard","Blue Jays","38","159","5","21","15","4","9.4 %","15.1 %",".180",".297",".273",".346",".453",".341","114","1.3","4.2","0.8","1.0","7927"
"Cesar Hernandez","Phillies","64","262","6","29","29","4","7.3 %","12.6 %",".165",".295",".274",".336",".439",".329","104","0.4","1.8","0.3","1.0","10556"
"Giovanny Urshela","Yankees","54","186","4","25","25","1","7.5 %","15.6 %",".139",".346",".309",".366",".448",".347","117","-0.8","3.2","0.8","1.0","10681"
"Willy Adames","Rays","59","237","6","28","18","3","8.4 %","27.0 %",".135",".317",".242",".309",".377",".298","88","1.8","-1.9","4.0","1.0","15986"
"Kolten Wong","Cardinals","62","236","6","23","28","10","10.2 %","16.1 %",".142",".258",".235",".326",".377",".302","88","3.6","-0.1","2.7","1.0","12532"
"Dexter Fowler","Cardinals","56","202","5","22","15","4","12.9 %","25.2 %",".136",".319",".243",".363",".379",".330","106","2.6","4.3","-0.8","1.0","4062"
"Manny Machado","Padres","64","269","10","30","33","1","10.4 %","21.6 %",".161",".276",".242",".327",".403",".313","96","-1.7","-3.0","4.3","1.0","11493"
"Jonathan Schoop","Twins","56","223","11","33","31","1","4.0 %","23.8 %",".227",".280",".246",".300",".473",".326","102","0.7","1.3","0.7","1.0","11265"
"Asdrubal Cabrera","Rangers","56","223","10","32","38","1","10.3 %","20.6 %",".204",".289",".260",".341",".464",".342","107","-0.7","1.4","0.6","1.0","4962"
"Aaron Judge","Yankees","20","89","5","13","11","2","15.7 %","29.2 %",".233",".372",".288",".404",".521",".388","145","0.0","5.0","1.3","0.9","15640"
"Dansby Swanson","Braves","65","271","13","36","43","6","6.6 %","19.9 %",".220",".273",".257",".307",".478",".325","100","1.5","1.5","-0.9","0.9","18314"
"Stephen Piscotty","Athletics","62","275","8","32","28","2","8.4 %","21.1 %",".153",".304",".258",".321",".411",".314","98","1.8","1.2","-1.5","0.9","13367"
"Josh Donaldson","Braves","61","254","8","35","25","1","14.6 %","28.0 %",".181",".316",".237",".354",".419",".337","107","-0.4","1.9","-0.8","0.9","5038"
"Niko Goodrum","Tigers","58","246","6","35","18","7","10.6 %","26.4 %",".161",".304",".235",".317",".396",".307","91","3.8","1.1","-0.4","0.9","12092"
"Lorenzo Cain","Brewers","62","283","4","40","27","6","7.4 %","15.9 %",".117",".290",".254",".314",".371",".297","81","-0.3","-7.1","7.3","0.9","9077"
"Mark Canha","Athletics","40","134","10","20","19","0","14.2 %","21.6 %",".312",".222",".239",".366",".550",".381","143","-0.2","7.1","-2.7","0.9","11445"
"Nelson Cruz","Twins","40","167","11","23","28","0","9.6 %","29.3 %",".286",".341",".279",".359",".565",".382","140","-1.3","7.1","-4.0","0.9","2434"
"Ozzie Albies","Braves","65","285","7","37","26","4","8.8 %","15.8 %",".145",".296",".266",".333",".410",".316","94","1.0","-1.3","1.0","0.9","16556"
"Justin Smoak","Blue Jays","58","243","12","28","33","0","16.5 %","18.5 %",".212",".246",".237",".374",".449",".355","124","-2.4","4.9","-4.6","0.9","9054"
"Franmil Reyes","Padres","63","227","19","30","33","0","7.5 %","27.3 %",".311",".248",".248",".300",".558",".350","121","-0.9","5.1","-3.7","0.9","14566"
"Ramon Laureano","Athletics","66","255","8","36","23","6","5.1 %","26.7 %",".157",".333",".264",".310",".421",".311","96","1.1","-0.1","-0.1","0.9","17128"
"Brian Anderson","Marlins","62","269","7","21","27","4","9.3 %","22.7 %",".139",".292",".241",".323",".380",".305","93","1.2","-1.3","1.3","0.9","18289"
"David Bote","Cubs","56","182","7","25","31","1","9.9 %","24.2 %",".199",".333",".273",".352",".472",".349","117","0.5","4.4","-1.7","0.8","14593"
"Harrison Bader","Cardinals","50","156","6","19","15","1","10.3 %","28.2 %",".195",".301",".233",".342",".429",".324","103","-1.7","-1.2","4.7","0.8","18030"
"Carson Kelly","Diamondbacks","43","132","7","14","18","0","9.8 %","18.2 %",".246",".264",".254",".333",".500",".346","113","-2.0","0.2","4.1","0.8","13620"
"Josh Phegley","Athletics","54","170","8","24","38","0","4.7 %","18.8 %",".226",".280",".265",".308",".490",".332","110","-1.9","0.4","2.1","0.8","9308"
"Marwin Gonzalez","Twins","55","224","7","25","21","1","8.9 %","22.3 %",".153",".303",".252",".326",".406",".317","96","0.6","-0.6","1.2","0.8","5497"
"Pablo Sandoval","Giants","59","136","8","19","22","1","5.1 %","25.7 %",".289",".314",".273",".309",".563",".356","124","0.4","4.6","-0.7","0.8","5409"
"Jose Iglesias","Reds","60","218","4","26","22","1","5.0 %","14.7 %",".121",".329",".291",".330",".413",".314","92","-2.3","-4.6","5.8","0.8","10231"
"Jarrod Dyson","Diamondbacks","51","175","3","30","13","14","11.4 %","20.6 %",".105",".322",".261",".349",".366",".315","93","3.3","1.7","0.7","0.8","4866"
"Albert Almora Jr.","Cubs","60","198","7","26","20","2","5.6 %","15.2 %",".170",".269",".253",".299",".423",".303","87","0.7","-2.6","4.2","0.8","14109"
"Ji-Man Choi","Rays","52","211","6","22","23","1","10.0 %","21.8 %",".158",".341",".283",".360",".440",".343","118","-0.5","4.4","-3.8","0.8","5452"
"Scott Kingery","Phillies","33","106","4","14","13","2","3.8 %","26.4 %",".220",".397",".310",".349",".530",".369","131","0.9","5.1","-0.7","0.8","17975"
"Juan Soto","Nationals","55","240","10","36","38","3","13.8 %","23.3 %",".220",".343",".283",".383",".502",".376","133","-1.7","8.4","-8.4","0.8","20123"
"Miguel Sano","Twins","17","75","6","15","12","0","12.0 %","37.3 %",".369",".313",".246",".333",".615",".385","142","0.2","4.1","1.0","0.8","12164"
"Brandon Belt","Giants","61","231","9","30","27","2","14.7 %","20.3 %",".228",".283",".249",".368",".477",".360","127","-0.5","7.6","-7.4","0.8","10264"
"Evan Longoria","Giants","58","221","7","22","23","2","9.5 %","20.4 %",".173",".260",".228",".308",".401",".305","91","0.6","-2.0","2.3","0.7","9368"
"Kyle Schwarber","Cubs","59","244","12","33","27","1","13.9 %","27.0 %",".224",".282",".239",".344",".463",".337","109","-0.6","2.2","-2.7","0.7","16478"
"Neil Walker","Marlins","51","168","4","12","14","2","10.7 %","20.8 %",".148",".364",".295",".375",".443",".354","125","0.2","5.6","-3.7","0.7","7539"
"Jonathan Villar","Orioles","65","274","7","36","25","12","7.7 %","23.0 %",".149",".311",".253",".313",".402",".307","91","2.8","-0.4","-1.8","0.7","10071"
"Ben Gamel","Brewers","58","164","4","23","15","1","9.8 %","28.7 %",".139",".362",".264",".348",".403",".322","98","2.0","1.5","0.4","0.7","12160"
"Eric Thames","Brewers","59","167","8","27","26","1","15.6 %","34.7 %",".217",".370",".254",".377",".471",".362","124","0.9","6.1","-4.2","0.7","3711"
"Curt Casali","Reds","39","102","2","11","16","0","8.8 %","21.6 %",".143",".368",".297",".363",".440",".341","110","0.7","1.9","1.8","0.7","12510"
"Russell Martin","Dodgers","28","94","2","14","4","0","10.6 %","19.1 %",".115",".333",".282",".383",".397",".339","114","0.6","2.4","1.6","0.7","4616"
"Jason Heyward","Cubs","60","243","9","31","23","4","13.6 %","16.5 %",".169",".269",".251",".354",".420",".331","105","-0.4","1.2","-2.0","0.7","4940"
"Adam Jones","Diamondbacks","59","247","12","32","37","1","4.9 %","15.8 %",".224",".285",".276",".321",".500",".342","111","-0.9","2.5","-3.5","0.7","6368"
"Garrett Cooper","Marlins","28","112","5","19","16","0","10.7 %","20.5 %",".167",".319",".281",".375",".448",".355","126","-0.3","3.5","-0.2","0.7","15279"
"Robbie Grossman","Athletics","54","202","4","26","17","5","11.9 %","17.8 %",".141",".290",".249",".337",".390",".316","100","0.4","0.3","-0.4","0.7","5254"
"Wil Myers","Padres","64","227","11","32","22","8","11.5 %","36.6 %",".201",".314",".221",".317",".422",".318","99","-0.1","-0.2","-0.2","0.7","10047"
"Todd Frazier","Mets","41","146","6","18","20","1","7.5 %","24.7 %",".189",".322",".265",".336",".455",".338","115","-1.2","1.6","0.5","0.7","785"
"Leury Garcia","White Sox","57","238","2","41","18","7","3.8 %","23.9 %",".068",".366",".281",".318",".348",".290","81","1.4","-4.2","2.5","0.7","5913"
"Jose Altuve","Astros","39","164","9","21","21","1","11.0 %","15.2 %",".229",".234",".243",".329",".472",".339","117","-1.4","2.1","-1.1","0.7","5417"
"Matt Olson","Athletics","33","135","9","17","18","0","10.4 %","28.1 %",".277",".250",".227",".319",".504",".343","118","0.1","3.1","-1.1","0.7","14344"
"Matt Carpenter","Cardinals","61","259","9","35","22","3","13.5 %","24.7 %",".167",".273",".225",".332",".392",".316","97","-0.7","-1.6","-0.2","0.6","8090"
"Michael Chavis","Red Sox","45","192","10","23","30","2","9.9 %","32.8 %",".206",".330",".247",".333",".453",".334","105","-1.3","-0.1","-0.1","0.6","17321"
"Austin Barnes","Dodgers","42","145","4","17","15","2","11.7 %","20.0 %",".154",".253",".220",".331",".374",".302","90","-0.3","-2.1","3.9","0.6","12158"
"Clint Frazier","Yankees","47","184","11","24","32","1","7.1 %","27.7 %",".253",".336",".283",".337",".536",".360","126","-0.5","5.5","-5.5","0.6","15983"
"Matt Joyce","Braves","48","68","2","10","7","0","14.7 %","20.6 %",".224",".381",".310",".412",".534",".401","150","0.3","4.6","-0.4","0.6","3353"
"Victor Caratini","Cubs","17","50","1","8","9","0","16.0 %","22.0 %",".220",".483",".366",".480",".585",".451","184","-0.3","5.1","-0.3","0.6","14968"
"Brett Gardner","Yankees","60","237","9","35","23","6","8.9 %","14.8 %",".198",".218",".217",".291",".415",".300","85","1.4","-3.0","1.2","0.6","9927"
"Melky Cabrera","Pirates","57","184","4","21","22","2","5.4 %","12.5 %",".128",".366",".331",".372",".459",".353","121","0.5","5.5","-5.1","0.6","4022"
"Danny Santana","Rangers","42","151","4","26","15","7","4.0 %","27.8 %",".187",".379",".288",".327",".475",".334","102","2.6","3.0","-1.8","0.6","10322"
"Jordan Luplow","Indians","37","120","8","20","17","2","8.3 %","28.3 %",".275",".279",".248",".308",".523",".344","113","0.1","2.0","0.1","0.6","16424"
"Adam Eaton","Nationals","63","279","6","37","16","5","10.0 %","17.6 %",".123",".307",".263",".348",".387",".321","97","0.2","-0.9","-1.7","0.6","11205"
"Hanser Alberto","Orioles","51","190","3","16","14","4","2.1 %","10.0 %",".082",".331",".311",".326",".393",".308","92","1.1","-0.8","0.3","0.6","11902"
"Nicholas Castellanos","Tigers","60","265","6","36","23","1","6.4 %","23.8 %",".180",".328",".262",".313",".443",".318","98","1.7","1.1","-4.3","0.6","11737"
"Wilson Ramos","Mets","59","210","7","30","34","0","10.5 %","15.7 %",".140",".306",".280",".357",".419",".330","110","-3.2","-0.5","-0.2","0.6","1433"
"Addison Russell","Cubs","25","77","4","8","9","0","9.1 %","19.5 %",".194",".260",".254",".316",".448",".316","95","0.2","-0.3","3.7","0.6","14106"
"Harold Ramirez","Marlins","24","98","1","13","12","1","4.1 %","19.4 %",".097",".384",".312",".347",".409",".326","107","1.7","2.5","0.2","0.6","14387"
"Charlie Blackmon","Rockies","48","228","10","37","32","2","6.6 %","18.4 %",".256",".327",".295",".355",".551",".377","121","-1.4","4.7","-6.2","0.6","7859"
"Tony Kemp","Astros","43","130","4","18","10","3","9.2 %","14.6 %",".186",".239",".230",".310",".416",".306","95","-1.0","-1.9","3.2","0.6","14894"
"Alex Avila","Diamondbacks","23","70","3","8","8","1","25.7 %","28.6 %",".216",".286",".216",".429",".431",".368","128","-1.4","1.0","2.5","0.6","7476"
"Austin Riley","Braves","23","98","9","16","26","0","4.1 %","34.7 %",".323",".360",".290",".327",".613",".384","139","-1.0","3.9","-1.4","0.6","18360"
"Enrique Hernandez","Dodgers","60","229","10","26","32","0","8.3 %","23.1 %",".180",".234",".215",".284",".395",".288","81","1.2","-4.5","2.8","0.6","10472"
"Colin Moran","Pirates","61","188","9","20","34","0","8.0 %","25.0 %",".203",".325",".273",".330",".477",".337","111","0.2","2.8","-3.2","0.6","16909"
"Aledmys Diaz","Astros","32","109","5","17","22","0","6.4 %","11.9 %",".224",".274",".286",".321",".510",".341","118","0.5","2.9","-1.2","0.5","15937"
"Nick Senzel","Reds","33","154","4","22","13","5","8.4 %","24.0 %",".187",".343",".273",".333",".460",".336","106","-0.3","0.9","-0.4","0.5","19293"
"Cameron Maybin","Yankees","33","103","1","18","8","5","12.6 %","27.2 %",".100",".410",".289",".379",".389",".338","111","1.8","3.2","-1.4","0.5","5223"
"Brian Dozier","Nationals","62","227","10","23","23","1","10.1 %","25.1 %",".190",".269",".230",".317",".420",".317","94","-0.9","-2.7","0.7","0.5","9810"
"Kyle Seager","Mariners","16","71","4","10","6","1","12.7 %","19.7 %",".230",".233",".230",".338",".459",".341","119","0.3","2.0","0.8","0.5","9785"
"Domingo Santana","Mariners","65","289","13","34","48","5","8.7 %","29.4 %",".212",".356",".273",".340",".485",".349","124","-1.3","7.6","-12.5","0.5","10348"
"Brian Goodwin","Angels","59","214","6","34","22","3","8.4 %","22.9 %",".162",".353",".288",".347",".450",".337","115","1.2","5.3","-7.7","0.5","12858"
"Tony Wolters","Rockies","43","155","1","19","19","0","7.7 %","15.5 %",".109",".353",".307",".357",".416",".324","85","-0.6","-3.5","3.5","0.5","11470"
"Jorge Soler","Royals","65","266","17","32","44","0","6.0 %","29.7 %",".269",".278",".241",".293",".510",".333","107","0.2","2.7","-7.0","0.5","14221"
"Adam Frazier","Pirates","58","251","3","31","15","2","6.4 %","12.4 %",".114",".282",".253",".313",".367",".293","82","1.1","-4.8","1.6","0.5","15223"
"J.P. Crawford","Mariners","17","67","1","7","5","0","9.0 %","29.9 %",".148",".400",".279",".343",".426",".331","112","0.4","1.5","1.1","0.5","15491"
"J.D. Davis","Mets","53","166","6","19","18","0","9.0 %","20.5 %",".180",".300",".260",".331",".440",".330","110","1.1","3.3","-3.7","0.5","16219"
"Dee Gordon","Mariners","45","173","3","16","19","12","4.0 %","14.5 %",".088",".311",".281",".310",".369",".291","85","2.9","-0.3","-0.8","0.5","8203"
"Ehire Adrianza","Twins","39","112","4","17","13","0","9.8 %","16.1 %",".151",".274",".258",".360",".409",".335","108","-0.7","0.5","0.5","0.5","8418"
"Mitch Moreland","Red Sox","47","174","13","25","34","1","12.1 %","21.3 %",".318",".204",".225",".316",".543",".354","118","-1.4","2.6","-3.9","0.5","3086"
"Kurt Suzuki","Nationals","34","121","5","13","22","0","5.8 %","16.5 %",".189",".299",".279",".331",".468",".338","108","-0.5","0.7","0.1","0.5","8259"
"Kevin Newman","Pirates","38","128","2","11","15","1","7.0 %","15.6 %",".120",".344",".299",".352",".419",".329","105","-0.4","0.5","-0.1","0.5","17696"
"Orlando Arcia","Brewers","65","246","8","28","28","3","9.3 %","19.9 %",".162",".295",".257",".325",".419",".315","93","-0.9","-3.1","-0.2","0.5","13185"
"Chad Pinder","Athletics","50","162","5","23","18","0","4.3 %","20.4 %",".167",".298",".260",".302",".427",".309","95","-0.6","-1.7","0.6","0.4","15191"
"Charlie Tilson","White Sox","32","116","1","14","12","3","6.9 %","25.0 %",".075",".368",".274",".336",".349",".299","87","2.3","0.5","0.0","0.4","12983"
"Charlie Culberson","Braves","42","52","3","7","12","0","7.7 %","25.0 %",".277",".438",".362",".404",".638",".428","167","-0.6","4.0","-1.1","0.4","3298"
"Lourdes Gurriel Jr.","Blue Jays","28","103","5","13","14","2","5.8 %","25.2 %",".274",".313",".263",".320",".537",".356","125","-0.4","2.8","-2.0","0.4","19238"
"Kevan Smith","Angels","23","78","1","11","7","1","11.5 %","11.5 %",".149",".333",".299",".397",".448",".367","135","-1.0","2.4","-0.7","0.4","12284"
"Hernan Perez","Brewers","48","127","5","18","10","4","6.3 %","27.6 %",".176",".342",".269",".315",".445",".323","98","-0.8","-1.0","1.4","0.4","5751"
"Greg Garcia","Padres","48","140","2","21","12","0","12.1 %","24.3 %",".115",".333",".254",".343",".369",".313","96","0.8","0.0","-0.2","0.4","10951"
"Thairo Estrada","Yankees","25","54","3","10","11","2","5.6 %","25.9 %",".240",".333",".280",".321",".520",".351","120","0.7","2.0","0.4","0.4","16426"
"Chad Wallach","Marlins","19","54","1","4","3","0","11.1 %","22.2 %",".125",".314",".250",".333",".375",".310","96","0.0","-0.3","2.8","0.4","17161"
"Mike Tauchman","Yankees","34","108","4","16","13","1","12.0 %","30.6 %",".200",".276",".211",".306",".411",".308","91","0.2","-1.1","1.5","0.4","15274"
"Delino DeShields","Rangers","40","138","1","15","12","10","14.5 %","18.1 %",".080",".299",".241",".363",".321",".311","86","0.4","-2.0","1.1","0.4","11379"
"Nick Markakis","Braves","65","261","4","38","29","0","13.0 %","11.1 %",".139",".284",".265",".356",".404",".328","101","-0.9","-0.4","-4.1","0.4","5930"
"Ryan Braun","Brewers","61","226","10","27","36","4","6.2 %","22.6 %",".187",".318",".273",".324",".459",".333","105","1.1","2.5","-6.1","0.4","3410"
"Billy Hamilton","Royals","55","194","0","24","6","12","10.3 %","23.2 %",".053",".307",".228",".307",".281",".265","62","3.4","-6.0","2.9","0.4","10199"
"Gordon Beckham","Tigers","35","108","3","14","5","2","9.3 %","27.8 %",".202",".311",".234",".333",".436",".331","107","-0.4","0.6","-0.8","0.4","9015"
"Guillermo Heredia","Rays","40","89","2","10","8","0","7.9 %","25.8 %",".145",".353",".263",".356",".408",".334","112","0.6","1.9","-1.5","0.4","18721"
"Trea Turner","Nationals","26","117","4","17","12","8","6.0 %","22.2 %",".218",".325",".273",".316",".491",".335","106","1.3","2.2","-2.4","0.3","16252"
"Miguel Rojas","Marlins","61","231","0","21","17","5","7.8 %","13.0 %",".053",".309",".269",".329",".322",".285","79","-2.0","-8.1","4.1","0.3","7802"
"Yolmer Sanchez","White Sox","56","193","1","18","13","2","9.3 %","22.8 %",".053",".328",".249",".330",".302",".285","78","1.4","-4.0","0.6","0.3","11602"
"Adeiny Hechavarria","Mets","26","74","4","11","13","2","4.1 %","20.3 %",".225",".269",".254",".284",".479",".318","103","-0.4","-0.1","1.1","0.3","10459"
"Ryan McMahon","Rockies","46","167","6","25","22","1","12.6 %","26.3 %",".171",".302",".240",".335",".411",".324","85","1.6","-1.6","-0.5","0.3","15112"
"Christin Stewart","Tigers","44","181","5","16","22","0","11.0 %","22.7 %",".185",".307",".255",".337",".439",".326","104","-0.5","0.4","-3.4","0.3","17714"
"Tim Locastro","Diamondbacks","27","81","0","15","7","5","8.6 %","12.3 %",".109",".296",".250",".407",".359",".350","116","1.5","3.2","-2.6","0.3","15124"
"Jose Abreu","White Sox","64","275","16","31","52","2","6.2 %","24.7 %",".254",".273",".250",".298",".504",".329","108","-2.7","-0.1","-6.3","0.3","15676"
"Oscar Mercado","Indians","21","83","3","18","7","2","4.8 %","21.7 %",".173",".352",".293",".354",".467",".351","117","0.9","2.7","-2.4","0.3","16375"
"Jon Berti","Marlins","22","68","2","12","4","1","10.3 %","23.5 %",".136",".286",".237",".324",".373",".304","92","2.1","1.4","-0.4","0.3","12037"
"Renato Nunez","Orioles","63","245","16","33","36","0","5.3 %","26.1 %",".254",".264",".241",".294",".496",".329","105","0.2","1.8","-7.3","0.3","14503"
"Victor Robles","Nationals","62","247","9","37","25","9","5.7 %","25.9 %",".184",".288",".235",".309",".419",".310","89","1.9","-1.4","-3.6","0.3","18363"
"Brandon Nimmo","Mets","43","161","3","20","14","1","16.1 %","29.8 %",".123",".288",".200",".344",".323",".301","91","1.4","-0.5","-1.8","0.3","12927"
"Tyler Austin","- - -","40","89","5","16","13","0","12.4 %","39.3 %",".244",".342",".231",".326",".474",".339","113","1.6","3.0","-3.1","0.3","11850"
"Danny Jansen","Blue Jays","47","163","2","8","12","0","10.4 %","23.3 %",".084",".221",".175",".265",".259",".238","45","0.1","-11.2","8.2","0.3","16535"
"Joe Panik","Giants","58","238","3","22","19","3","9.2 %","10.9 %",".099",".259",".241",".315",".340",".288","80","-1.8","-8.0","3.0","0.3","11936"
"Brock Holt","Red Sox","15","52","0","8","6","0","9.6 %","23.1 %",".043",".382",".283",".365",".326",".312","90","0.2","-0.5","1.4","0.3","9345"
"Tim Beckham","Mariners","56","210","11","27","33","1","5.7 %","31.0 %",".240",".300",".240",".290",".480",".322","106","-2.0","-0.3","-4.3","0.3","7949"
"Shed Long","Mariners","17","70","0","6","2","3","12.9 %","25.7 %",".098",".326",".230",".329",".328",".293","87","0.1","-1.0","1.2","0.3","16542"
"Freddy Galvis","Blue Jays","60","239","9","26","25","2","4.6 %","23.8 %",".171",".284",".241",".276",".412",".290","80","-0.9","-7.0","1.3","0.3","6609"
"Rio Ruiz","Orioles","58","200","4","15","16","0","9.5 %","22.0 %",".094",".286",".233",".305",".328",".279","72","-1.2","-8.2","3.8","0.3","14103"
"Ronny Rodriguez","Tigers","41","150","6","17","20","2","4.7 %","30.0 %",".243",".261",".214",".247",".457",".287","78","1.5","-2.7","0.0","0.3","11875"
"Khris Davis","Athletics","52","213","13","27","34","0","8.0 %","25.8 %",".221",".268",".241",".305",".462",".319","102","0.0","0.5","-5.4","0.2","9112"
"Amed Rosario","Mets","62","261","8","25","33","6","5.7 %","23.8 %",".171",".303",".249",".292",".420",".301","91","0.0","-3.1","-2.8","0.2","15518"
"John Ryan Murphy","Diamondbacks","25","69","4","9","7","0","8.7 %","40.6 %",".242",".233",".177",".250",".419",".282","71","0.7","-1.9","2.2","0.2","10346"
"JaCoby Jones","Tigers","51","183","8","18","21","6","7.1 %","30.6 %",".207",".327",".250",".319",".457",".325","103","0.9","1.6","-5.6","0.2","14818"
"Keston Hiura","Brewers","17","69","5","8","9","1","4.3 %","33.3 %",".250",".361",".281",".333",".531",".363","125","0.6","2.8","-2.6","0.2","20003"
"Miguel Cabrera","Tigers","59","239","3","16","27","0","9.2 %","20.1 %",".089",".366",".296",".364",".385",".325","103","-1.3","-0.4","-5.6","0.2","1744"
"Sandy Leon","Red Sox","23","71","2","4","11","0","8.5 %","22.5 %",".129",".267",".226",".300",".355",".285","72","0.2","-2.3","2.2","0.2","5273"
"Aaron Hicks","Yankees","20","87","4","12","16","0","12.6 %","24.1 %",".187",".255",".227",".322",".413",".316","96","-1.2","-1.6","0.8","0.2","5297"
"Luis Rengifo","Angels","29","115","1","15","10","0","9.6 %","24.3 %",".101",".301",".232",".307",".333",".280","76","0.9","-2.5","0.6","0.2","19858"
"Chris Taylor","Dodgers","62","184","5","17","21","4","8.2 %","26.6 %",".176",".277",".218",".286",".394",".286","79","0.8","-4.1","0.2","0.2","13757"
"Albert Pujols","Angels","55","226","11","25","35","0","9.7 %","11.5 %",".216",".218",".236",".314",".452",".322","105","-3.3","-2.0","-3.9","0.2","1177"
"Eric Hosmer","Padres","65","268","10","36","36","0","6.3 %","20.1 %",".165",".323",".281",".328",".446",".328","106","-2.0","0.0","-6.7","0.2","3516"
"Joey Votto","Reds","58","251","5","31","14","1","11.2 %","22.3 %",".123",".321",".256",".347",".379",".316","93","0.4","-1.9","-4.4","0.2","4314"
"Kyle Farmer","Reds","46","83","5","10","16","3","4.8 %","31.3 %",".234",".255",".221",".265",".455",".295","79","0.8","-1.4","0.3","0.2","14813"
"Nomar Mazara","Rangers","59","252","9","37","35","2","6.0 %","18.3 %",".182",".298",".268",".321",".450",".326","96","-1.0","-2.2","-4.9","0.2","14553"
"Brian McCann","Braves","31","120","3","9","20","0","9.2 %","10.0 %",".137",".280",".284",".342",".422",".319","96","-1.0","-1.6","-0.6","0.2","4810"
"Jose Martinez","Cardinals","63","182","3","21","21","1","8.2 %","18.7 %",".103",".349",".291",".352",".394",".324","103","-0.5","0.1","-4.5","0.1","7996"
"Yan Gomes","Nationals","43","154","2","9","17","0","7.8 %","25.3 %",".086",".306",".230",".305",".317",".274","66","-0.5","-7.3","3.8","0.1","9627"
"Brandon Dixon","Tigers","36","114","5","10","21","3","2.6 %","33.3 %",".200",".397",".291",".307",".491",".333","108","-0.3","0.8","-3.4","0.1","15214"
"Derek Fisher","Astros","15","59","1","9","5","4","11.9 %","23.7 %",".135",".297",".231",".322",".365",".301","91","0.3","-0.3","-0.5","0.1","16192"
"Yadier Molina","Cardinals","50","201","4","18","33","4","3.5 %","8.5 %",".132",".269",".265",".294",".397",".293","82","-2.4","-7.1","1.9","0.1","7007"
"Mike Zunino","Rays","32","120","3","12","17","0","5.0 %","26.7 %",".152",".234",".188",".242",".339",".250","55","0.0","-6.8","3.8","0.1","13265"
"Tyler Naquin","Indians","35","107","2","8","12","3","4.7 %","27.1 %",".119",".357",".267",".302",".386",".292","77","1.2","-2.0","-0.5","0.1","13359"
"Dwight Smith Jr.","Orioles","59","243","11","31","41","4","5.3 %","20.6 %",".213",".271",".249",".296",".462",".318","98","-0.7","-1.3","-6.0","0.1","13473"
"Chris Iannetta","Rockies","26","84","5","8","12","0","9.5 %","32.1 %",".297",".302",".243",".321",".541",".352","104","-2.3","-1.9","0.3","0.1","8267"
"Kelvin Gutierrez","Royals","18","71","1","4","11","1","4.2 %","31.0 %",".104",".378",".269",".296",".373",".285","75","0.5","-1.8","0.2","0.1","17468"
"Ben Zobrist","Cubs","26","99","0","12","10","0","14.1 %","12.1 %",".012",".274",".241",".343",".253",".277","70","-1.4","-5.2","3.0","0.1","7435"
"Stephen Vogt","Giants","25","70","1","7","5","0","8.6 %","31.4 %",".156",".341",".234",".300",".391",".297","85","-0.4","-1.7","0.3","0.1","5000"
"Travis d'Arnaud","- - -","29","88","3","11","13","0","9.1 %","23.9 %",".154",".232",".205",".273",".359",".271","71","-0.4","-3.8","1.5","0.1","7739"
"Carlos Gomez","Mets","22","70","2","7","8","3","5.7 %","31.4 %",".145",".289",".210",".279",".355",".276","75","0.1","-2.1","0.6","0.1","4881"
"Jose Peraza","Reds","60","187","5","18","15","5","5.9 %","15.0 %",".116",".229",".214",".273",".329",".263","59","0.5","-9.4","4.0","0.1","13593"
"Andrew Knapp","Phillies","30","60","1","6","2","0","20.0 %","26.7 %",".106",".267",".191",".356",".298",".297","83","0.1","-1.2","-0.2","0.1","14942"
"Matt Wieters","Cardinals","23","57","3","5","10","1","1.8 %","35.1 %",".204",".313",".241",".263",".444",".294","82","0.1","-1.2","-0.1","0.1","4298"
"Adam Engel","White Sox","26","58","1","7","4","0","6.9 %","34.5 %",".135",".323",".212",".281",".346",".273","69","0.5","-1.8","0.3","0.1","15082"
"Vladimir Guerrero Jr.","Blue Jays","36","150","7","14","16","0","8.7 %","18.7 %",".197",".265",".248",".313",".445",".323","102","-2.5","-2.1","-2.6","0.0","19611"
"Gerardo Parra","- - -","50","153","4","16","18","5","7.2 %","17.6 %",".130",".250",".225",".294",".355",".277","71","0.1","-5.7","1.0","0.0","8553"
"Christian Arroyo","Rays","15","53","2","7","7","0","9.4 %","32.1 %",".174",".259",".196",".288",".370",".287","80","0.3","-1.0","-0.6","0.0","16434"
"Manuel Margot","Padres","59","150","2","14","10","7","5.3 %","22.7 %",".078",".295",".234",".275",".312",".257","59","1.3","-6.6","2.0","0.0","14712"
"Kevin Plawecki","Indians","29","81","2","6","7","0","8.6 %","16.0 %",".169",".175",".169",".259",".338",".260","55","-0.1","-4.7","2.0","0.0","13807"
"Mike Freeman","Indians","23","58","1","6","8","0","17.2 %","24.1 %",".114",".333",".250",".393",".364",".339","109","-0.3","0.4","-2.4","0.0","11241"
"Ender Inciarte","Braves","40","140","2","13","9","3","8.6 %","19.3 %",".105",".260",".218",".300",".323",".270","63","1.7","-4.9","0.4","0.0","4922"
"Tucker Barnhart","Reds","52","164","5","16","18","0","12.2 %","26.8 %",".134",".245",".197",".294",".331",".269","62","-1.1","-9.0","3.7","0.0","10200"
"Jonathan Lucroy","Angels","54","202","7","23","25","0","7.9 %","12.9 %",".141",".230",".228",".292",".370",".286","80","-3.0","-8.0","0.9","0.0","7870"
"Martin Maldonado","Royals","50","177","2","13","7","0","9.0 %","22.0 %",".071",".261",".205",".295",".276",".260","58","-1.5","-10.8","4.6","0.0","6887"
"Randal Grichuk","Blue Jays","64","266","12","33","25","1","6.8 %","27.4 %",".192",".267",".224",".282",".416",".296","84","0.1","-5.2","-4.2","0.0","10243"
"Gregory Polanco","Pirates","36","150","6","21","17","2","8.0 %","28.0 %",".199",".318",".250",".315",".449",".322","101","0.1","0.3","-5.3","0.0","12907"
"Max Stassi","Astros","18","59","1","3","3","0","6.8 %","30.5 %",".056",".229",".167",".237",".222",".211","30","-1.5","-6.7","4.5","0.0","10059"
"Brandon Drury","Blue Jays","52","204","6","21","17","0","4.9 %","28.9 %",".168",".289",".225",".265",".393",".277","71","1.6","-5.7","-1.6","0.0","11615"
"Wilmer Flores","Diamondbacks","42","138","2","13","14","0","4.3 %","10.1 %",".117",".301",".281",".326",".398",".312","91","-1.2","-2.8","-1.9","0.0","5827"
"Ryan Zimmerman","Nationals","22","86","3","7","11","0","11.6 %","20.9 %",".160",".236",".213",".302",".373",".293","78","0.0","-2.5","-0.6","0.0","4220"
"JB Shuck","Pirates","27","57","0","4","2","1","14.0 %","17.5 %",".043",".270",".213",".339",".255",".279","73","0.1","-1.9","-0.3","0.0","6677"
"Luke Maile","Blue Jays","28","81","2","4","7","0","6.2 %","24.7 %",".093",".208",".173",".225",".267",".217","30","0.5","-6.6","3.5","0.0","13355"
"Ronald Guzman","Rangers","38","131","6","16","19","1","9.2 %","27.5 %",".246",".273",".229",".298",".475",".323","94","-2.8","-3.7","-1.3","0.0","14388"
"Ryan Cordell","White Sox","39","104","3","8","11","2","8.7 %","28.8 %",".144",".298",".222",".307",".367",".295","84","0.8","-1.3","-2.8","0.0","15181"
"Shohei Ohtani","Angels","28","128","6","13","22","0","9.4 %","25.8 %",".168",".289",".248",".320",".416",".315","100","-1.9","-1.9","-3.0","0.0","19755"
"Dylan Moore","Mariners","40","99","2","11","7","4","9.1 %","31.3 %",".118",".308",".212",".323",".329",".294","87","-0.9","-2.5","-1.4","0.0","18042"
"Lewis Brinson","Marlins","27","82","0","4","4","0","2.4 %","34.1 %",".066",".313",".197",".247",".263",".227","41","0.0","-6.1","3.0","-0.1","14352"
"Teoscar Hernandez","Blue Jays","44","161","4","15","18","3","8.1 %","29.8 %",".136",".260",".197",".261",".333",".255","56","0.1","-8.8","2.6","-0.1","13066"
"Michael A. Taylor","Nationals","34","68","0","4","1","2","10.3 %","41.2 %",".083",".406",".217",".299",".300",".268","61","0.6","-2.8","0.0","-0.1","11489"
"Ian Desmond","Rockies","58","207","6","26","24","1","8.7 %","28.0 %",".204",".317",".242",".314",".446",".322","84","-2.0","-6.2","-1.1","-0.1","6885"
"Matt Adams","Nationals","44","117","6","15","19","0","4.3 %","33.3 %",".225",".328",".252",".282",".477",".316","93","-0.1","-1.2","-3.5","-0.1","9393"
"Dawel Lugo","Tigers","19","60","1","4","7","0","1.7 %","16.7 %",".123",".277",".246",".267",".368",".268","64","-0.2","-2.9","-0.1","-0.1","14713"
"Steve Wilkerson","Orioles","39","142","5","15","15","1","5.6 %","31.7 %",".159",".293",".220",".275",".379",".281","73","-0.5","-5.3","-0.6","-0.1","16041"
"Joey Rickard","Orioles","42","135","2","10","6","3","10.4 %","24.4 %",".144",".265",".203",".304",".347",".284","75","0.3","-3.9","-1.9","-0.1","13277"
"Jackie Bradley Jr.","Red Sox","58","220","5","23","18","3","10.5 %","27.7 %",".138",".258",".196",".298",".333",".278","67","0.6","-8.5","-0.3","-0.1","12984"
"Manny Pina","Brewers","29","62","2","4","4","0","8.1 %","25.8 %",".145",".162",".145",".242",".291",".238","42","0.3","-4.3","1.2","-0.1","2829"
"Jose Ramirez","Indians","64","271","4","23","21","16","11.4 %","14.8 %",".097",".227",".203",".299",".301",".264","58","2.9","-11.2","0.6","-0.1","13510"
"Francisco Cervelli","Pirates","34","123","1","11","5","1","7.3 %","25.2 %",".055",".260",".193",".279",".248",".242","48","-0.4","-8.5","3.4","-0.1","5275"
"Erik Gonzalez","Pirates","16","59","0","2","2","3","10.2 %","22.0 %",".078",".289",".216",".298",".294",".241","48","0.5","-3.5","0.2","-0.1","13369"
"Cole Tucker","Pirates","38","120","2","11","9","0","5.8 %","28.3 %",".125",".263",".196",".244",".321",".240","47","0.5","-7.7","2.3","-0.2","17326"
"Jeimer Candelario","Tigers","42","177","2","18","9","2","11.3 %","28.2 %",".090",".250",".179",".277",".269",".246","49","1.5","-9.7","2.0","-0.2","13621"
"Mike Yastrzemski","Giants","14","58","1","8","5","0","6.9 %","27.6 %",".115",".306",".231",".293",".346",".277","72","0.0","-2.1","-1.4","-0.2","14854"
"Tyler Wade","Yankees","20","59","0","8","5","5","11.9 %","30.5 %",".000",".323",".204",".316",".204",".250","52","1.6","-2.0","-1.8","-0.2","15730"
"Ildemaro Vargas","Diamondbacks","41","109","2","14","9","1","4.6 %","13.8 %",".096",".287",".260",".294",".356",".281","70","0.2","-4.0","-1.2","-0.2","13324"
"Carlos Gonzalez","- - -","35","137","3","17","10","0","9.5 %","29.9 %",".091",".291",".215",".292",".306",".265","59","-0.8","-7.8","1.3","-0.2","7287"
"Jurickson Profar","Athletics","60","245","9","27","35","4","6.5 %","14.3 %",".170",".204",".205",".269",".375",".275","72","1.0","-7.7","-2.7","-0.2","10815"
"Ryon Healy","Mariners","47","187","7","24","26","0","7.0 %","21.4 %",".219",".262",".237",".289",".456",".310","98","-2.4","-2.9","-5.5","-0.2","15447"
"Brandon Crawford","Giants","61","232","5","22","19","2","9.9 %","23.3 %",".112",".255",".209",".289",".320",".265","64","-1.2","-11.8","2.5","-0.2","5343"
"Jesus Sucre","Orioles","21","67","0","3","3","0","6.0 %","19.4 %",".032",".265",".210",".269",".242",".232","40","-0.4","-5.5","1.2","-0.2","5942"
"Ty France","Padres","34","107","2","8","10","0","3.7 %","23.4 %",".122",".292",".235",".290",".357",".280","74","-2.5","-6.0","0.6","-0.2","17982"
"Jesse Winker","Reds","58","216","10","30","18","0","8.3 %","16.7 %",".201",".243",".237",".315",".438",".319","95","-3.8","-5.2","-3.7","-0.2","13590"
"Hanley Ramirez","Indians","16","57","2","4","8","0","14.0 %","29.8 %",".143",".233",".184",".298",".327",".279","68","-0.1","-2.4","-1.6","-0.2","8001"
"Austin Dean","Marlins","22","66","2","6","10","0","1.5 %","22.7 %",".172",".250",".219",".227",".391",".255","60","0.6","-2.8","-1.4","-0.2","18288"
"Welington Castillo","White Sox","30","109","4","5","11","0","9.2 %","25.7 %",".156",".219",".188",".284",".344",".277","72","-0.9","-4.7","-1.2","-0.2","3256"
"Jordy Mercer","Tigers","19","69","1","3","3","0","7.2 %","18.8 %",".111",".245",".206",".275",".317",".255","56","-0.2","-4.1","-0.6","-0.2","6547"
"Eloy Jimenez","White Sox","40","159","8","16","17","0","5.7 %","30.2 %",".195",".290",".235",".283",".430",".302","89","-0.1","-2.2","-5.5","-0.2","17484"
"Daniel Murphy","Rockies","40","149","5","15","32","0","8.1 %","16.1 %",".191",".269",".250",".309",".441",".317","81","-0.1","-3.7","-3.3","-0.2","4316"
"Elias Diaz","Pirates","34","120","1","12","16","0","4.2 %","15.8 %",".070",".326",".281",".308",".351",".285","77","-0.1","-3.7","-2.5","-0.2","11680"
"Robinson Cano","Mets","46","183","3","15","14","0","5.5 %","19.7 %",".128",".286",".238",".284",".366",".280","77","-0.4","-5.7","-2.5","-0.2","3269"
"Ian Kinsler","Padres","55","193","7","21","14","1","6.7 %","16.6 %",".174",".216",".208",".269",".382",".279","74","-2.7","-9.3","0.7","-0.2","6195"
"Jedd Gyorko","Cardinals","38","62","2","5","7","2","9.7 %","22.6 %",".107",".225",".196",".274",".304",".257","58","0.1","-3.3","-1.2","-0.2","10816"
"Odubel Herrera","Phillies","39","139","1","12","16","2","7.9 %","23.7 %",".119",".290",".222",".288",".341",".274","68","0.5","-5.3","-1.9","-0.3","11476"
"Steven Duggar","Giants","60","243","3","22","26","1","5.8 %","28.4 %",".107",".321",".236",".280",".342",".268","66","-1.2","-11.7","1.1","-0.3","17719"
"Justin Bour","Angels","30","112","4","10","14","0","11.6 %","27.7 %",".153",".190",".163",".268",".316",".260","62","0.1","-5.2","-1.6","-0.3","9744"
"Yangervis Solarte","Giants","28","78","1","9","7","0","5.1 %","20.5 %",".110",".250",".205",".247",".315",".237","46","-0.2","-5.6","0.2","-0.3","5352"
"Daniel Robertson","Rays","54","191","2","21","15","1","10.5 %","24.6 %",".084",".271",".204",".304",".287",".269","68","-2.4","-10.1","0.5","-0.3","14145"
"J.T. Riddle","Marlins","23","56","2","6","4","0","3.6 %","33.9 %",".154",".226",".173",".232",".327",".234","46","0.0","-3.9","-0.9","-0.3","17642"
"John Hicks","Tigers","34","122","3","9","9","1","4.9 %","28.7 %",".157",".282",".217",".254",".374",".266","63","-2.1","-7.8","0.6","-0.3","12547"
"Rosell Herrera","Marlins","57","107","2","10","11","4","7.5 %","22.4 %",".124",".268",".216",".290",".340",".273","71","0.8","-3.1","-3.5","-0.3","11611"
"A.J. Pollock","Dodgers","28","115","2","15","14","0","7.8 %","20.0 %",".107",".263",".223",".287",".330",".265","66","0.3","-4.8","-2.2","-0.3","9256"
"Erik Kratz","- - -","21","53","1","1","3","0","3.8 %","26.4 %",".102",".118",".102",".170",".204",".169","1","-0.3","-7.0","2.0","-0.3","4403"
"Nicky Lopez","Royals","23","100","0","9","4","1","6.0 %","16.0 %",".074",".256",".213",".260",".287",".240","45","0.0","-7.0","0.1","-0.3","19339"
"Tyler White","Astros","43","149","1","10","9","0","12.8 %","31.5 %",".071",".329",".220",".315",".291",".273","72","-0.4","-5.5","-3.1","-0.3","15564"
"Brendan Rodgers","Rockies","18","59","0","5","7","0","6.8 %","32.2 %",".036",".361",".236",".288",".273",".251","37","-0.5","-5.3","0.0","-0.3","17907"
"Mark Reynolds","Rockies","56","122","4","11","17","1","13.1 %","32.8 %",".176",".233",".176",".295",".353",".284","59","-0.5","-7.0","-0.4","-0.3","7619"
"Austin Romine","Yankees","26","90","1","8","11","0","1.1 %","22.2 %",".057",".254",".205",".213",".261",".204","21","0.7","-8.3","1.7","-0.3","5491"
"Nick Hundley","Athletics","31","73","2","5","5","0","2.7 %","24.7 %",".157",".240",".200",".233",".357",".250","55","-2.1","-6.3","0.3","-0.3","3376"
"Cam Gallagher","Royals","23","72","0","5","5","0","5.6 %","15.3 %",".015",".214",".182",".225",".197",".191","12","-0.8","-8.8","2.8","-0.3","12981"
"Willians Astudillo","Twins","33","121","2","16","11","0","1.7 %","4.1 %",".107",".239",".250",".273",".357",".267","62","-2.7","-8.5","0.7","-0.4","15608"
"Jonathan Davis","Blue Jays","17","51","1","3","2","1","3.9 %","25.5 %",".061",".171",".143",".176",".204",".168","-2","0.3","-6.3","0.9","-0.4","15104"
"Lucas Duda","Royals","18","56","2","3","8","0","16.1 %","23.2 %",".152",".188",".174",".304",".326",".273","67","-1.5","-3.8","-1.8","-0.4","2502"
"Mallex Smith","Mariners","48","201","3","24","16","16","8.5 %","28.4 %",".105",".287",".210",".284",".315",".264","67","4.4","-4.0","-6.8","-0.4","13608"
"Blake Swihart","- - -","42","97","4","13","13","0","6.2 %","35.1 %",".144",".212",".167",".227",".311",".234","39","0.4","-7.2","0.2","-0.4","13176"
"Isaac Galloway","Marlins","19","54","0","6","1","2","0.0 %","31.5 %",".019",".243",".167",".167",".185",".152","-8","0.9","-6.6","1.0","-0.4","5238"
"Raimel Tapia","Rockies","60","206","5","27","22","2","5.3 %","26.2 %",".190",".338",".262",".301",".451",".316","80","0.4","-4.8","-5.8","-0.4","14350"
"Maikel Franco","Phillies","62","229","9","26","31","0","9.6 %","12.2 %",".180",".200",".209",".284",".388",".264","62","-2.9","-14.2","2.8","-0.4","12179"
"Yuli Gurriel","Astros","61","258","4","30","29","2","4.7 %","10.1 %",".129",".264",".253",".283",".382",".281","78","-2.0","-9.2","-3.8","-0.4","19198"
"Rowdy Tellez","Blue Jays","54","195","9","19","25","0","5.6 %","28.7 %",".194",".267",".222",".277",".417",".292","81","-1.3","-5.9","-5.3","-0.4","15679"
"Leonys Martin","Indians","57","234","8","29","16","3","7.7 %","29.9 %",".144",".267",".206",".281",".349",".276","66","-0.2","-10.2","-2.3","-0.4","11846"
"Wilmer Difo","Nationals","39","134","2","14","7","0","9.0 %","20.1 %",".066",".283",".231",".301",".298",".258","55","-0.8","-8.5","-0.2","-0.4","14320"
"Mac Williamson","- - -","20","74","2","4","11","2","8.1 %","31.1 %",".104",".167",".134",".216",".239",".206","26","0.3","-6.7","-0.1","-0.4","14158"
"Johan Camargo","Braves","50","124","2","15","14","1","5.6 %","17.7 %",".120",".258",".222",".266",".342",".258","56","0.6","-6.5","-1.9","-0.4","14950"
"Francisco Mejia","Padres","19","58","0","2","3","0","3.4 %","31.0 %",".093",".243",".167",".207",".259",".201","22","-0.5","-6.3","0.0","-0.4","16403"
"Jason Kipnis","Indians","47","197","2","11","15","4","7.1 %","17.8 %",".089",".257",".218",".272",".307",".253","51","-0.2","-12.3","0.9","-0.5","9776"
"Jose Rondon","White Sox","32","94","2","8","5","0","4.3 %","28.7 %",".101",".283",".213",".255",".315",".248","53","-0.3","-5.9","-2.1","-0.5","14140"
"Jake Bauers","Indians","61","230","7","26","22","2","10.4 %","26.1 %",".143",".263",".212",".300",".355",".287","74","0.9","-6.7","-6.1","-0.5","15194"
"Nicky Delmonico","White Sox","21","68","1","6","6","0","5.9 %","36.8 %",".079",".324",".206",".265",".286",".244","50","-0.3","-4.5","-2.6","-0.5","13157"
"Billy McKinney","Blue Jays","41","153","3","17","9","0","5.9 %","22.2 %",".143",".269",".221",".272",".364",".272","68","-1.4","-7.5","-3.1","-0.5","15654"
"Grayson Greiner","Tigers","41","162","5","13","14","0","8.0 %","34.0 %",".122",".227",".170",".241",".293",".235","42","0.2","-11.5","0.6","-0.5","17062"
"Yasiel Puig","Reds","59","238","11","23","33","9","5.5 %","25.6 %",".171",".230",".207",".252",".378",".266","60","0.4","-11.9","-1.2","-0.5","14225"
"Daniel Descalso","Cubs","53","154","2","17","14","1","11.7 %","26.6 %",".097",".261",".194",".288",".291",".260","58","-1.9","-10.2","-0.2","-0.5","8392"
"Keon Broxton","- - -","48","103","3","11","7","7","5.8 %","43.7 %",".113",".265",".165",".214",".278",".214","31","1.0","-8.0","-1.0","-0.5","9253"
"Jung Ho Kang","Pirates","33","103","5","7","10","0","7.8 %","33.0 %",".189",".143",".137",".204",".326",".227","38","-0.8","-9.0","0.2","-0.5","17182"
"Nick Williams","Phillies","44","74","1","7","4","0","2.7 %","33.8 %",".071",".227",".157",".203",".229",".192","14","0.4","-7.8","-0.2","-0.6","14330"
"Eduardo Nunez","Red Sox","39","118","2","9","15","5","2.5 %","16.9 %",".080",".250",".221",".239",".301",".232","36","0.3","-9.2","-0.6","-0.6","6848"
"Juan Lagares","Mets","56","124","2","16","13","2","7.3 %","27.4 %",".090",".250",".189",".260",".279",".233","46","0.0","-8.6","-1.1","-0.6","5384"
"Josh Harrison","Tigers","36","146","1","10","8","4","4.1 %","17.8 %",".088",".207",".176",".219",".265",".211","26","-0.6","-14.2","3.2","-0.6","8202"
"Greg Allen","Indians","27","73","1","8","10","0","4.1 %","24.7 %",".154",".213",".169",".225",".323",".234","38","0.3","-5.4","-3.1","-0.6","16623"
"Richie Martin Jr.","Orioles","52","150","3","13","7","4","6.0 %","32.0 %",".131",".256",".182",".243",".314",".242","47","-1.2","-11.2","0.0","-0.6","17736"
"Scott Schebler","Reds","30","95","2","11","7","0","14.7 %","28.4 %",".099",".154",".123",".253",".222",".224","32","-1.3","-9.5","0.3","-0.6","12225"
"Curtis Granderson","Marlins","55","188","6","24","14","0","10.6 %","27.7 %",".171",".231",".189",".282",".360",".276","74","-4.5","-10.8","-1.6","-0.6","4747"
"Rougned Odor","Rangers","50","204","7","27","29","5","7.8 %","31.9 %",".156",".228",".177",".246",".333",".251","46","-0.8","-14.6","1.0","-0.6","12282"
"Chris Owings","Royals","41","145","2","9","9","4","5.5 %","37.9 %",".089",".205",".133",".193",".222",".186","8","0.7","-16.0","4.2","-0.7","10030"
"Starlin Castro","Marlins","63","267","4","19","27","1","4.9 %","15.0 %",".080",".257",".233",".266",".313",".250","56","-2.3","-17.3","1.8","-0.7","4579"
"Martin Prado","Marlins","49","160","1","16","12","0","3.8 %","13.8 %",".066",".267",".237",".263",".303",".244","53","-1.7","-11.4","-0.8","-0.7","3312"
"Kevin Pillar","- - -","64","247","6","26","28","6","2.8 %","16.2 %",".129",".230",".215",".243",".343",".245","51","1.8","-13.7","-1.7","-0.7","12434"
"Yonder Alonso","White Sox","58","226","7","22","26","0","11.9 %","22.1 %",".138",".206",".184",".283",".321",".264","64","-0.2","-10.5","-4.7","-0.7","2530"
"Travis Shaw","Brewers","44","170","4","14","9","0","12.4 %","31.8 %",".116",".236",".170",".282",".286",".253","52","-1.7","-12.1","-0.7","-0.7","11982"
"Cedric Mullins II","Orioles","22","74","0","7","4","1","5.4 %","18.9 %",".063",".118",".094",".181",".156",".160","-9","0.4","-9.7","-0.5","-0.8","17929"
"Chris Davis","Orioles","47","158","5","11","18","0","8.2 %","39.9 %",".140",".240",".161",".241",".301",".236","43","0.6","-10.8","-2.4","-0.8","9272"
"Matt Kemp","Reds","20","62","1","4","5","0","1.6 %","30.6 %",".083",".268",".200",".210",".283",".209","23","-0.3","-6.5","-3.2","-0.8","5631"
"Jesus Aguilar","Brewers","57","179","4","13","23","0","12.8 %","24.0 %",".114",".238",".195",".301",".309",".273","65","-2.1","-10.1","-3.7","-0.8","11342"
"Jeff Mathis","Rangers","36","109","1","10","4","0","8.3 %","27.5 %",".051",".203",".152",".220",".202",".193","7","0.2","-12.6","0.2","-0.8","3448"
"Isiah Kiner-Falefa","Rangers","38","121","1","15","13","1","8.3 %","27.3 %",".111",".324",".231",".308",".343",".286","70","0.9","-3.6","-9.1","-0.8","16512"
"Ryan O'Hearn","Royals","54","205","5","17","17","0","12.2 %","25.4 %",".135",".230",".185",".288",".320",".268","63","-1.6","-11.0","-4.7","-0.8","16442"
"Kendrys Morales","- - -","52","196","2","14","11","0","13.3 %","13.3 %",".055",".203",".182",".306",".236",".256","58","-1.5","-11.9","-3.7","-0.9","8610"
"Steve Pearce","Red Sox","29","99","1","9","9","0","7.1 %","31.3 %",".079",".259",".180",".245",".258",".225","31","-0.8","-9.4","-2.9","-0.9","9957"
"Zack Cozart","Angels","38","107","0","4","7","0","4.7 %","15.0 %",".021",".143",".124",".178",".144",".150","-12","0.2","-14.8","1.7","-0.9","2616"
"Garrett Hampson","Rockies","33","105","1","11","6","1","5.7 %","25.7 %",".072",".243",".186",".231",".258",".210","10","-0.1","-12.2","-1.3","-1.0","19262"
