level,pos,G,H,R,-1,2B,3B,AB,BB,CS,HR,PA,SB,SO,AVG,BsR,Def,Fld,HBP,OBP,OPS,Off,RBI,SLG,WAR,Name,Team,wOBA,wRC+,playerid
B,IF,143,152,70,,28,6,554,39,3,13,609,8,79,.274,1.9,1.5,-0.8,8,.328,.747,6.8,62,.419,2.8,Jeff McNeil,Mets,.322,107,15362
A,IF-OF,143,152,66,,31,3,561,29,4,7,604,10,70,.271,1.1,4.7,2.3,5,.311,.683,-6.4,56,.372,1.9,David Fletcher,Angels,.298,90,17992
B,OF,146,149,76,,30,4,581,45,6,17,640,17,108,.256,1.4,-2.1,-4.5,4,.312,.720,-2.2,62,.407,1.7,Cedric Mullins II,Orioles,.312,95,17929
A,C,113,89,46,,22,2,393,30,1,11,435,3,97,.227,-0.4,9.9,0.5,6,.289,.669,-9.1,46,.380,1.6,Josh Phegley,Athletics,.290,83,9308
B,OF,146,133,69,,23,1,531,52,1,28,594,2,152,.250,0.3,-10.7,-3.4,4,.319,.775,7.3,79,.456,1.6,Franmil Reyes,Padres,.331,110,14566
A,IF-OF,65,62,33,,12,1,236,22,1,12,267,3,60,.261,-0.1,-0.2,-1.3,5,.336,.808,5.9,37,.472,1.5,Jung Ho Kang,,.347,119,17182
B,IF,123,114,63,,20,1,436,44,1,21,493,2,111,.262,0.3,-10.6,0.3,6,.335,.794,9.0,66,.458,1.5,Luke Voit,Yankees,.341,115,14811
B,C,120,132,55,,24,2,454,15,3,13,481,7,30,.291,0.2,-5.7,-0.9,6,.320,.762,2.5,59,.442,1.3,Willians Astudillo,Twins,.327,104,15608
B,C,105,87,39,,18,1,373,27,1,8,408,2,89,.235,0.0,9.9,1.1,2,.288,.643,-11.0,40,.355,1.3,Michael Perez,Rays,.281,77,12977
B,C,93,77,33,,15,1,320,33,1,6,362,1,68,.240,0.0,9.1,1.3,3,.314,.663,-8.7,34,.349,1.2,Spencer Kieboom,Nationals,.294,80,13300
A,IF,138,121,67,,24,2,489,55,1,21,556,3,121,.248,0.2,-15.5,-0.2,6,.329,.763,8.5,72,.434,1.2,Tyler White,Astros,.330,112,15564
A,IF,125,114,43,,19,4,461,29,2,10,499,4,97,.247,-0.2,6.4,0.2,2,.292,.660,-11.5,47,.368,1.1,J.T. Riddle,Marlins,.286,82,17642
B,IF-OF,138,135,58,,25,5,520,24,6,15,554,11,110,.259,-0.2,0.0,-6.0,3,.293,.703,-7.6,62,.410,1.1,Ronny Rodriguez,Tigers,.302,89,11875
B,OF,120,117,46,,22,4,441,32,1,12,483,3,82,.266,0.4,-8.2,-1.8,4,.319,.730,1.6,51,.411,0.9,Austin Dean,Marlins,.317,102,18288
A,OF,109,97,46,,19,2,391,29,2,12,430,4,123,.248,0.3,-0.2,-1.8,4,.305,.702,-6.0,48,.397,0.8,Jake Cave,Twins,.303,88,14477
A,C,71,59,27,,12,1,253,16,1,8,278,2,61,.234,-0.8,6.8,0.9,4,.289,.675,-7.7,31,.386,0.8,Erik Kratz,Brewers,.293,80,4403
B,IF,49,43,22,,9,1,171,18,1,7,194,2,45,.251,0.2,-0.6,0.2,2,.326,.757,2.3,23,.431,0.8,Brandon Lowe,Rays,.328,109,18882
A,IF-OF,113,97,53,,21,1,403,54,2,16,466,3,119,.240,-0.4,-12.5,0.2,4,.333,.748,4.1,55,.415,0.7,Ji-Man Choi,Rays,.326,108,5452
A,C,46,40,20,,9,1,160,17,0,5,181,1,43,.247,0.0,1.6,-0.8,1,.321,.719,-1.2,20,.398,0.7,Mitch Garver,Twins,.313,94,15161
A,IF-OF,79,69,37,,16,1,286,25,1,11,321,2,77,.241,0.0,-4.3,-0.5,6,.311,.726,-0.3,37,.415,0.6,Mark Canha,Athletics,.313,99,11445
A,OF,117,105,55,,23,1,409,63,1,9,481,2,94,.258,-0.6,-13.1,-0.8,3,.358,.747,3.3,48,.389,0.6,Robbie Grossman,Twins,.331,107,5254
A,IF-OF,66,60,30,,14,1,233,26,2,4,266,5,53,.259,0.3,-0.7,-0.1,3,.339,.713,-2.0,26,.373,0.6,Brock Holt,Red Sox,.314,93,9345
B,C,83,66,30,,11,1,298,16,1,6,324,3,73,.222,0.0,7.4,0.5,5,.272,.597,-13.4,30,.325,0.5,Francisco Arcia,Angels,.263,65,10286
B,IF,50,45,19,,10,1,183,10,1,3,199,1,37,.245,-0.1,3.4,0.0,2,.291,.652,-5.0,20,.361,0.5,Kyle Farmer,Dodgers,.284,79,14813
B,OF,100,91,48,,17,3,375,45,1,5,431,3,95,.244,0.4,-5.0,-0.2,4,.330,.678,-4.1,34,.348,0.5,Nick Martini,Athletics,.302,91,12005
B,C,45,37,17,,6,0,157,12,0,4,173,1,37,.237,-0.1,4.1,0.3,2,.295,.650,-4.8,17,.355,0.5,Austin Wynns,Orioles,.285,77,15271
B,C,30,26,11,,6,0,106,8,0,2,116,1,20,.249,-0.1,2.5,0.0,1,.304,.665,-2.8,11,.361,0.4,Cam Gallagher,Royals,.291,80,12981
B,C,30,25,12,,5,0,107,10,0,3,119,1,29,.234,0.1,2.4,-0.1,1,.305,.668,-2.3,12,.363,0.4,Grayson Greiner,Tigers,.294,83,17062
V,C,75,56,24,,12,1,262,21,1,5,289,1,84,.215,-0.7,8.7,2.5,2,.277,.599,-13.9,25,.322,0.4,Jeff Mathis,,.263,62,3448
A,C,60,48,22,,10,1,214,16,0,6,235,1,57,.225,0.1,4.5,-0.5,1,.281,.643,-8.3,24,.361,0.4,John Ryan Murphy,Diamondbacks,.279,71,10346
A,OF,107,90,46,,20,1,387,35,3,12,432,8,117,.232,0.0,-2.9,-4.1,3,.300,.682,-8.1,44,.383,0.3,Brian Goodwin,Royals,.297,84,12858
V,OF,32,27,17,,6,0,116,18,0,5,136,1,31,.231,0.0,-2.3,-0.7,1,.335,.742,0.5,15,.407,0.3,Matt Joyce,,.324,103,3353
B,OF,58,53,26,,10,2,211,21,2,6,237,4,46,.251,-0.2,-3.8,0.0,2,.322,.730,-0.4,26,.409,0.3,Jordan Luplow,Pirates,.317,99,16424
A,C,15,12,6,,2,0,53,6,0,2,60,0,12,.231,-0.1,1.1,-0.2,1,.312,.723,-0.4,7,.411,0.3,Devin Mesoraco,,.313,95,5666
B,IF-OF,41,31,17,,6,1,140,20,1,4,164,2,45,.220,0.1,-0.3,-0.1,1,.320,.675,-2.3,15,.354,0.3,Max Moroff,Pirates,.299,88,14556
B,IF-OF,143,121,64,,25,2,514,54,1,22,579,2,158,.234,-0.3,-13.5,-1.4,3,.309,.729,-2.7,69,.420,0.3,Ryan O'Hearn,Royals,.315,97,16442
A,OF,105,96,45,,20,1,388,35,3,8,433,7,92,.246,1.0,-5.2,-1.0,4,.313,.682,-6.2,40,.369,0.3,Joey Rickard,Orioles,.298,86,13277
B,C,38,28,14,,6,1,131,15,0,2,149,1,40,.212,0.0,3.3,0.1,1,.297,.601,-5.5,12,.304,0.3,Beau Taylor,Athletics,.269,69,12384
B,C,15,12,6,,3,0,52,4,0,1,58,0,12,.237,0.0,1.2,-0.1,1,.296,.648,-1.3,5,.352,0.2,David Freitas,Mariners,.284,82,10619
A,OF,40,38,16,,8,1,151,12,2,2,166,4,32,.253,0.2,0.0,0.6,1,.310,.668,-3.5,15,.358,0.2,Rosell Herrera,Royals,.293,81,11611
A,C,15,12,6,,3,0,53,5,0,1,60,0,14,.234,-0.1,1.3,0.0,1,.308,.667,-1.3,6,.359,0.2,Ryan Lavarnway,,.294,83,8879
A,IF-OF,45,43,19,,10,1,163,11,1,5,177,2,33,.267,0.0,-4.0,-0.2,1,.314,.741,0.1,21,.427,0.2,Jose Osuna,Pirates,.319,101,12937
A,C,18,15,7,,3,0,63,5,0,2,70,1,14,.244,0.0,2.0,0.5,1,.301,.676,-2.0,7,.375,0.2,Carlos Perez,Rangers,.295,77,10642
B,OF,25,25,11,,5,1,95,7,1,2,105,3,19,.261,0.1,-1.1,0.2,1,.317,.714,-0.6,11,.398,0.2,Pablo Reyes,Pirates,.310,95,16357
B,IF,28,25,10,,4,1,97,8,1,1,107,2,12,.260,0.0,0.0,-0.9,1,.317,.674,-1.9,10,.357,0.2,Breyvic Valera,Orioles,.297,85,12758
B,IF-OF,21,19,8,,3,1,78,4,1,1,84,2,17,.241,0.1,0.4,0.1,1,.286,.645,-2.3,8,.360,0.1,Abiatal Avelino,Giants,.280,76,15496
V,IF,16,14,7,,3,0,59,5,0,1,65,1,12,.238,-0.1,-0.1,-0.4,1,.306,.668,-1.5,6,.361,0.1,Gordon Beckham,,.294,83,9015
B,IF,26,23,11,,4,1,95,8,1,3,105,1,26,.246,0.1,-1.2,-0.4,1,.309,.717,-0.9,12,.407,0.1,David Bote,Cubs,.309,93,14593
B,C,15,12,6,,2,0,54,3,0,2,58,1,14,.220,0.0,1.4,0.2,0,.262,.624,-2.1,6,.362,0.1,Jose Briceno,Angels,.270,71,13151
A,C,30,23,11,,5,0,105,8,0,3,116,1,29,.218,-0.1,2.1,-0.4,1,.279,.622,-4.5,11,.343,0.1,Drew Butera,,.273,69,3411
B,IF-OF,49,45,18,,10,1,178,14,0,5,196,1,42,.254,0.0,-4.3,0.4,2,.312,.706,-1.1,20,.394,0.1,Garrett Cooper,Marlins,.306,95,15279
A,IF-OF,32,25,12,,5,0,110,12,1,3,125,2,30,.228,0.1,0.1,-0.4,1,.308,.662,-3.0,12,.354,0.1,Ryan Flaherty,,.289,79,7888
B,OF,28,22,12,,4,0,98,8,1,3,110,3,30,.226,0.1,-0.7,0.1,2,.296,.652,-2.3,11,.355,0.1,Michael Hermosillo,Angels,.286,82,16285
B,C,8,6,3,,1,0,27,2,0,1,29,0,7,.217,0.0,0.5,-0.1,0,.276,.652,-0.9,3,.376,0.1,Kyle Higashioka,Yankees,.283,75,5517
B,IF-OF,10,10,4,,2,0,36,3,0,1,39,0,5,.268,0.0,-0.3,-0.4,0,.317,.704,-0.4,4,.387,0.1,Corban Joseph,Orioles,.307,92,5503
B,IF-OF,26,23,10,,5,0,93,6,1,2,102,2,25,.252,0.1,-0.5,-0.5,1,.305,.685,-1.5,10,.380,0.1,Kevin Kramer,Pirates,.298,87,17689
A,C,15,12,5,,2,0,52,5,0,1,58,0,14,.223,-0.1,1.1,-0.2,0,.298,.656,-1.7,6,.357,0.1,Jose Lobaton,,.287,78,4243
A,IF-OF,97,84,47,,14,2,366,32,1,20,405,3,128,.230,-0.1,-10.8,-0.6,2,.293,.735,-1.1,55,.442,0.1,Daniel Palka,White Sox,.313,98,14897
B,OF,8,7,4,,1,0,27,4,0,1,32,1,9,.250,0.0,-0.2,0.2,0,.342,.732,0.0,3,.390,0.1,Michael Reed,Twins,.322,100,13228
B,IF-OF,16,15,7,,3,0,62,3,1,2,67,1,16,.241,0.0,0.4,0.0,0,.283,.674,-1.4,7,.391,0.1,Jose Rondon,White Sox,.291,83,14140
B,C,8,7,3,,2,0,28,2,0,0,30,0,6,.250,0.0,0.6,0.0,0,.296,.655,-0.8,3,.359,0.1,Jacob Stallings,Pirates,.285,78,13723
A,C,30,25,10,,4,1,107,9,0,1,118,1,19,.234,-0.2,1.5,-1.0,1,.297,.618,-4.6,10,.321,0.1,Chris Stewart,,.274,69,3878
B,C,23,16,7,,4,0,80,7,0,2,90,0,27,.204,0.1,1.8,0.0,1,.276,.598,-3.5,8,.321,0.1,Chad Wallach,Marlins,.265,68,17161
A,IF-OF,0,0,0,,0,0,1,0,0,0,1,0,0,.248,0.0,0.0,0.0,0,.296,.671,0.0,0,.375,0.0,Jim Adduci,,.292,81,6448
B,IF,6,7,3,,1,0,25,1,0,0,26,0,3,.276,0.0,0.2,0.1,0,.303,.689,-0.7,3,.386,0.0,Hanser Alberto,Rangers,.298,79,11902
A,OF,0,0,0,,0,0,1,0,0,0,1,0,0,.237,0.0,0.0,0.0,0,.311,.686,0.0,0,.375,0.0,Abraham Almonte,,.300,87,5486
V,IF,0,0,0,,0,0,1,0,0,0,1,0,0,.234,0.0,0.0,0.0,0,.297,.731,0.0,0,.434,0.0,Pedro Alvarez,,.314,96,2495
B,OF,5,3,2,,1,0,17,2,0,0,19,1,6,.206,0.0,-0.1,-0.1,0,.295,.594,-0.6,2,.299,0.0,John Andreoli,Mariners,.268,71,13012
A,OF,0,0,0,,0,0,1,0,0,0,1,0,0,.220,0.0,0.0,0.0,0,.277,.615,0.0,0,.338,0.0,Brandon Barnes,Indians,.270,63,629
B,C,0,0,0,,0,0,1,0,0,0,1,0,0,.213,0.0,0.0,0.0,0,.274,.566,-0.1,0,.292,0.0,Steven Baron,Cardinals,.253,57,9787
B,OF,0,0,0,,0,0,1,0,0,0,1,0,0,.233,0.0,0.0,0.0,0,.280,.598,0.0,0,.318,0.0,Rafael Bautista,Astros,.264,67,15769
B,IF,0,0,0,,0,0,1,0,0,0,1,0,0,.234,0.0,0.0,0.0,0,.297,.640,0.0,0,.343,0.0,Jon Berti,Blue Jays,.282,76,12037
A,OF,10,7,5,,1,0,33,5,0,2,39,1,14,.204,0.0,-0.8,-0.3,1,.307,.699,-0.2,5,.391,0.0,Jabari Blash,Angels,.307,95,11247
B,IF-OF,0,0,0,,0,0,1,0,0,0,1,0,0,.240,0.0,0.0,0.0,0,.296,.642,0.0,0,.346,0.0,Christopher Bostick,Marlins,.282,79,13718
A,OF,0,0,0,,0,0,1,0,0,0,1,0,0,.236,0.0,0.0,0.0,0,.285,.662,0.0,0,.377,0.0,Peter Bourjos,Giants,.286,80,2578
B,C,0,0,0,,0,0,1,0,0,0,1,0,0,.235,0.0,0.0,0.0,0,.308,.656,0.0,0,.348,0.0,Dan Butler,Red Sox,.290,77,9968
B,IF-OF,0,0,0,,0,0,1,0,0,0,1,0,0,.253,0.0,0.0,0.0,0,.290,.627,0.0,0,.337,0.0,Daniel Castro,,.273,68,15450
B,IF-OF,0,0,0,,0,0,1,0,0,0,1,0,0,.248,0.0,0.0,0.0,0,.274,.594,0.0,0,.320,0.0,Harold Castro,Tigers,.260,60,14691
A,C,0,0,0,,0,0,1,0,0,0,1,0,0,.235,0.0,0.0,0.0,0,.282,.608,0.0,0,.326,0.0,Juan Centeno,,.267,65,7168
B,OF,8,7,4,,1,0,30,3,0,1,34,1,8,.231,0.0,-0.2,-0.1,1,.302,.654,-0.8,3,.353,0.0,Jonathan Davis,Blue Jays,.289,80,15104
B,IF-OF,3,3,1,,1,0,11,1,0,0,12,0,2,.243,0.0,0.2,0.0,0,.304,.651,-0.3,1,.347,0.0,Taylor Davis,Cubs,.287,77,12782
A,OF,0,0,0,,0,0,1,0,0,0,1,0,0,.212,0.0,0.0,0.0,0,.272,.619,0.0,0,.347,0.0,Matt den Dekker,,.270,67,11385
A,C,0,0,0,,0,0,1,0,0,0,1,0,0,.236,0.0,0.0,0.0,0,.294,.667,0.0,0,.374,0.0,Tim Federowicz,,.290,80,8609
B,OF,13,11,5,,3,0,46,3,0,1,50,1,13,.231,0.0,-0.6,-0.2,0,.275,.658,-1.4,6,.382,0.0,Johnny Field,Cubs,.284,76,15048
A,IF,5,4,2,,1,0,17,1,0,0,19,0,6,.213,0.0,0.1,-0.1,0,.277,.603,-0.8,2,.326,0.0,Pedro Florimon,Phillies,.266,64,8385
B,IF,0,0,0,,0,0,1,0,0,0,1,0,0,.208,0.0,0.0,0.0,0,.308,.624,0.0,0,.316,0.0,Nolan Fontana,,.281,74,13267
B,IF-OF,2,1,1,,0,0,6,0,0,0,6,0,2,.233,0.0,0.0,0.0,0,.291,.606,-0.3,1,.315,0.0,Mike Freeman,Cubs,.268,65,11241
B,C,5,4,1,,1,0,17,1,0,0,18,0,4,.224,0.0,0.3,0.0,0,.265,.567,-1.0,1,.302,0.0,Rocky Gale,Dodgers,.250,57,10533
B,C,0,0,0,,0,0,1,0,0,0,1,0,0,.204,0.0,0.0,0.0,0,.274,.622,0.0,0,.348,0.0,Dustin Garneau,White Sox,.273,71,9433
A,OF,0,0,0,,0,0,1,0,0,0,1,0,0,.231,0.0,0.0,0.0,0,.292,.614,0.0,0,.322,0.0,Craig Gentry,,.272,68,9571
B,OF,15,12,6,,2,0,54,4,0,2,59,1,18,.222,0.0,-0.3,-0.1,0,.278,.644,-1.8,6,.366,0.0,Mike Gerber,Tigers,.280,74,16115
B,IF,0,0,0,,0,0,1,0,0,0,1,0,0,.264,0.0,0.0,0.0,0,.286,.657,0.0,0,.371,0.0,Miguel Gomez,Giants,.284,78,17075
V,IF,0,0,0,,0,0,1,0,0,0,1,0,0,.258,0.0,0.0,0.0,0,.323,.737,0.0,0,.415,0.0,Adrian Gonzalez,,.317,98,1908
B,C,0,0,0,,0,0,1,0,0,0,1,0,0,.215,0.0,0.0,0.0,0,.282,.581,0.0,0,.299,0.0,Alfredo Gonzalez,White Sox,.260,62,14267
B,IF-OF,0,0,0,,0,0,1,0,0,0,1,0,0,.205,0.0,0.0,0.0,0,.269,.545,-0.1,0,.276,0.0,Terrance Gore,Cubs,.245,50,13658
A,IF,0,0,0,,0,0,1,0,0,0,1,0,0,.243,0.0,0.0,0.0,0,.297,.640,0.0,0,.343,0.0,Phil Gosselin,,.281,74,10953
B,C,3,3,1,,1,0,11,0,0,0,12,0,2,.248,0.0,0.3,0.0,0,.283,.618,-0.5,1,.336,0.0,Juan Graterol,Reds,.271,65,5398
B,OF,0,0,0,,0,0,1,0,0,0,1,0,0,.244,0.0,0.0,0.0,0,.285,.678,0.0,0,.393,0.0,Gabriel Guerrero,Reds,.292,79,14528
B,IF-OF,40,35,13,,6,0,140,13,1,1,157,1,21,.252,0.1,-1.8,-0.9,1,.319,.650,-2.7,13,.331,0.0,Luis Guillorme,Mets,.290,85,16451
B,C,8,6,3,,1,0,27,2,0,1,30,0,10,.203,0.0,0.5,-0.1,0,.261,.629,-1.2,3,.369,0.0,Eric Haase,Indians,.273,65,14111
A,C,0,0,0,,0,0,1,0,0,0,1,0,0,.231,0.0,0.0,0.0,0,.283,.630,0.0,0,.347,0.0,Bryan Holaday,Marlins,.274,74,11287
B,C,0,0,0,,0,0,1,0,0,0,1,0,0,.211,0.0,0.0,0.0,0,.279,.599,0.0,0,.320,0.0,Joe Hudson,Angels,.265,67,14412
B,IF,0,0,0,,0,0,1,0,0,0,1,0,0,.202,0.0,0.0,0.0,0,.287,.584,0.0,0,.297,0.0,Sherman Johnson,Angels,.263,66,13906
B,OF,0,0,0,,0,0,1,0,0,0,1,0,0,.223,0.0,0.0,0.0,0,.293,.606,0.0,0,.314,0.0,Kevin Kaczmarski,Mets,.270,72,18146
B,IF-OF,0,0,0,,0,0,1,0,0,0,1,0,0,.220,0.0,0.0,0.0,0,.294,.614,0.0,0,.320,0.0,Ty Kelly,,.274,69,7740
B,OF,0,0,0,,0,0,1,0,0,0,1,0,0,.227,0.0,0.0,0.0,0,.285,.671,0.0,0,.386,0.0,Patrick Kivlehan,,.290,80,13910
A,IF,0,0,0,,0,0,1,0,0,0,1,0,0,.210,0.0,0.0,0.0,0,.260,.555,-0.1,0,.294,0.0,Pete Kozma,,.246,50,2539
B,OF,0,0,0,,0,0,1,0,0,0,1,0,0,.226,0.0,0.0,0.0,0,.286,.621,0.0,0,.334,0.0,Ryan LaMarre,White Sox,.274,71,10700
B,OF,8,7,3,,1,0,29,2,0,0,32,1,6,.238,0.0,-0.4,0.0,0,.301,.611,-1.1,2,.310,0.0,Braxton Lee,Marlins,.272,72,16839
B,IF,3,3,1,,1,0,12,1,0,0,13,0,3,.253,0.0,0.1,0.0,0,.311,.677,-0.3,1,.366,0.0,Tzu-Wei Lin,Red Sox,.296,81,14678
B,OF,5,4,2,,1,0,18,1,0,0,20,1,3,.243,0.0,0.1,0.0,1,.301,.641,-0.5,2,.340,0.0,Tim Locastro,Dodgers,.284,79,15124
B,C,44,34,16,,6,0,158,15,0,5,177,1,54,.212,0.0,1.9,-0.4,1,.282,.624,-7.5,17,.343,0.0,Raffy Lopez,Braves,.271,66,12606
A,IF,0,0,0,,0,0,1,0,0,0,1,0,0,.207,0.0,0.0,0.0,0,.259,.565,-0.1,0,.306,0.0,Deven Marrero,Diamondbacks,.250,51,13325
V,IF-OF,0,0,0,,0,0,1,0,0,0,1,0,0,.259,0.0,0.0,0.0,0,.314,.701,0.0,0,.387,0.0,Victor Martinez,,.303,89,393
A,C,15,12,5,,2,0,54,3,0,1,59,0,17,.218,-0.1,1.3,0.1,0,.269,.603,-2.7,6,.334,0.0,Adam Moore,,.264,63,9362
A,IF-OF,0,0,0,,0,0,1,0,0,0,1,0,0,.220,0.0,0.0,0.0,0,.288,.647,0.0,0,.359,0.0,Taylor Motter,,.283,76,12399
A,IF-OF,0,0,0,,0,0,1,0,0,0,1,0,0,.243,0.0,0.0,0.0,0,.312,.656,0.0,0,.344,0.0,Efren Navarro,,.288,79,9854
B,IF-OF,3,2,1,,0,0,11,1,0,0,13,0,5,.178,0.0,0.0,0.0,0,.253,.528,-0.8,1,.275,0.0,Gift Ngoepe,Blue Jays,.238,45,10340
B,C,8,6,2,,1,0,28,1,0,1,30,0,6,.231,0.0,0.5,-0.1,0,.271,.620,-1.0,3,.349,0.0,Tomas Nido,Mets,.270,72,13755
B,IF-OF,0,0,0,,0,0,1,0,0,0,1,0,0,.233,0.0,0.0,0.0,0,.310,.636,0.0,0,.327,0.0,Nate Orf,Brewers,.283,73,15407
A,OF,0,0,0,,0,0,1,0,0,0,1,0,0,.258,0.0,0.0,0.0,0,.321,.682,0.0,0,.361,0.0,Rafael Ortega,,.300,87,10323
V,IF-OF,0,0,0,,0,0,1,0,0,0,1,0,0,.215,0.0,0.0,0.0,0,.289,.586,-0.1,0,.297,0.0,Cliff Pennington,Rangers,.263,55,3395
A,IF,16,13,6,,3,0,56,8,1,1,65,2,14,.230,0.0,-0.6,-0.8,1,.324,.663,-1.2,5,.339,0.0,Jace Peterson,,.296,84,12325
A,IF-OF,0,0,0,,0,0,1,0,0,0,1,0,0,.242,0.0,0.0,0.0,0,.283,.616,0.0,0,.333,0.0,Gregorio Petit,,.270,67,3812
V,IF,0,0,0,,0,0,1,0,0,0,1,0,0,.218,0.0,0.0,0.0,0,.294,.673,0.0,0,.378,0.0,Trevor Plouffe,,.294,83,7462
A,IF-OF,0,0,0,,0,0,1,0,0,0,1,0,0,.242,0.0,0.0,0.0,0,.317,.666,0.0,0,.349,0.0,Rob Refsnyder,Rays,.294,87,13770
B,IF-OF,11,9,4,,2,0,41,3,0,0,45,1,10,.222,0.0,0.3,0.0,0,.282,.581,-1.9,3,.299,0.0,Jack Reinheimer,Mets,.259,64,14938
B,IF-OF,0,0,0,,0,0,1,0,0,0,1,0,0,.264,0.0,0.0,0.0,0,.311,.668,0.0,0,.357,0.0,Tony Renda,Red Sox,.293,78,13443
B,IF-OF,37,36,14,,6,1,138,6,2,2,146,4,26,.259,0.2,-0.3,-0.1,1,.292,.651,-4.1,14,.359,0.0,Victor Reyes,Tigers,.283,76,15487
B,IF-OF,3,3,1,,1,0,11,1,0,0,13,0,3,.245,0.0,0.0,-0.1,0,.310,.658,-0.3,1,.348,0.0,Matt Reynolds,Nationals,.290,78,13788
B,OF,16,12,7,,2,0,55,7,1,2,63,1,22,.213,0.0,-0.5,-0.2,0,.301,.673,-1.6,7,.371,0.0,Drew Robinson,Rangers,.296,77,11761
A,OF,0,0,0,,0,0,1,0,0,0,1,0,0,.247,0.0,0.0,0.0,0,.297,.637,0.0,0,.340,0.0,Shane Robinson,,.280,73,4249
V,IF,0,0,0,,0,0,1,0,0,0,1,0,0,.202,0.0,0.0,0.0,0,.284,.643,0.0,0,.359,0.0,Sean Rodriguez,,.281,74,6589
A,IF-OF,16,13,6,,3,0,58,4,0,2,64,1,18,.222,0.0,0.1,-0.2,1,.280,.649,-2.0,7,.369,0.0,Adam Rosales,,.282,74,9682
V,C,15,9,5,,2,0,52,6,0,1,59,0,22,.177,0.0,0.8,-0.4,0,.268,.572,-3.1,5,.305,0.0,Jarrod Saltalamacchia,,.257,58,5557
A,OF,0,0,0,,0,0,1,0,0,0,1,0,0,.251,0.0,0.0,0.0,0,.310,.666,0.0,0,.357,0.0,J.B. Shuck,,.292,81,6677
A,OF,0,0,0,,0,0,1,0,0,0,1,0,0,.249,0.0,0.0,0.0,0,.308,.683,0.0,0,.374,0.0,Moises Sierra,,.299,86,6050
B,IF-OF,0,0,0,,0,0,1,0,0,0,1,0,0,.206,0.0,0.0,0.0,0,.292,.655,0.0,0,.363,0.0,Matt Skole,White Sox,.288,81,12119
B,OF,13,12,6,,3,0,47,5,0,1,52,1,10,.248,0.0,-1.0,-0.4,0,.319,.703,-0.4,5,.385,0.0,Dwight Smith Jr.,Blue Jays,.308,93,13473
A,OF,0,0,0,,0,0,1,0,0,0,1,0,0,.230,0.0,0.0,0.0,0,.296,.677,0.0,0,.381,0.0,Jake Smolinski,,.295,84,5408
B,IF-OF,0,0,0,,0,0,1,0,0,0,1,0,0,.222,0.0,0.0,0.0,0,.288,.672,0.0,0,.384,0.0,Brandon Snyder,,.292,81,9856
B,OF,2,1,1,,0,0,6,1,0,0,7,0,1,.252,0.0,-0.1,0.0,0,.328,.665,-0.1,1,.337,0.0,Myles Straw,Astros,.296,89,17620
B,IF-OF,0,0,0,,0,0,1,0,0,0,1,0,0,.215,0.0,0.0,0.0,0,.281,.616,0.0,0,.335,0.0,Darnell Sweeney,,.271,67,13284
B,OF,26,25,11,,5,1,92,9,1,2,103,3,20,.267,0.0,-1.7,-0.3,1,.331,.733,-2.0,11,.402,0.0,Mike Tauchman,Rockies,.319,83,15274
B,IF-OF,0,0,0,,0,0,1,0,0,0,1,0,0,.256,0.0,0.0,0.0,0,.303,.656,0.0,0,.353,0.0,Tomas Telis,Marlins,.284,81,10067
B,IF,5,5,2,,1,0,18,2,0,1,20,0,4,.255,0.0,-0.4,0.0,0,.316,.744,0.1,2,.428,0.0,Rowdy Tellez,Blue Jays,.320,101,15679
B,OF,15,13,6,,2,0,53,3,0,1,57,1,12,.247,0.1,0.2,-0.1,1,.296,.632,-2.3,5,.336,0.0,Carlos Tocci,Rangers,.278,65,14558
A,IF,0,0,0,,0,0,1,0,0,0,1,0,0,.246,0.0,0.0,0.0,0,.309,.619,0.0,0,.309,0.0,Kelby Tomlinson,Giants,.276,73,13005
B,IF-OF,3,3,1,,1,0,12,1,0,0,13,0,3,.225,0.0,0.1,0.0,0,.289,.585,-0.7,1,.297,0.0,Blake Trahan,Reds,.261,58,17588
A,IF,0,0,0,,0,0,1,0,0,0,1,0,0,.248,0.0,0.0,0.0,0,.289,.665,0.0,0,.376,0.0,Giovanny Urshela,Yankees,.288,79,10681
B,IF-OF,6,6,2,,1,0,24,1,0,0,26,0,3,.266,0.0,0.0,-0.2,0,.306,.680,-0.6,3,.374,0.0,Ildemaro Vargas,Diamondbacks,.296,82,13324
B,IF-OF,3,3,1,,0,0,12,1,0,0,13,0,4,.224,0.0,0.0,-0.1,0,.275,.615,-0.5,1,.339,0.0,Andrew Velazquez,Rays,.269,69,14196
B,C,3,3,1,,1,0,11,1,0,0,12,0,3,.244,0.0,0.3,0.0,0,.294,.653,-0.3,1,.360,0.0,Meibrys Viloria,Royals,.286,77,17109
B,IF,0,0,0,,0,0,1,0,0,0,1,0,0,.235,0.0,0.0,0.0,0,.287,.608,0.0,0,.321,0.0,Zach Vincej,,.269,66,13269
B,IF,13,9,5,,2,0,45,6,0,2,52,0,19,.202,0.0,-0.4,0.0,1,.294,.655,-1.3,5,.361,0.0,Mitch Walding,Phillies,.289,80,13006
B,IF-OF,31,26,11,,5,0,111,8,1,2,122,2,30,.234,0.0,0.2,-0.3,1,.290,.621,-4.4,10,.331,0.0,Steve Wilkerson,Orioles,.274,70,16041
A,C,30,21,10,,4,0,104,8,0,2,114,1,30,.206,-0.3,2.5,0.0,1,.263,.582,-6.1,11,.318,0.0,Bobby Wilson,,.256,57,6564
B,OF,6,5,3,,1,0,22,3,0,1,25,0,7,.225,0.0,-0.3,0.0,0,.328,.678,-0.4,2,.350,0.0,Mark Zagunis,Cubs,.303,88,16565
A,IF-OF,0,0,0,,0,0,1,0,0,0,1,0,0,.228,0.0,0.0,0.0,0,.289,.629,0.0,0,.341,0.0,Chase d'Arnaud,,.276,71,6652
V,IF,138,100,63,,17,1,496,62,1,26,571,2,204,.202,-0.2,-11.8,0.0,6,.297,.694,-8.1,69,.397,-0.1,Chris Davis,Orioles,.302,88,9272
B,IF-OF,17,14,6,,3,0,59,4,0,1,65,1,13,.229,0.0,-0.8,-0.2,1,.284,.629,-1.9,6,.346,-0.1,Phillip Evans,Mets,.276,76,12950
V,OF,49,42,22,,9,0,178,21,0,6,203,1,51,.236,-0.9,-5.9,-3.5,2,.321,.718,-1.9,23,.397,-0.1,Matt Holliday,,.314,96,1873
B,OF,16,14,6,,2,0,58,4,1,1,64,2,15,.246,0.1,-0.7,0.2,0,.301,.641,-2.0,6,.340,-0.1,Andrew Stevenson,Nationals,.283,73,17932
A,C,49,41,21,,9,1,176,16,1,4,195,3,50,.235,0.3,-1.6,-0.2,1,.299,.653,-5.7,20,.353,-0.1,Blake Swihart,Red Sox,.287,74,13176
B,IF-OF,21,19,8,,4,0,79,4,1,1,84,2,14,.243,0.0,0.0,-0.8,0,.283,.616,-3.4,7,.334,-0.1,Ramon Torres,Royals,.270,66,14113
B,IF-OF,10,8,3,,1,0,36,2,0,0,39,1,8,.223,0.0,0.1,-0.1,0,.275,.562,-2.2,3,.287,-0.1,Engelb Vielma,Orioles,.251,54,15481
B,IF,23,18,9,,4,0,82,7,0,3,91,1,29,.218,0.1,-1.3,0.0,1,.281,.658,-2.2,10,.377,-0.1,Patrick Wisdom,Cardinals,.286,79,13602
V,OF,49,38,20,,8,1,172,17,1,6,194,2,49,.223,0.0,-4.8,-2.4,2,.300,.695,-2.7,22,.394,-0.1,Chris Young,,.303,89,3882
A,OF,40,33,15,,6,1,143,11,2,2,159,5,36,.231,0.4,-1.2,-1.9,2,.292,.626,-5.2,14,.334,-0.1,Eric Young Jr.,,.277,71,7158
B,IF-OF,28,24,11,,5,0,103,7,1,3,112,2,35,.229,0.1,-1.7,0.1,1,.279,.663,-3.3,12,.384,-0.2,Brandon Dixon,Reds,.287,75,15214
A,IF-OF,34,26,13,,5,1,127,9,1,3,140,2,43,.206,0.0,-0.2,-1.0,2,.265,.581,-6.2,12,.316,-0.2,Kristopher Negron,Mariners,.257,63,5306
B,OF,51,42,18,,8,1,186,12,3,4,203,7,54,.225,0.3,-2.1,0.6,2,.276,.618,-6.8,18,.342,-0.3,Isaac Galloway,Marlins,.271,71,5238
B,OF,83,83,34,,14,3,304,16,2,6,327,6,62,.275,0.1,-5.1,-0.4,3,.315,.720,-8.7,36,.405,-0.4,Noel Cuevas,Rockies,.310,78,11894
B,IF-OF,25,18,7,,3,0,90,7,1,1,99,1,29,.200,0.0,-1.0,-0.3,1,.260,.539,-6.1,7,.280,-0.4,Yadiel Rivera,Marlins,.237,49,11863
A,IF-OF,50,41,21,,7,1,180,14,1,6,199,4,64,.225,0.2,-4.1,0.2,2,.285,.657,-6.7,21,.372,-0.4,Ryan Rua,Rangers,.286,71,12409
B,IF-OF,49,45,17,,9,1,183,9,2,2,196,4,36,.247,0.3,-1.9,-0.6,2,.285,.627,-7.9,18,.342,-0.4,Adrian Sanchez,Nationals,.273,66,11338
A,IF-OF,93,80,34,,16,2,338,22,2,8,368,5,88,.236,0.4,-5.2,-1.5,3,.286,.647,-13.0,36,.361,-0.7,Charlie Culberson,Braves,.278,70,3298
B,IF-OF,105,76,42,,16,1,390,34,1,18,432,1,155,.196,-0.1,-7.9,0.6,3,.264,.643,-12.8,49,.379,-0.7,Peter O'Brien,Marlins,.277,76,13288
