"Name","Team","G","PA","HR","R","RBI","SB","BB%","K%","ISO","BABIP","AVG","OBP","SLG","wOBA","xwOBA","wRC+","BsR","Off","Def","WAR","playerid"
"Trea Turner","- - -","148","646","28","107","77","32","6.3%","17.0%",".208",".362",".328",".375",".536",".386",".362","142","5.0","39.5","7.6","6.9","16252"
"Vladimir Guerrero Jr.","TOR","161","698","48","123","111","4","12.3%","15.8%",".290",".313",".311",".401",".601",".419",".416","166","-2.1","54.1","-11.1","6.7","19611"
"Bryce Harper","PHI","141","599","35","101","84","13","16.7%","22.4%",".305",".359",".309",".429",".615",".431",".430","170","-2.5","50.7","-4.4","6.6","11579"
"Marcus Semien","TOR","162","724","45","115","102","15","9.1%","20.2%",".273",".276",".265",".334",".538",".368",".331","131","4.0","31.5","10.0","6.6","12533"
"Juan Soto","WSN","151","654","29","111","95","9","22.2%","14.2%",".221",".332",".313",".465",".534",".420",".430","163","-3.3","48.8","-4.3","6.6","20123"
"Jose Ramirez","CLE","152","636","36","111","103","27","11.3%","13.7%",".272",".256",".266",".355",".538",".372",".374","137","6.3","35.4","5.8","6.3","13510"
"Fernando Tatis Jr.","SDP","130","546","42","99","97","25","11.4%","28.0%",".328",".324",".282",".364",".611",".403",".406","156","9.3","48.5","-5.3","6.1","19709"
"Carlos Correa","HOU","148","640","26","104","92","0","11.7%","18.1%",".205",".308",".279",".366",".485",".364",".373","134","-0.6","26.4","9.6","5.8","14162"
"Starling Marte","- - -","120","526","12","89","55","47","8.2%","18.8%",".148",".372",".310",".383",".458",".364",".347","134","12.3","34.7","2.6","5.5","9241"
"Aaron Judge","NYY","148","633","39","89","98","6","11.8%","25.0%",".256",".332",".287",".373",".544",".387",".416","148","-0.1","37.5","-4.2","5.5","15640"
"Bryan Reynolds","PIT","159","646","24","93","90","5","11.6%","18.4%",".220",".345",".302",".390",".522",".385",".385","142","3.0","37.6","-4.4","5.5","19326"
"Brandon Crawford","SFG","138","549","24","79","90","11","10.2%","19.1%",".224",".334",".298",".373",".522",".377",".356","139","0.4","27.8","8.6","5.5","5343"
"Tyler O'Neill","STL","138","537","34","89","80","15","7.1%","31.3%",".274",".366",".286",".352",".560",".384",".391","145","4.7","35.1","0.9","5.4","15711"
"Cedric Mullins II","BAL","159","675","30","91","59","30","8.7%","18.5%",".228",".322",".291",".360",".518",".372",".344","136","4.8","34.2","-3.9","5.3","17929"
"Brandon Lowe","TBR","149","615","39","97","99","7","11.1%","27.2%",".277",".280",".247",".340",".523",".363",".360","137","4.9","32.8","-1.7","5.2","18882"
"Xander Bogaerts","BOS","144","603","23","90","79","5","10.3%","18.7%",".198",".333",".295",".370",".493",".368",".358","130","1.2","23.7","7.7","5.2","12161"
"Jose Altuve","HOU","146","678","31","117","83","5","9.7%","13.4%",".211",".280",".278",".350",".489",".357",".332","130","2.5","27.2","1.3","5.2","5417"
"Shohei Ohtani","LAA","158","639","46","103","100","26","15.0%","29.6%",".335",".303",".257",".372",".592",".393",".408","152","2.5","43.0","-13.6","5.1","19755"
"Matt Olson","OAK","156","673","39","101","111","4","13.1%","16.8%",".269",".269",".271",".371",".540",".379",".379","146","0.0","37.8","-10.5","5.0","14344"
"Buster Posey","SFG","113","454","18","68","56","0","12.3%","19.2%",".195",".349",".304",".390",".499",".379",".361","140","-2.9","20.4","13.8","4.9","9166"
"Paul Goldschmidt","STL","158","679","31","102","99","12","9.9%","20.0%",".221",".331",".294",".365",".514",".373",".396","138","2.3","34.9","-8.2","4.9","9218"
"Bo Bichette","TOR","159","690","29","121","102","25","5.8%","19.9%",".186",".339",".298",".343",".484",".354",".354","122","6.9","25.2","0.2","4.9","19612"
"Max Muncy","LAD","144","592","36","95","94","2","14.0%","20.3%",".278",".257",".249",".368",".527",".379",".406","140","2.1","32.1","-3.0","4.9","13301"
"Kyle Tucker","HOU","140","567","30","83","92","14","9.3%","15.9%",".263",".304",".294",".359",".557",".383",".399","147","2.4","35.2","-6.8","4.8","18345"
"Rafael Devers","BOS","156","664","38","101","113","5","9.3%","21.5%",".259",".307",".279",".352",".538",".373",".392","134","0.1","27.6","-3.6","4.7","17350"
"Will Smith","LAD","130","501","25","71","76","3","11.6%","20.2%",".237",".274",".258",".365",".495",".364",".363","130","-1.0","18.4","11.1","4.6","19197"
"Mike Zunino","TBR","109","375","33","64","62","0","9.1%","35.2%",".342",".231",".216",".301",".559",".358",".354","134","0.6","16.1","16.3","4.5","13265"
"Yoan Moncada","CHW","144","616","14","74","61","3","13.6%","25.5%",".148",".350",".263",".375",".412",".347",".351","122","0.3","16.6","7.4","4.5","17232"
"Freddie Freeman","ATL","159","695","31","120","83","8","12.2%","15.4%",".203",".321",".300",".393",".503",".379",".416","135","3.3","34.4","-12.6","4.5","5361"
"J.T. Realmuto","PHI","134","537","17","64","73","13","8.9%","24.0%",".176",".325",".263",".343",".439",".336",".329","108","5.5","10.9","15.4","4.4","11739"
"Jake Cronenworth","SDP","152","643","21","94","71","4","8.6%","14.0%",".194",".283",".266",".340",".460",".341",".344","116","2.1","15.4","7.4","4.4","18036"
"Manny Machado","SDP","153","640","28","92","106","12","9.8%","15.9%",".211",".290",".278",".347",".489",".350",".380","122","-2.1","15.8","6.9","4.4","11493"
"Nicky Lopez","KCR","151","565","2","78","43","22","8.7%","13.1%",".078",".347",".300",".365",".378",".329",".283","106","8.2","12.6","11.7","4.4","19339"
"Tim Anderson","CHW","123","551","17","94","61","18","4.0%","21.6%",".159",".372",".309",".338",".469",".345",".325","120","6.1","19.6","4.5","4.3","15172"
"Ronald Acuna Jr.","ATL","82","360","24","72","52","17","13.6%","23.6%",".313",".311",".283",".394",".596",".412",".427","157","3.8","29.7","0.4","4.2","18401"
"Austin Riley","ATL","160","662","33","91","107","0","7.9%","25.4%",".227",".368",".303",".367",".531",".379",".364","135","-4.1","25.8","-6.0","4.2","18360"
"Nick Castellanos","CIN","138","585","34","95","100","3","7.0%","20.7%",".267",".340",".309",".362",".576",".391",".374","140","-0.5","29.6","-7.4","4.2","11737"
"Byron Buxton","MIN","61","254","19","50","32","9","5.1%","24.4%",".340",".344",".306",".358",".647",".419",".405","169","4.4","25.9","6.9","4.2","14161"
"Ozzie Albies","ATL","156","686","30","103","106","20","6.9%","18.7%",".229",".278",".259",".310",".488",".336",".332","107","8.3","14.5","4.4","4.2","16556"
"Willy Adames","- - -","140","555","25","77","73","5","10.3%","28.1%",".219",".331",".262",".337",".481",".349",".326","119","0.2","13.8","8.3","4.1","15986"
"Nolan Arenado","STL","157","653","34","81","105","2","7.7%","14.7%",".239",".249",".255",".312",".494",".336",".312","113","-0.4","10.7","7.8","4.0","9777"
"Justin Turner","LAD","151","612","27","87","87","3","10.0%","16.0%",".193",".292",".278",".361",".471",".358",".359","127","-1.0","19.9","-0.1","4.0","5235"
"Enrique Hernandez","BOS","134","585","20","84","60","1","10.4%","18.8%",".199",".278",".250",".337",".449",".338",".347","110","3.0","10.2","9.3","3.9","10472"
"Jonathan India","CIN","150","631","21","98","69","12","11.3%","22.3%",".190",".326",".269",".376",".459",".363",".355","122","-0.9","16.6","1.9","3.9","21523"
"Jorge Polanco","MIN","152","644","33","97","98","11","7.0%","18.3%",".235",".282",".269",".323",".503",".349",".347","122","3.1","20.6","-3.3","3.9","13152"
"Teoscar Hernandez","TOR","143","595","32","92","116","12","6.1%","24.9%",".227",".352",".296",".346",".524",".369",".367","132","2.3","25.5","-6.9","3.9","13066"
"Mookie Betts","LAD","122","550","23","93","58","10","12.4%","15.6%",".223",".276",".264",".367",".487",".365",".356","131","-1.2","20.7","-0.1","3.9","13611"
"Yasmani Grandal","CHW","93","375","23","60","62","0","23.2%","21.9%",".280",".246",".240",".420",".520",".402",".414","159","-4.7","22.3","2.1","3.7","11368"
"Myles Straw","- - -","158","638","4","86","48","30","10.5%","19.0%",".076",".336",".271",".349",".348",".311",".306","98","6.1","4.3","10.9","3.7","17620"
"Corey Seager","LAD","95","409","16","54","57","1","11.7%","16.1%",".215",".336",".306",".394",".521",".389",".393","147","-1.9","22.4","0.8","3.7","13624"
"Yordan Alvarez","HOU","144","598","33","92","104","1","8.4%","24.2%",".253",".320",".277",".346",".531",".369",".389","138","0.5","28.6","-12.5","3.7","19556"
"Joey Votto","CIN","129","533","36","73","99","1","14.4%","23.8%",".297",".287",".266",".375",".563",".391",".406","140","0.4","27.9","-9.1","3.6","4314"
"Javier Baez","- - -","138","547","31","80","87","18","5.1%","33.6%",".229",".352",".265",".319",".494",".344",".324","116","3.0","14.1","4.2","3.6","12979"
"Kris Bryant","- - -","144","586","25","86","73","10","10.6%","23.0%",".216",".313",".265",".353",".481",".356",".346","123","5.4","22.5","-6.3","3.6","15429"
"Trevor Story","COL","142","595","24","88","75","20","8.9%","23.4%",".221",".293",".251",".329",".471",".341",".333","100","6.4","6.1","9.6","3.5","12564"
"Joey Gallo","- - -","153","616","38","90","77","6","18.0%","34.6%",".259",".246",".199",".351",".458",".348",".354","123","4.2","21.2","-6.9","3.5","14128"
"Ty France","SEA","152","650","18","85","73","0","7.1%","16.3%",".154",".327",".291",".368",".445",".353",".345","129","-2.7","20.7","-8.0","3.5","17982"
"Brandon Nimmo","NYM","92","386","8","51","28","5","14.0%","20.5%",".145",".366",".292",".401",".437",".369",".349","137","-0.9","17.3","4.4","3.5","12927"
"Matt Chapman","OAK","151","622","27","75","72","3","12.9%","32.5%",".193",".272",".210",".314",".403",".311",".321","101","2.0","2.5","10.8","3.4","16505"
"Adam Frazier","- - -","155","639","5","83","43","10","7.5%","10.8%",".106",".339",".305",".368",".411",".341",".323","114","-0.1","11.3","2.0","3.4","15223"
"Harrison Bader","STL","103","401","16","45","50","9","6.7%","21.2%",".193",".306",".267",".324",".460",".331",".294","110","2.5","7.6","12.9","3.4","18030"
"Yuli Gurriel","HOU","143","605","15","83","81","1","9.8%","11.2%",".143",".336",".319",".383",".462",".363",".326","134","-1.6","23.6","-10.7","3.4","19198"
"Salvador Perez","KCR","161","665","48","88","121","1","4.2%","25.6%",".271",".298",".273",".316",".544",".359",".372","127","-0.8","21.2","-10.3","3.4","7304"
"Brandon Belt","SFG","97","381","29","65","59","3","12.6%","27.0%",".323",".309",".274",".378",".597",".406",".374","158","-2.1","26.2","-5.4","3.3","10264"
"Randy Arozarena","TBR","141","604","20","94","69","20","9.3%","28.1%",".185",".363",".274",".356",".459",".350",".302","128","1.5","22.0","-9.6","3.3","19290"
"Sean Murphy","OAK","119","448","17","47","59","0","8.9%","25.4%",".188",".257",".216",".306",".405",".309",".335","99","-1.2","-1.7","19.1","3.3","19352"
"Whit Merrifield","KCR","162","720","10","97","74","40","5.6%","14.3%",".117",".309",".277",".317",".395",".306",".301","91","7.4","-0.3","8.3","3.2","11281"
"Jesse Winker","CIN","110","485","24","77","71","1","10.9%","15.5%",".251",".324",".305",".394",".556",".403",".389","148","-6.5","23.3","-7.4","3.2","13590"
"Luis Robert","CHW","68","296","13","42","43","6","4.7%","20.6%",".229",".394",".338",".378",".567",".399",".375","157","1.4","21.9","-0.1","3.2","20043"
"Jeimer Candelario","DET","149","626","16","75","67","0","10.4%","21.6%",".172",".333",".271",".351",".443",".344",".357","119","1.0","15.3","-4.7","3.2","13621"
"Dansby Swanson","ATL","160","653","27","78","88","9","8.0%","25.6%",".201",".297",".248",".311",".449",".322",".331","98","3.4","2.0","8.1","3.2","18314"
"J.P. Crawford","SEA","160","687","9","89","54","3","8.4%","16.6%",".103",".320",".273",".338",".376",".314",".297","103","-2.7","-0.2","8.1","3.1","15491"
"Chris Taylor","LAD","148","582","20","92","73","13","10.8%","28.7%",".183",".337",".254",".344",".438",".338",".329","113","6.5","16.5","-5.0","3.1","13757"
"Kyle Schwarber","- - -","113","471","32","76","71","1","13.6%","27.0%",".288",".306",".266",".374",".554",".392",".399","145","-1.6","24.8","-10.0","3.1","16478"
"Pete Alonso","NYM","152","637","37","81","94","3","9.4%","19.9%",".257",".274",".262",".344",".519",".363",".376","133","-5.1","21.6","-12.7","3.0","19251"
"Eduardo Escobar","- - -","146","599","28","77","90","1","8.0%","20.7%",".219",".279",".253",".314",".472",".334",".326","107","0.4","5.4","4.6","3.0","6153"
"A.J. Pollock","LAD","117","422","21","53","69","9","7.1%","19.0%",".240",".326",".297",".355",".536",".375",".362","137","0.6","20.7","-4.9","3.0","9256"
"Kolten Wong","MIL","116","492","14","70","50","12","6.3%","16.9%",".175",".305",".272",".335",".447",".337",".308","109","1.4","6.8","6.3","2.9","12532"
"Avisail Garcia","MIL","135","515","29","68","86","8","7.4%","23.5%",".228",".291",".262",".330",".490",".346",".366","115","-0.5","9.1","3.1","2.9","5760"
"Max Stassi","LAA","87","319","13","45","35","0","8.8%","31.7%",".184",".325",".241",".326",".426",".327",".318","107","-1.4","1.2","17.1","2.9","10059"
"Ketel Marte","ARI","90","374","14","52","50","2","8.3%","16.0%",".215",".352",".318",".377",".532",".385",".371","139","-0.4","18.2","-1.7","2.9","13613"
"Jose Abreu","CHW","152","659","30","86","117","1","9.3%","21.7%",".219",".293",".261",".351",".481",".354",".348","126","-4.5","16.7","-10.5","2.9","15676"
"J.D. Martinez","BOS","148","634","28","92","99","0","8.7%","23.7%",".232",".340",".286",".349",".518",".364",".374","128","-3.1","18.4","-11.4","2.9","6184"
"Adolis Garcia","TEX","149","622","31","77","90","16","5.1%","31.2%",".212",".306",".243",".286",".454",".314",".302","100","-1.4","-1.7","9.1","2.9","19287"
"Mitch Haniger","SEA","157","691","39","110","100","1","7.8%","24.5%",".232",".281",".253",".318",".485",".340",".353","120","-1.4","15.9","-11.2","2.8","14274"
"Omar Narvaez","MIL","123","445","11","54","49","0","9.2%","18.9%",".136",".308",".266",".342",".402",".322",".304","99","-2.5","-2.9","16.3","2.8","13338"
"Miguel Rojas","MIA","132","539","9","66","48","13","6.9%","13.7%",".127",".295",".265",".322",".392",".311",".291","97","1.5","-0.2","10.3","2.8","7802"
"Dylan Carlson","STL","149","619","18","79","65","2","9.2%","24.6%",".172",".332",".266",".343",".437",".336",".321","113","0.1","10.6","-3.5","2.8","20126"
"Jared Walsh","LAA","144","585","29","70","98","2","8.2%","26.0%",".232",".335",".277",".340",".509",".357",".325","127","-1.1","18.4","-10.8","2.8","18607"
"Tony Kemp","OAK","131","397","8","54","37","8","13.1%","12.8%",".139",".304",".279",".382",".418",".351",".320","127","3.8","17.2","-3.6","2.7","14894"
"Amed Rosario","CLE","141","588","11","77","57","13","5.3%","20.4%",".127",".340",".282",".321",".409",".315",".298","99","1.2","0.6","6.3","2.7","15518"
"Robbie Grossman","DET","156","671","23","88","67","20","14.6%","23.1%",".176",".286",".239",".357",".415",".337",".335","114","2.0","13.5","-9.5","2.7","5254"
"Luis Urias","MIL","150","570","23","77","75","5","11.1%","20.4%",".196",".280",".249",".345",".445",".340",".332","111","-0.7","7.3","0.5","2.7","16622"
"Francisco Lindor","NYM","125","524","20","73","63","10","11.1%","18.3%",".181",".248",".230",".322",".412",".317",".344","103","2.0","4.1","5.2","2.7","12916"
"Giancarlo Stanton","NYY","139","579","35","64","97","0","10.9%","27.1%",".243",".324",".273",".354",".516",".370",".358","137","-7.0","19.0","-12.4","2.6","4949"
"Joey Wendle","TBR","136","501","11","73","54","8","5.6%","22.6%",".157",".327",".265",".319",".422",".317",".284","106","-0.2","3.3","5.7","2.6","13853"
"Mark Canha","OAK","141","625","17","93","61","12","12.3%","20.5%",".156",".274",".231",".358",".387",".333",".332","115","2.0","13.6","-9.0","2.6","11445"
"Jacob Stallings","PIT","112","427","8","38","53","0","11.5%","19.9%",".123",".297",".246",".335",".369",".312",".315","95","-1.9","-4.8","16.4","2.6","13723"
"Ryan McMahon","COL","151","596","23","80","86","6","9.9%","24.7%",".195",".306",".254",".331",".449",".334",".324","95","-1.6","-5.4","11.0","2.5","15112"
"Darin Ruf","SFG","117","312","16","41","43","2","14.7%","27.9%",".248",".344",".271",".385",".519",".384",".379","144","-1.0","16.5","-1.6","2.5","9929"
"Wander Franco","TBR","70","308","7","53","39","2","7.8%","12.0%",".174",".311",".288",".347",".463",".348",".334","127","3.1","13.1","1.4","2.5","23667"
"Kevin Kiermaier","TBR","122","390","4","54","37","9","8.5%","25.4%",".129",".345",".259",".328",".388",".310",".283","101","2.2","2.8","8.8","2.5","11038"
"Jean Segura","PHI","131","567","14","76","58","9","6.9%","13.8%",".146",".317",".290",".348",".436",".338",".318","109","-1.2","5.4","0.5","2.5","5933"
"Kyle Seager","SEA","159","670","35","73","101","3","8.8%","24.0%",".226",".226",".212",".285",".438",".308",".320","99","-1.9","-3.0","4.9","2.5","9785"
"DJ LeMahieu","NYY","150","679","10","84","57","4","10.8%","13.8%",".094",".301",".268",".349",".362",".315",".339","100","-1.7","-1.8","3.1","2.4","9874"
"George Springer","TOR","78","342","22","59","50","4","10.8%","23.1%",".291",".286",".264",".352",".555",".381",".358","140","-1.2","15.6","-3.1","2.4","12856"
"Adam Duvall","- - -","146","555","38","67","113","5","6.3%","31.4%",".263",".260",".228",".281",".491",".324",".329","103","-2.4","0.0","5.4","2.4","10950"
"Austin Hays","BAL","131","529","22","73","71","4","5.3%","20.2%",".205",".286",".256",".308",".461",".328",".316","106","-0.3","3.8","1.7","2.4","19363"
"C.J. Cron","COL","142","547","28","70","92","1","11.0%","21.4%",".249",".316",".281",".375",".530",".383",".362","127","-3.2","15.6","-10.3","2.3","12546"
"Tommy Edman","STL","159","691","11","91","56","30","5.5%","13.7%",".125",".291",".262",".308",".387",".301",".318","91","8.0","-0.3","0.8","2.3","19470"
"Rhys Hoskins","PHI","107","443","27","64","71","3","10.6%","24.4%",".283",".270",".247",".334",".530",".364",".377","127","-1.5","13.6","-4.9","2.3","16472"
"Isiah Kiner-Falefa","TEX","158","677","8","74","53","20","4.1%","13.3%",".087",".304",".271",".312",".357",".293",".291","85","4.2","-8.2","8.1","2.3","16512"
"Mike Trout","LAA","36","146","8","23","18","2","18.5%","28.1%",".291",".456",".333",".466",".624",".451",".423","190","1.5","17.7","0.1","2.3","10155"
"Patrick Wisdom","CHC","106","375","28","54","61","4","8.5%","40.8%",".287",".318",".231",".305",".518",".346",".320","115","-0.6","6.6","3.5","2.3","13602"
"Mike Yastrzemski","SFG","139","532","25","75","71","4","9.6%","24.6%",".233",".254",".224",".311",".457",".326",".316","106","3.9","8.0","-3.1","2.2","14854"
"Cesar Hernandez","- - -","149","637","21","84","62","1","9.3%","21.2%",".154",".266",".232",".308",".386",".302",".310","90","0.8","-6.8","7.0","2.2","10556"
"Josh Donaldson","MIN","135","543","26","73","72","0","13.6%","21.0%",".228",".268",".247",".352",".475",".353",".387","124","-4.3","12.0","-8.5","2.2","5038"
"Santiago Espinal","TOR","92","246","2","32","17","6","8.9%","12.2%",".095",".353",".311",".376",".405",".344",".307","115","2.3","6.8","6.6","2.2","19997"
"Jonathan Villar","NYM","142","505","18","63","42","14","9.1%","26.1%",".167",".313",".249",".322",".416",".320",".307","105","3.6","6.9","-2.1","2.1","10071"
"Steven Duggar","SFG","107","297","8","45","35","7","9.1%","29.6%",".179",".355",".257",".330",".437",".327",".308","107","3.7","6.3","5.1","2.1","17719"
"Andrew Benintendi","KCR","134","538","17","63","73","8","6.7%","18.0%",".166",".309",".276",".324",".442",".328",".332","106","-0.1","3.9","-0.9","2.1","17901"
"Ramon Laureano","OAK","88","378","14","43","39","12","7.1%","25.9%",".196",".304",".246",".317",".443",".327",".333","111","0.1","5.4","3.0","2.1","17128"
"Michael Brantley","HOU","121","508","8","68","47","1","6.5%","10.4%",".126",".337",".311",".362",".437",".347",".362","123","-1.2","13.0","-9.1","2.1","4106"
"Mitch Garver","MIN","68","243","13","29","34","1","12.8%","29.2%",".261",".320",".256",".358",".517",".372",".385","137","-0.1","11.0","1.9","2.1","15161"
"Willson Contreras","CHC","128","483","21","61","57","5","10.8%","28.6%",".201",".298",".237",".340",".438",".337",".346","109","-3.7","1.8","3.2","2.1","11609"
"Trent Grisham","SDP","132","527","15","61","62","13","10.2%","22.6%",".171",".292",".242",".327",".413",".320",".310","103","2.0","4.0","-0.7","2.1","18564"
"Frank Schwindel","- - -","64","259","14","44","43","2","6.2%","15.8%",".264",".348",".326",".371",".591",".403",".329","152","-0.9","16.4","-4.4","2.1","15351"
"Josh Rojas","ARI","139","550","11","69","44","9","10.5%","24.9%",".147",".345",".264",".341",".411",".327",".298","102","4.6","5.9","-3.9","2.0","19734"
"Alex Bregman","HOU","91","400","12","54","55","1","11.0%","13.3%",".152",".286",".270",".355",".422",".336",".335","115","-2.2","5.4","1.1","2.0","17678"
"Austin Meadows","TBR","142","591","27","79","106","4","10.0%","20.6%",".224",".249",".234",".315",".458",".327",".326","113","-1.7","7.5","-7.6","2.0","15672"
"Alex Verdugo","BOS","146","604","13","88","63","6","8.4%","15.9%",".138",".327",".289",".351",".426",".334",".342","107","2.0","7.5","-8.0","2.0","17027"
"Tyler Stephenson","CIN","132","402","10","56","45","0","10.2%","18.7%",".146",".333",".286",".366",".431",".346",".324","111","-2.1","3.6","2.8","2.0","17988"
"Daulton Varsho","ARI","95","315","11","41","38","6","9.5%","21.3%",".190",".286",".246",".318",".437",".322",".324","98","5.0","4.3","4.9","2.0","19918"
"Nelson Cruz","- - -","140","584","32","79","86","3","8.7%","21.6%",".232",".286",".265",".334",".497",".346",".358","122","-1.9","14.0","-14.3","2.0","2434"
"Leury Garcia","CHW","126","474","5","60","54","6","8.6%","20.5%",".108",".333",".267",".335",".376",".312",".291","98","3.4","2.3","1.1","2.0","5913"
"Akil Baddoo","DET","124","461","13","60","55","18","9.8%","26.5%",".177",".335",".259",".330",".436",".329",".309","108","3.9","8.6","-5.0","1.9","22168"
"Chas McCormick","HOU","108","320","14","47","50","4","7.8%","32.5%",".190",".341",".257",".319",".447",".327",".312","109","-0.4","3.3","4.7","1.9","19599"
"Michael A. Taylor","KCR","142","528","12","58","54","14","6.3%","27.3%",".112",".319",".244",".297",".356",".286",".299","77","0.3","-14.4","15.1","1.9","11489"
"Max Kepler","MIN","121","490","19","61","54","10","11.0%","19.6%",".202",".225",".211",".306",".413",".309",".347","95","5.0","2.0","-0.1","1.9","12144"
"Yandy Diaz","TBR","134","541","13","62","64","1","12.8%","15.7%",".131",".286",".256",".353",".387",".325",".332","111","-2.2","5.0","-5.1","1.8","16578"
"Hunter Renfroe","BOS","144","572","31","89","96","1","7.7%","22.7%",".242",".284",".259",".315",".501",".344",".353","114","-2.6","7.3","-8.6","1.8","15464"
"Luis Arraez","MIN","121","479","2","58","42","2","9.0%","10.0%",".082",".323",".294",".357",".376",".321",".336","103","0.7","2.5","-0.6","1.8","18568"
"Brett Phillips","TBR","119","292","13","50","44","14","11.3%","38.7%",".221",".302",".206",".300",".427",".313",".284","103","3.5","4.5","3.6","1.8","14735"
"Austin Slater","SFG","129","306","12","39","32","15","9.2%","27.5%",".182",".303",".241",".320",".423",".321",".335","103","2.4","3.4","4.0","1.8","16153"
"Lorenzo Cain","MIL","78","286","8","40","36","13","9.1%","16.8%",".144",".287",".257",".329",".401",".319",".317","97","4.0","2.9","5.1","1.8","9077"
"Carson Kelly","ARI","98","359","13","41","46","0","12.3%","20.6%",".171",".270",".240",".343",".411",".328",".343","103","-1.0","0.2","5.2","1.7","13620"
"Alcides Escobar","WSN","75","349","4","53","28","3","4.9%","16.0%",".116",".337",".288",".340",".404",".325",".308","100","2.4","2.6","3.0","1.7","6310"
"Evan Longoria","SFG","81","291","13","45","46","1","12.0%","23.4%",".221",".305",".261",".351",".482",".352",".352","123","-1.8","6.7","0.6","1.7","9368"
"Gleyber Torres","NYY","127","516","9","50","51","14","9.7%","20.2%",".107",".314",".259",".331",".366",".307",".331","94","0.2","-3.4","2.5","1.7","16997"
"Kyle Farmer","CIN","147","529","16","60","63","2","4.2%","18.3%",".153",".296",".263",".316",".416",".316",".301","91","-1.5","-7.2","6.2","1.6","14813"
"Ramon Urias","BAL","85","296","7","33","38","1","9.5%","25.7%",".134",".369",".279",".361",".412",".341",".344","115","0.4","5.7","0.7","1.6","18795"
"Rafael Ortega","CHC","103","330","11","44","33","12","9.1%","21.2%",".172",".349",".291",".360",".463",".355",".310","120","0.3","8.9","-3.4","1.6","10323"
"Brendan Rodgers","COL","102","415","15","49","51","0","4.6%","20.2%",".186",".328",".284",".328",".470",".341",".309","100","-0.3","-0.5","3.2","1.6","17907"
"Edmundo Sosa","STL","113","326","6","39","27","4","5.2%","19.3%",".118",".326",".271",".346",".389",".322",".323","104","-1.0","0.8","4.8","1.6","17022"
"Anthony Rizzo","- - -","141","576","22","73","61","6","9.0%","15.1%",".192",".258",".248",".344",".440",".339",".346","112","-1.8","7.0","-10.1","1.6","3473"
"Elias Diaz","COL","106","371","18","52","44","0","8.1%","16.2%",".219",".249",".246",".310",".464",".330",".317","92","-4.4","-8.0","11.7","1.6","11680"
"Jazz Chisholm Jr.","MIA","124","507","18","70","53","23","6.7%","28.6%",".177",".319",".248",".303",".425",".312",".307","98","3.3","2.2","-3.0","1.6","20454"
"LaMonte Wade Jr.","SFG","109","381","18","52","56","6","8.7%","23.4%",".229",".289",".253",".326",".482",".343",".347","117","-0.9","7.4","-4.3","1.6","18126"
"Yan Gomes","- - -","103","375","14","49","52","0","5.1%","20.8%",".169",".287",".252",".301",".421",".308",".341","93","-0.9","-4.2","7.3","1.6","9627"
"Paul DeJong","STL","113","402","19","44","45","4","8.7%","25.6%",".194",".216",".197",".284",".390",".293",".312","86","0.5","-6.8","9.1","1.6","18015"
"Freddy Galvis","- - -","104","394","14","53","40","1","6.9%","19.5%",".166",".269",".242",".302",".407",".305",".280","90","0.9","-4.0","6.2","1.6","6609"
"Nathaniel Lowe","TEX","157","642","18","75","72","8","12.5%","25.2%",".151",".339",".264",".357",".415",".337",".324","115","-2.2","9.5","-15.8","1.6","19566"
"J.D. Davis","NYM","73","211","5","18","23","1","11.4%","32.2%",".151",".426",".285",".384",".436",".357",".338","130","0.4","8.3","0.2","1.6","16219"
"Lourdes Gurriel Jr.","TOR","141","541","21","62","84","1","5.9%","18.9%",".190",".305",".276",".319",".466",".333",".336","107","-2.0","3.0","-5.9","1.5","19238"
"Josh Harrison","- - -","138","558","8","58","60","9","5.6%","13.4%",".121",".313",".279",".341",".400",".325",".332","103","-0.5","2.0","-5.2","1.5","8202"
"Ke'Bryan Hayes","PIT","96","396","6","49","38","9","7.8%","22.0%",".116",".321",".257",".316",".373",".301",".299","88","0.9","-5.2","7.4","1.5","18577"
"Christian Yelich","MIL","117","475","9","70","51","9","14.7%","23.8%",".125",".321",".248",".362",".373",".325",".338","101","1.8","2.3","-2.8","1.5","11477"
"Manny Pina","MIL","75","208","13","27","33","0","10.6%","18.3%",".250",".162",".189",".293",".439",".315",".329","95","-0.2","-1.7","9.8","1.5","2829"
"Tommy Pham","SDP","155","561","15","74","49","14","13.9%","22.8%",".154",".280",".229",".340",".383",".318",".354","102","1.1","2.2","-5.7","1.5","2967"
"Matt Duffy","CHC","97","322","5","45","30","8","7.8%","19.6%",".093",".351",".287",".357",".381",".327",".325","102","-1.5","-0.4","4.6","1.5","13836"
"Charlie Blackmon","COL","150","582","13","76","78","3","9.3%","15.6%",".140",".305",".270",".351",".411",".333",".357","94","1.4","-2.8","-1.7","1.5","7859"
"Jonathan Schoop","DET","156","674","22","85","84","2","5.5%","19.7%",".157",".317",".278",".320",".435",".324",".311","105","-2.1","2.0","-10.3","1.5","11265"
"Gary Sanchez","NYY","117","440","23","54","54","0","11.8%","27.5%",".219",".230",".204",".307",".423",".314",".336","99","-3.5","-3.8","3.5","1.5","11442"
"Tyrone Taylor","MIL","93","271","12","33","43","6","7.4%","21.8%",".210",".277",".247",".321",".457",".333",".313","106","0.5","2.5","3.0","1.5","13675"
"Ryan Mountcastle","BAL","144","586","33","77","89","4","7.0%","27.5%",".232",".297",".255",".309",".487",".335",".326","111","-1.2","6.6","-12.2","1.4","18373"
"Wil Myers","SDP","146","500","17","56","63","8","10.8%","28.2%",".179",".333",".256",".334",".434",".330",".296","109","0.5","6.5","-9.0","1.4","10047"
"Danny Jansen","TOR","70","205","11","32","28","0","8.3%","21.5%",".250",".233",".223",".299",".473",".329",".332","105","-0.5","0.7","6.4","1.4","16535"
"Francisco Mejia","TBR","84","277","6","31","35","0","6.1%","17.7%",".156",".299",".260",".322",".416",".320",".285","108","-0.5","2.0","2.5","1.4","16403"
"Connor Joe","COL","63","211","8","23","35","0","12.3%","19.4%",".184",".323",".285",".379",".469",".366",".371","116","1.1","5.4","1.4","1.4","16572"
"Brett Gardner","NYY","140","461","10","47","39","4","13.0%","21.7%",".140",".269",".222",".327",".362",".305",".294","93","3.3","-0.6","-1.3","1.4","9927"
"Tyler Naquin","CIN","127","454","19","52","70","5","7.7%","23.3%",".207",".318",".270",".333",".477",".345",".339","110","-0.8","5.1","-6.3","1.4","13359"
"Josh Bell","WSN","144","568","27","75","88","0","11.4%","17.8%",".215",".276",".261",".347",".476",".352",".366","118","-6.0","7.1","-12.2","1.4","13145"
"Manuel Margot","TBR","125","464","10","55","57","13","8.0%","15.1%",".128",".281",".254",".313",".382",".301",".318","95","1.6","-1.2","-0.9","1.4","14712"
"Reese McGuire","TOR","78","217","1","22","10","0","6.9%","20.3%",".091",".318",".253",".310",".343",".289",".280","78","0.8","-5.1","11.2","1.3","15674"
"Franmil Reyes","CLE","115","466","30","57","85","4","9.2%","32.0%",".268",".314",".254",".324",".522",".354",".350","125","-5.8","8.8","-11.2","1.3","14566"
"Nick Madrigal","CHW","54","215","2","30","21","1","5.1%","7.9%",".120",".324",".305",".349",".425",".335",".289","113","1.2","4.7","1.3","1.3","20521"
"Ian Happ","CHC","148","535","25","63","66","9","11.6%","29.2%",".209",".281",".226",".323",".434",".328",".318","103","0.2","2.4","-6.8","1.3","17919"
"Brian Anderson","MIA","67","264","7","24","28","5","9.8%","24.6%",".129",".317",".249",".337",".378",".314",".299","99","0.4","0.2","3.7","1.3","18289"
"Wilmer Flores","SFG","139","436","18","57","53","1","9.4%","12.8%",".185",".264",".262",".335",".447",".337",".312","113","-4.0","3.4","-5.3","1.2","5827"
"Jesus Aguilar","MIA","131","510","22","49","93","0","9.0%","18.2%",".198",".279",".261",".329",".459",".334",".330","112","-3.4","4.5","-8.9","1.2","11342"
"Abraham Toro","- - -","95","375","11","45","46","6","8.3%","14.4%",".134",".254",".239",".315",".373",".303",".321","95","-0.1","-2.5","2.0","1.2","19844"
"Andrew McCutchen","PHI","144","574","27","78","80","6","14.1%","23.0%",".222",".242",".222",".334",".444",".335",".344","107","1.5","6.8","-13.6","1.2","9847"
"Tucker Barnhart","CIN","116","388","7","41","48","0","7.5%","25.8%",".121",".324",".247",".317",".368",".300",".264","81","-0.1","-9.4","8.6","1.2","10200"
"Christian Arroyo","BOS","57","181","6","22","25","1","4.4%","24.3%",".183",".325",".262",".324",".445",".332",".298","106","1.5","2.9","2.8","1.2","16434"
"Ben Gamel","- - -","122","400","8","43","26","3","12.8%","26.3%",".141",".329",".247",".347",".388",".322",".316","101","-0.5","0.2","-1.6","1.2","12160"
"Adam Engel","CHW","39","140","7","21","18","7","7.9%","22.1%",".244",".279",".252",".336",".496",".354",".343","127","1.0","5.5","1.5","1.2","15082"
"Nick Solak","TEX","127","511","11","57","49","7","6.7%","20.9%",".120",".292",".242",".314",".362",".299",".298","89","0.4","-6.3","0.1","1.1","19294"
"Donovan Solano","SFG","101","344","7","35","31","2","7.3%","16.9%",".124",".321",".280",".344",".404",".324",".335","105","-0.2","2.0","-2.3","1.1","8623"
"Garrett Cooper","MIA","71","250","9","30","33","1","12.0%","27.2%",".181",".374",".284",".380",".465",".367",".361","134","-4.0","6.7","-4.1","1.1","15279"
"David Peralta","ARI","150","538","8","57","63","2","8.6%","17.1%",".144",".303",".259",".325",".402",".314",".293","93","2.0","-2.5","-4.4","1.1","2136"
"Jason Castro","HOU","66","179","8","22","21","0","14.0%","30.2%",".208",".310",".235",".356",".443",".347",".375","123","-1.0","4.1","0.5","1.1","8722"
"Jake Meyers","HOU","49","163","6","22","28","3","6.1%","30.7%",".178",".352",".260",".323",".438",".328",".321","111","1.9","4.0","1.1","1.1","20308"
"Elvis Andrus","OAK","146","541","3","60","37","12","5.7%","15.0%",".076",".283",".243",".294",".320",".270",".307","72","4.5","-13.8","6.0","1.1","8709"
"Odubel Herrera","PHI","124","492","13","59","51","6","5.9%","15.7%",".156",".285",".260",".310",".416",".312",".300","93","0.3","-4.2","-1.5","1.1","11476"
"Seth Brown","OAK","111","307","20","43","48","4","7.5%","29.0%",".267",".230",".214",".274",".480",".315",".318","103","0.0","1.0","-0.9","1.1","18171"
"Jonah Heim","TEX","82","285","10","22","32","3","5.3%","20.4%",".162",".210",".196",".239",".358",".256",".284","60","-0.9","-14.7","15.6","1.1","16930"
"Bradley Zimmer","CLE","99","348","8","44","35","15","8.6%","35.1%",".117",".347",".227",".325",".344",".300",".316","89","2.0","-2.8","1.5","1.1","16221"
"Jose Iglesias","- - -","137","511","9","65","48","5","4.1%","14.7%",".120",".305",".271",".309",".391",".304",".296","91","-0.2","-6.1","-0.9","1.0","10231"
"Eric Haase","DET","98","381","22","48","61","2","6.8%","31.2%",".228",".278",".231",".286",".459",".316",".322","100","-0.7","-0.8","-1.8","1.0","14111"
"Andy Ibanez","TEX","76","272","7","31","25","0","5.5%","12.9%",".158",".297",".277",".321",".435",".325",".319","107","-0.8","1.4","-0.4","1.0","18819"
"Gavin Lux","LAD","102","381","7","49","46","4","10.8%","21.8%",".122",".300",".242",".328",".364",".303",".323","91","3.8","-0.6","-1.8","1.0","19955"
"Jake Rogers","DET","38","127","6","17","17","1","8.7%","36.2%",".257",".344",".239",".306",".496",".339",".299","115","1.0","3.3","2.4","1.0","19452"
"Brad Miller","PHI","140","377","20","53","49","3","11.9%","29.7%",".227",".276",".227",".321",".453",".331",".345","105","0.6","3.1","-5.5","1.0","12775"
"Yadier Molina","STL","121","473","11","45","66","3","5.1%","16.7%",".118",".283",".252",".297",".370",".290",".305","83","-5.3","-15.4","9.6","1.0","7007"
"Gio Urshela","NYY","116","442","14","42","49","1","4.5%","24.7%",".152",".329",".267",".301",".419",".309",".304","96","-6.0","-8.2","3.0","1.0","10681"
"Tom Murphy","SEA","97","325","11","35","34","0","12.3%","30.5%",".148",".265",".202",".304",".350",".291",".290","87","-0.3","-5.3","3.9","1.0","13499"
"Brandon Marsh","LAA","70","260","2","27","19","6","7.7%","35.0%",".102",".403",".254",".317",".356",".296",".324","86","3.5","-1.0","1.8","1.0","20202"
"Austin Nola","SDP","56","194","2","15","29","0","7.2%","9.8%",".104",".292",".272",".340",".376",".316",".299","100","0.2","0.2","3.0","1.0","15941"
"Tyler Wade","NYY","103","145","0","31","5","17","11.0%","25.5%",".055",".378",".268",".354",".323",".304",".248","92","2.8","1.5","2.8","0.9","15730"
"Aledmys Diaz","HOU","84","319","8","28","45","0","5.0%","19.4%",".146",".304",".259",".317",".405",".311",".318","99","-2.8","-3.3","1.5","0.9","15937"
"Ji-Man Choi","TBR","83","305","11","36","45","0","14.8%","28.5%",".182",".300",".229",".348",".411",".334",".340","117","-0.9","5.6","-6.9","0.9","5452"
"Eddie Rosario","- - -","111","412","14","42","62","11","6.3%","14.8%",".177",".273",".259",".305",".435",".316",".318","98","1.1","0.2","-5.1","0.9","12155"
"Tomas Nido","NYM","58","161","3","16","13","1","3.1%","27.3%",".105",".292",".222",".261",".327",".254",".289","63","-2.1","-9.8","13.2","0.9","13755"
"Jed Lowrie","OAK","139","512","14","55","69","0","9.6%","21.1%",".153",".289",".245",".318",".398",".311",".342","100","-1.6","-1.4","-7.5","0.9","4418"
"Jace Peterson","MIL","94","302","6","36","31","10","12.6%","22.5%",".120",".310",".247",".348",".367",".318",".321","97","4.3","3.0","-4.5","0.9","12325"
"Thairo Estrada","SFG","52","132","7","19","22","1","6.8%","17.4%",".207",".286",".273",".333",".479",".346",".312","119","1.3","4.5","-0.3","0.9","16426"
"Nico Hoerner","CHC","44","170","0","13","16","5","10.0%","14.7%",".067",".360",".302",".382",".369",".330",".320","104","-0.7","0.2","2.7","0.8","21479"
"Matt Beaty","LAD","120","234","7","35","40","2","8.5%","18.8%",".132",".314",".270",".363",".402",".339",".307","114","0.4","4.7","-4.3","0.8","17710"
"Michael Conforto","NYM","125","479","14","52","55","1","12.3%","21.7%",".153",".276",".232",".344",".384",".322",".350","106","-1.4","2.4","-10.1","0.8","16376"
"Bryan De La Cruz","MIA","58","219","5","17","19","1","8.2%","24.2%",".131",".380",".296",".356",".427",".339",".302","115","-1.3","3.0","-2.4","0.8","19600"
"Austin Barnes","LAD","77","225","6","28","23","1","8.9%","24.9%",".130",".268",".215",".299",".345",".285",".274","79","0.0","-6.0","6.3","0.8","12158"
"Andres Gimenez","CLE","68","210","5","23","16","11","5.2%","25.7%",".133",".273",".218",".282",".351",".277",".268","73","2.6","-4.2","4.7","0.8","19950"
"Corey Dickerson","- - -","109","365","6","43","29","6","6.8%","18.6%",".137",".323",".271",".326",".408",".317",".300","100","-1.3","-1.4","-3.2","0.8","10762"
"Kevin Pillar","NYM","124","347","15","40","47","4","3.2%","23.3%",".185",".261",".231",".277",".415",".297",".281","90","0.7","-3.6","-0.8","0.7","12434"
"Bobby Dalbec","BOS","133","453","25","50","78","2","6.2%","34.4%",".254",".316",".240",".298",".494",".334",".344","107","-0.4","3.7","-12.3","0.7","19966"
"Alejandro Kirk","TOR","60","189","8","19","24","0","10.1%","11.6%",".194",".234",".242",".328",".436",".330",".377","106","-1.7","-0.4","0.4","0.7","22581"
"Anthony Rendon","LAA","58","249","6","24","34","0","11.6%","16.5%",".143",".267",".240",".329",".382",".310",".304","95","-1.1","-2.5","0.6","0.7","12861"
"Anthony Santander","BAL","110","438","18","54","50","1","5.3%","23.1%",".192",".275",".241",".286",".433",".307",".328","92","1.2","-3.3","-5.0","0.6","14551"
"Trey Mancini","BAL","147","616","21","77","71","0","8.3%","23.2%",".176",".308",".255",".326",".432",".326",".340","105","-5.3","-1.8","-12.7","0.6","15149"
"Jorge Alfaro","MIA","92","311","4","22","30","8","3.5%","31.8%",".098",".354",".244",".283",".342",".274",".291","73","0.0","-10.6","6.7","0.6","12180"
"Rougned Odor","NYY","102","361","15","42","39","0","7.5%","27.7%",".177",".242",".202",".286",".379",".289",".288","83","1.6","-6.1","0.2","0.6","12282"
"Ryan Jeffers","MIN","85","293","14","28","35","0","7.5%","36.9%",".202",".269",".199",".270",".401",".289",".300","82","-2.3","-8.9","5.3","0.6","24618"
"Ronald Torreyes","PHI","112","344","7","30","41","2","5.5%","11.9%",".104",".258",".242",".286",".346",".274",".257","68","1.3","-12.7","7.7","0.6","11400"
"Jose Trevino","TEX","89","302","5","23","30","1","4.0%","18.9%",".102",".279",".239",".267",".340",".261",".285","64","-5.5","-18.9","15.0","0.6","16725"
"Tres Barrera","WSN","30","107","2","8","10","0","11.2%","20.6%",".121",".328",".264",".374",".385",".333",".311","106","0.1","0.9","1.8","0.6","19977"
"Jesus Sanchez","MIA","64","251","14","27","36","0","8.0%","31.1%",".238",".316",".251",".319",".489",".339",".337","116","-2.9","2.1","-4.2","0.6","19913"
"Adalberto Mondesi","KCR","35","136","6","19","17","15","4.4%","31.6%",".222",".299",".230",".271",".452",".306",".314","91","2.5","1.0","0.3","0.6","13769"
"Ha-seong Kim","SDP","117","298","8","27","34","6","7.4%","23.8%",".150",".241",".202",".270",".352",".270",".265","70","1.4","-9.9","6.0","0.6","27506"
"Travis d'Arnaud","ATL","60","229","7","21","26","0","7.4%","23.1%",".167",".260",".220",".284",".388",".291",".312","78","-1.1","-7.5","5.8","0.6","7739"
"Lars Nootbaar","STL","58","124","5","15","15","2","10.5%","22.6%",".183",".273",".239",".317",".422",".316",".285","101","1.4","1.5","0.3","0.6","21454"
"Kyle Higashioka","NYY","67","211","10","20","29","0","8.1%","28.0%",".207",".200",".181",".246",".389",".272",".340","71","-1.7","-9.2","7.9","0.6","5517"
"Jack Mayfield","- - -","87","290","10","30","39","5","5.9%","23.4%",".169",".254",".218",".272",".387",".284",".248","79","0.1","-7.5","3.4","0.6","15402"
"Hanser Alberto","KCR","103","255","2","25","24","3","1.6%","10.2%",".133",".293",".270",".291",".402",".296",".294","84","1.4","-3.4","0.4","0.6","11902"
"Charlie Culberson","TEX","91","271","5","23","22","7","6.3%","23.6%",".138",".307",".243",".296",".381",".292",".270","85","1.9","-3.2","-0.4","0.6","3298"
"Oscar Mercado","CLE","72","238","6","27","19","7","8.8%","17.6%",".145",".253",".224",".300",".369",".294",".278","85","2.7","-1.8","-0.7","0.6","16375"
"Joc Pederson","- - -","137","481","18","55","61","2","8.1%","24.3%",".184",".281",".238",".310",".422",".315",".333","94","-1.4","-4.8","-5.5","0.6","11899"
"Eugenio Suarez","CIN","145","574","31","71","79","0","9.8%","29.8%",".230",".224",".198",".286",".428",".306",".326","85","-4.1","-15.0","1.6","0.6","12552"
"Guillermo Heredia","ATL","120","347","5","46","26","0","9.2%","23.3%",".134",".282",".220",".311",".354",".292",".289","79","3.1","-6.3","0.3","0.5","18721"
"Nick Maton","PHI","52","131","2","16","14","2","7.6%","29.8%",".128",".364",".256",".323",".385",".309",".282","91","1.6","0.1","1.1","0.5","21635"
"Yonathan Daza","COL","107","331","2","26","30","2","6.3%","18.1%",".073",".346",".282",".332",".355",".304",".292","75","-0.3","-10.7","5.2","0.5","15794"
"Jordan Luplow","- - -","62","193","11","23","28","1","14.5%","29.5%",".252",".232",".202",".326",".454",".337",".316","116","-1.8","2.0","-3.1","0.5","16424"
"Harold Castro","DET","106","339","3","35","37","1","4.1%","21.2%",".076",".351",".283",".310",".359",".291",".315","83","-0.5","-7.8","1.7","0.5","14691"
"Lane Thomas","- - -","77","264","7","35","28","6","14.0%","23.9%",".177",".293",".235",".341",".412",".328",".321","103","-0.7","0.5","-3.8","0.5","16939"
"Chris Owings","COL","21","50","1","9","5","2","14.0%","30.0%",".302",".481",".326",".420",".628",".431",".319","158","0.5","4.2","-0.5","0.5","10030"
"Kevin Plawecki","BOS","64","173","3","15","15","0","6.9%","15.0%",".102",".328",".287",".349",".389",".325",".327","102","-0.9","-0.5","0.0","0.5","13807"
"Taylor Ward","LAA","65","237","8","33","33","1","8.4%","23.2%",".188",".301",".250",".332",".438",".333",".344","111","-0.4","2.8","-5.5","0.5","17548"
"Jeff McNeil","NYM","120","426","7","48","35","3","6.8%","13.6%",".109",".280",".251",".319",".360",".301",".313","93","-1.1","-5.1","-3.6","0.5","15362"
"Yonny Hernandez","TEX","43","166","0","15","6","11","10.2%","19.3%",".035",".277",".217",".315",".252",".265",".297","66","2.1","-4.8","4.4","0.5","19432"
"Sam Hilliard","COL","81","238","14","32","34","5","9.7%","36.6%",".248",".283",".215",".294",".463",".318",".310","85","2.5","-2.1","-0.5","0.5","17954"
"Dom Nunez","COL","81","263","10","31","33","0","12.9%","34.6%",".211",".258",".189",".293",".399",".294",".262","69","1.8","-8.4","4.9","0.5","15055"
"Matt Vierling","PHI","34","77","2","11","6","2","5.2%","26.0%",".155",".420",".324",".364",".479",".356",".319","121","0.6","2.7","-0.2","0.5","21558"
"Greg Allen","NYY","15","48","0","9","2","5","10.4%","27.1%",".162",".400",".270",".417",".432",".375",".317","140","1.7","4.1","-0.8","0.5","16623"
"Christian Vazquez","BOS","138","498","6","51","49","8","6.6%","16.9%",".094",".301",".258",".308",".352",".289",".275","77","-5.3","-19.2","7.2","0.5","9774"
"Trayce Thompson","CHC","15","35","4","6","9","2","20.0%","31.4%",".464",".231",".250",".400",".714",".453",".493","185","0.2","3.9","-0.2","0.5","9952"
"Jorge Mateo","- - -","89","209","4","19","14","10","4.3%","26.3%",".129",".324",".247",".293",".376",".291",".287","83","1.9","-2.8","0.6","0.5","17273"
"Garrett Hampson","COL","147","494","11","69","33","17","6.7%","23.9%",".146",".291",".234",".289",".380",".288",".290","65","4.2","-17.6","6.1","0.5","19262"
"Curt Casali","SFG","77","231","5","20","26","0","11.3%","28.6%",".140",".287",".210",".313",".350",".289",".280","82","-0.2","-5.4","2.5","0.5","12510"
"James McCann","NYM","121","412","10","29","46","1","7.8%","27.9%",".117",".304",".232",".294",".349",".281",".284","80","-3.4","-13.8","4.9","0.5","12859"
"Cam Gallagher","KCR","48","124","1","9","7","0","6.5%","16.1%",".080",".293",".250",".298",".330",".276",".273","71","0.0","-4.4","4.9","0.5","12981"
"Jake Fraley","SEA","78","265","9","27","36","10","17.4%","26.8%",".159",".265",".210",".352",".369",".322",".337","109","0.9","3.7","-8.0","0.5","19260"
"Dustin Garneau","DET","20","68","6","9","11","0","4.4%","26.5%",".371",".175",".210",".250",".581",".335",".303","113","-0.5","0.5","1.8","0.5","9433"
"Robinson Chirinos","CHC","45","112","5","13","15","0","8.0%","32.1%",".227",".304",".227",".324",".454",".336",".289","108","-1.2","0.0","0.9","0.5","3142"
"Wilmer Difo","PIT","116","240","4","25","24","1","8.3%","22.5%",".114",".340",".269",".329",".384",".312",".276","95","1.4","-0.3","-3.0","0.5","14320"
"Tommy La Stella","SFG","76","242","7","26","27","0","7.4%","10.7%",".155",".255",".250",".308",".405",".307",".339","94","-1.1","-3.0","-0.4","0.5","12371"
"Taylor Walls","TBR","54","176","1","15","15","4","13.1%","27.8%",".086",".304",".211",".314",".296",".279",".283","80","0.0","-4.3","2.9","0.5","22458"
"Luke Voit","NYY","68","241","11","26","35","0","8.7%","30.7%",".197",".313",".239",".328",".437",".332",".360","111","-2.9","0.4","-4.2","0.4","14811"
"Yu Chang","CLE","89","251","9","32","39","1","4.4%","27.5%",".198",".281",".228",".267",".426",".294",".281","85","1.5","-3.2","-0.9","0.4","14773"
"Miguel Sano","MIN","135","532","30","68","75","2","11.1%","34.4%",".243",".291",".223",".312",".466",".332",".322","110","-2.2","4.4","-18.1","0.4","12164"
"Randal Grichuk","TOR","149","545","22","59","81","0","5.0%","20.9%",".182",".266",".241",".281",".423",".300",".294","85","-4.9","-14.7","0.6","0.4","10243"
"Raimel Tapia","COL","133","533","6","69","50","20","7.5%","13.1%",".099",".306",".273",".327",".372",".305",".279","76","3.7","-12.5","-0.9","0.4","14350"
"Gavin Sheets","CHW","54","179","11","23","34","0","8.9%","22.3%",".256",".264",".250",".324",".506",".352",".337","125","-1.9","3.5","-5.4","0.4","19901"
"Luis Guillorme","NYM","69","156","1","13","5","0","14.7%","14.7%",".045",".315",".265",".374",".311",".311",".303","99","-0.7","-0.9","-0.2","0.4","16451"
"Starlin Castro","WSN","87","346","3","25","38","0","7.5%","17.9%",".092",".339",".283",".333",".375",".309",".323","90","-2.1","-6.5","-0.9","0.4","4579"
"Chad Pinder","OAK","75","233","6","30","27","1","6.9%","26.6%",".168",".313",".243",".300",".411",".307",".354","97","-0.6","-1.3","-2.6","0.4","15191"
"Pablo Reyes","MIL","53","87","1","12","3","4","10.3%","17.2%",".103",".306",".256",".333",".359",".303",".277","87","1.0","-0.4","1.5","0.4","16357"
"D.J. Stewart","BAL","100","318","12","39","33","0","13.8%","28.0%",".170",".254",".204",".324",".374",".310",".315","94","1.7","-0.7","-6.1","0.4","17766"
"Ryan Zimmerman","WSN","110","273","14","27","46","0","5.9%","28.2%",".227",".289",".243",".286",".471",".319",".299","97","-1.8","-2.8","-2.4","0.4","4220"
"Kyle Isbel","KCR","28","83","1","16","7","2","8.4%","27.7%",".158",".385",".276",".337",".434",".333",".252","109","1.0","2.0","-1.1","0.4","21614"
"Travis Jankowski","PHI","76","157","1","24","10","5","14.0%","18.5%",".099",".317",".252",".364",".351",".312",".281","93","0.7","-0.8","-0.9","0.4","13768"
"Justin Upton","LAA","89","362","17","47","41","4","10.8%","29.6%",".198",".254",".211",".296",".409",".305",".319","92","0.9","-2.7","-6.2","0.3","5222"
"Nick Fortes","MIA","14","34","4","6","7","1","8.8%","23.5%",".387",".263",".290",".353",".677",".426",".369","172","0.1","3.2","-0.9","0.3","21538"
"Keibert Ruiz","- - -","29","96","3","10","15","0","6.3%","9.4%",".136",".276",".273",".333",".409",".325",".311","101","-1.4","-1.3","1.5","0.3","19610"
"David Fletcher","LAA","157","665","2","74","47","15","4.7%","9.0%",".062",".287",".262",".297",".324",".273",".280","70","3.3","-20.8","1.6","0.3","17992"
"Kevin Newman","PIT","148","554","5","50","39","6","4.9%","7.4%",".083",".236",".226",".265",".309",".249",".275","54","5.1","-27.4","12.4","0.3","17696"
"Kyle Lewis","SEA","36","147","5","15","11","2","10.9%","25.2%",".146",".307",".246",".333",".392",".320",".350","107","-0.4","0.8","-2.5","0.3","19508"
"Estevan Florial","NYY","11","25","1","3","2","1","20.0%","24.0%",".250",".385",".300",".440",".550",".423",".325","173","0.0","2.2","0.1","0.3","19151"
"Bobby Bradley","CLE","74","279","16","36","41","0","9.0%","35.5%",".237",".263",".208",".294",".445",".314",".332","99","-2.0","-2.5","-3.8","0.3","17278"
"Billy Hamilton","CHW","71","135","2","23","11","9","3.0%","34.8%",".157",".329",".220",".242",".378",".262",".215","64","2.9","-3.0","1.6","0.3","10199"
"Ernie Clement","CLE","40","133","3","16","9","0","5.3%","14.3%",".107",".253",".231",".285",".339",".275",".289","72","0.7","-3.9","2.5","0.3","20352"
"Billy McKinney","- - -","116","300","9","32","27","2","10.7%","26.3%",".166",".235",".192",".280",".358",".277",".292","73","0.2","-9.9","3.1","0.3","15654"
"Pavin Smith","ARI","145","545","11","68","49","1","7.7%","19.4%",".137",".319",".267",".328",".404",".318",".316","96","-2.4","-5.2","-9.7","0.3","19892"
"Jake Burger","CHW","15","42","1","5","3","0","9.5%","35.7%",".211",".409",".263",".333",".474",".344",".349","120","-0.5","0.5","1.2","0.3","22275"
"Andrew Vaughn","CHW","127","469","15","56","48","1","8.7%","21.5%",".161",".271",".235",".309",".396",".306",".330","94","-3.6","-7.0","-5.9","0.3","26197"
"Brandon Drury","NYM","51","88","4","7","14","0","3.4%","25.0%",".202",".328",".274",".307",".476",".333",".254","114","-1.0","0.6","-0.5","0.3","11615"
"Christian Walker","ARI","115","445","10","55","46","0","8.5%","23.8%",".137",".307",".244",".315",".382",".304",".311","87","1.1","-6.4","-5.2","0.3","13419"
"John Hicks","TEX","10","31","4","6","7","0","0.0%","25.8%",".419",".211",".258",".258",".677",".384",".361","147","0.2","2.0","0.0","0.3","12547"
"Jose Siri","HOU","21","49","4","10","9","3","2.0%","34.7%",".304",".400",".304",".347",".609",".401",".377","160","0.1","3.7","-2.4","0.3","17452"
"Sergio Alcantara","CHC","89","255","5","30","17","3","11.8%","29.0%",".123",".280",".205",".303",".327",".279",".276","71","0.7","-8.7","3.2","0.3","16417"
"Geraldo Perdomo","ARI","11","37","0","5","1","0","16.2%","16.2%",".161",".320",".258",".378",".419",".331",".284","104","0.6","0.8","0.9","0.3","22799"
"Breyvic Valera","TOR","39","97","1","10","15","1","8.2%","12.4%",".103",".280",".253",".313",".356",".293",".285","81","-0.2","-2.4","2.1","0.3","12758"
"Derek Hill","DET","49","150","3","19","14","6","6.7%","28.0%",".129",".351",".259",".313",".388",".305",".287","92","0.3","-1.1","-1.2","0.3","16947"
"Delino DeShields","CIN","25","58","1","4","6","2","15.5%","19.0%",".170",".314",".255",".375",".426",".352",".330","115","0.5","1.6","-0.7","0.3","11379"
"Luke Maile","MIL","15","34","0","6","3","0","8.8%","20.6%",".133",".391",".300",".382",".433",".358",".283","122","0.2","1.1","0.5","0.3","13355"
"Luis Gonzalez","CHW","6","11","0","2","0","0","27.3%","18.2%",".250",".333",".250",".455",".500",".414",".340","167","-0.4","0.5","1.9","0.3","20332"
"Jason Heyward","CHC","104","353","8","35","30","5","7.6%","19.3%",".133",".247",".214",".280",".347",".275",".292","68","1.8","-12.4","3.4","0.3","4940"
"Luis Torrens","SEA","108","378","15","39","47","0","7.4%","26.2%",".188",".294",".243",".299",".431",".311",".317","101","-1.2","-0.6","-9.5","0.3","15905"
"Jose Rondon","STL","63","90","3","13","9","2","8.9%","18.9%",".150",".290",".263",".322",".413",".316",".298","101","0.8","0.9","-1.2","0.3","14140"
"Victor Reyes","DET","76","220","5","26","22","5","3.6%","25.0%",".158",".327",".258",".284",".416",".298",".297","88","1.7","-1.6","-3.2","0.3","15487"
"Jake McCarthy","ARI","24","70","2","11","4","3","11.4%","32.9%",".153",".324",".220",".333",".373",".315",".251","94","0.9","0.4","-0.1","0.3","21622"
"DJ Peters","- - -","70","240","13","29","38","2","5.0%","34.2%",".224",".237",".197",".242",".422",".272",".270","71","0.5","-7.9","2.4","0.3","19348"
"Alex Kirilloff","MIN","59","231","8","23","34","1","6.1%","22.5%",".172",".295",".251",".299",".423",".307",".365","93","-0.2","-2.1","-3.2","0.3","20325"
"Jon Berti","MIA","85","271","4","35","19","8","11.8%","22.5%",".103",".265",".210",".311",".313",".282",".303","79","2.8","-4.6","-1.9","0.2","12037"
"Ehire Adrianza","ATL","109","209","5","32","28","0","10.0%","20.1%",".154",".290",".247",".327",".401",".316",".313","94","0.2","-1.3","-3.2","0.2","8418"
"Eloy Jimenez","CHW","55","231","10","23","37","0","6.9%","24.7%",".188",".293",".249",".303",".437",".317",".323","101","-1.6","-1.2","-4.2","0.2","17484"
"Kyle Garlick","MIN","36","107","5","17","10","1","5.6%","29.9%",".232",".286",".232",".280",".465",".314",".345","99","-0.3","-0.5","-0.8","0.2","18063"
"Connor Wong","BOS","6","14","0","3","1","0","7.1%","50.0%",".231",".667",".308",".357",".538",".376",".323","136","0.2","0.8","1.0","0.2","19896"
"Jose Peraza","NYM","64","154","6","21","20","1","5.8%","16.9%",".176",".209",".204",".266",".380",".280",".268","80","-0.1","-4.1","1.3","0.2","13593"
"Grayson Greiner","DET","31","82","1","7","7","0","11.0%","37.8%",".097",".400",".236",".321",".333",".293",".241","84","0.9","-0.7","-0.1","0.2","17062"
"Dylan Moore","SEA","126","377","12","42","43","21","10.6%","29.4%",".154",".229",".181",".276",".334",".271",".289","74","1.6","-10.4","-0.4","0.2","18042"
"Martin Maldonado","HOU","125","426","12","40","36","0","11.0%","29.8%",".129",".221",".172",".272",".300",".258",".268","63","-5.0","-24.4","11.9","0.2","6887"
"Yadiel Hernandez","WSN","112","289","9","33","32","3","7.6%","20.4%",".140",".318",".273",".329",".413",".320",".305","98","-1.7","-2.5","-5.1","0.2","19334"
"Trevor Larnach","MIN","79","301","7","29","28","1","10.3%","34.6%",".127",".338",".223",".322",".350",".300",".304","89","-1.4","-5.3","-3.0","0.2","21501"
"Alex Avila","WSN","34","111","1","5","9","0","17.1%","33.3%",".157",".314",".191",".345",".348",".311",".298","92","-1.3","-2.5","0.6","0.2","7476"
"Danny Mendick","CHW","71","186","2","14","20","0","9.7%","22.6%",".067",".281",".220",".303",".287",".268",".258","68","0.9","-6.3","1.8","0.2","18889"
"Roman Quinn","PHI","28","62","0","8","2","4","9.7%","30.6%",".115",".273",".173",".306",".288",".275",".285","69","0.1","-2.4","2.1","0.2","13546"
"Alfonso Rivas III","CHC","18","49","1","7","3","0","8.2%","32.7%",".091",".481",".318",".388",".409",".353",".285","119","-0.2","1.0","-1.0","0.2","21560"
"Alex Dickerson","SFG","111","312","13","37","38","1","7.4%","24.4%",".187",".273",".233",".304",".420",".313",".335","97","-0.5","-1.6","-7.1","0.2","12649"
"Michael Hermosillo","CHC","16","38","3","5","7","0","2.6%","31.6%",".306",".190",".194",".237",".500",".307",".323","90","-0.2","-0.7","1.1","0.2","16285"
"Seth Beer","ARI","5","10","1","4","3","0","10.0%","30.0%",".444",".600",".444",".500",".889",".570",".472","259","-0.1","1.9","-0.6","0.2","20493"
"Brian Goodwin","CHW","72","271","8","33","29","1","12.2%","21.4%",".153",".259",".221",".319",".374",".306",".327","94","0.2","-1.9","-5.7","0.2","12858"
"Yoshi Tsutsugo","- - -","81","262","8","27","32","0","11.1%","27.5%",".165",".278",".217",".307",".383",".302",".280","90","-0.6","-3.7","-3.4","0.2","27459"
"Ben Rortvedt","MIN","39","98","3","8","7","0","6.1%","29.6%",".112",".211",".169",".229",".281",".227",".271","40","0.0","-7.2","5.5","0.2","20287"
"Max Schrock","CIN","53","134","3","19","14","1","6.0%","17.9%",".160",".333",".288",".328",".448",".329",".294","100","-0.3","-0.3","-2.5","0.2","17750"
"Tyler Nevin","BAL","6","18","1","3","3","0","22.2%","27.8%",".357",".375",".286",".444",".643",".452",".332","190","0.2","2.2","-1.2","0.2","17893"
"Austin Dean","STL","22","38","1","5","7","0","15.8%","28.9%",".167",".300",".233",".342",".400",".320",".291","103","0.9","1.0","-0.9","0.1","18288"
"Anthony Alford","PIT","49","148","5","14","11","5","8.1%","39.2%",".173",".371",".233",".311",".406",".310",".288","93","-1.1","-2.4","-1.1","0.1","14329"
"Daniel Johnson","CLE","30","81","4","9","5","1","4.9%","33.3%",".156",".283",".221",".259",".377",".274",".270","71","0.2","-2.6","1.1","0.1","19643"
"Stephen Vogt","- - -","78","238","7","24","25","0","10.9%","23.5%",".138",".230",".195",".283",".333",".270",".289","64","0.3","-10.5","3.8","0.1","5000"
"Nick Gordon","MIN","73","216","4","19","23","10","5.6%","25.5%",".115",".310",".240",".292",".355",".283",".317","77","0.6","-5.4","-0.7","0.1","16337"
"Jake Lamb","- - -","55","170","7","25","19","0","12.9%","30.0%",".174",".239",".194",".306",".368",".298",".316","87","-0.2","-2.9","-1.7","0.1","13329"
"Jo Adell","LAA","35","140","4","17","26","2","5.7%","22.9%",".162",".298",".246",".295",".408",".303",".312","90","-0.3","-2.0","-1.7","0.1","20220"
"Seby Zavala","CHW","37","104","5","15","15","0","5.8%","39.4%",".194",".255",".183",".240",".376",".265",".215","66","0.4","-3.8","1.4","0.1","18887"
"Phil Gosselin","LAA","104","373","7","40","47","4","6.4%","21.7%",".101",".322",".261",".314",".362",".297",".287","87","1.2","-4.9","-6.6","0.1","10953"
"Webster Rivas","SDP","24","77","2","8","4","0","10.4%","20.8%",".118",".260",".221",".303",".338",".286",".258","80","-1.5","-3.4","1.9","0.1","14636"
"Andy Burns","LAD","9","15","0","2","0","0","20.0%","6.7%",".091",".300",".273",".467",".364",".386",".401","145","-0.1","0.7","-0.2","0.1","12779"
"Cal Raleigh","SEA","47","148","2","6","13","0","4.7%","35.1%",".129",".267",".180",".223",".309",".231",".228","47","0.0","-9.6","5.6","0.1","21534"
"Rene Rivera","- - -","25","78","2","8","9","0","5.1%","37.2%",".130",".368",".232",".293",".362",".288",".263","81","-1.2","-3.0","1.4","0.1","3648"
"Edward Olivares","KCR","39","111","5","14","12","2","4.5%","17.1%",".168",".244",".238",".291",".406",".301",".297","88","-0.1","-1.8","-1.1","0.1","19698"
"Yermin Mercedes","CHW","68","262","7","26","37","0","7.6%","17.6%",".133",".309",".271",".328",".404",".317",".313","102","-1.2","-0.7","-7.4","0.1","17423"
"Aaron Hicks","NYY","32","126","4","13","14","0","11.1%","23.8%",".139",".224",".194",".294",".333",".279",".334","76","-0.2","-4.0","0.5","0.1","5297"
"Daniel Vogelbach","MIL","93","258","9","30","24","0","16.7%","22.1%",".163",".255",".219",".349",".381",".325",".338","101","-4.1","-3.9","-3.8","0.1","14130"
"Andy Young","ARI","58","104","6","13","15","0","5.8%","43.3%",".275",".317",".209",".298",".484",".332",".307","105","-1.5","-0.8","-1.8","0.1","19521"
"Jonathan Lucroy","- - -","7","23","0","2","3","0","13.0%","17.4%",".053",".400",".316",".409",".368",".351",".292","118","-0.2","0.3","-0.2","0.1","7870"
"Ender Inciarte","ATL","52","89","2","11","10","1","7.9%","24.7%",".101",".268",".215",".276",".316",".262",".230","59","0.5","-4.1","2.0","0.1","4922"
"Leody Taveras","TEX","49","185","3","14","9","10","4.9%","32.4%",".109",".225",".161",".207",".270",".209",".252","29","2.4","-13.8","8.2","0.1","18900"
"Jose Devers","MIA","21","46","0","7","5","0","6.5%","23.9%",".073",".323",".244",".304",".317",".276",".284","74","0.5","-1.0","0.2","0.1","20540"
"Aristides Aquino","CIN","84","204","10","25","23","2","13.2%","36.8%",".218",".253",".190",".299",".408",".303",".304","83","0.0","-4.4","-1.6","0.1","15482"
"Romy Gonzalez","CHW","10","33","0","4","2","0","3.0%","33.3%",".094",".381",".250",".273",".344",".267",".253","67","0.3","-1.0","0.5","0.1","21562"
"Hoy Park","- - -","45","150","3","16","14","1","12.0%","25.3%",".141",".250",".195",".297",".336",".279",".291","73","-1.0","-6.1","1.7","0.1","18027"
"Austin Hedges","CLE","88","312","10","32","31","1","4.8%","27.9%",".129",".214",".178",".220",".308",".227",".230","40","-0.2","-23.3","13.2","0.1","12976"
"Asdrubal Cabrera","- - -","110","352","7","34","42","1","10.2%","22.7%",".136",".283",".230",".313",".366",".297",".287","82","-1.9","-9.9","-1.2","0.0","4962"
"Riley Adams","- - -","47","120","2","13","10","0","12.5%","33.3%",".162",".351",".222",".358",".384",".332",".317","105","0.1","1.0","-4.5","0.0","19864"
"Niko Goodrum","DET","90","325","9","39","33","14","8.9%","32.9%",".145",".301",".214",".292",".359",".286",".305","79","0.3","-8.0","-2.6","0.0","12092"
"Harold Ramirez","CLE","99","361","7","33","41","3","3.9%","15.5%",".130",".301",".268",".305",".398",".302",".308","90","1.2","-3.1","-8.7","0.0","14387"
"Didi Gregorius","PHI","103","408","13","35","54","3","6.1%","16.4%",".160",".217",".209",".270",".370",".275",".273","68","1.5","-14.8","1.8","0.0","6012"
"Payton Henry","MIA","5","16","0","0","0","0","6.3%","31.3%",".067",".400",".267",".313",".333",".286",".327","81","-0.3","-0.7","0.6","0.0","22164"
"Jordy Mercer","WSN","46","127","2","13","9","0","7.1%","26.8%",".110",".341",".254",".307",".364",".294",".285","81","-0.2","-3.3","-0.5","0.0","6547"
"Ryan LaMarre","NYY","9","24","2","3","4","1","8.3%","25.0%",".286",".154",".190",".292",".476",".328",".255","109","0.0","0.2","-0.7","0.0","10700"
"Jonathan Arauz","BOS","28","75","3","9","8","0","10.7%","20.0%",".185",".191",".185",".274",".369",".282",".271","72","-0.1","-2.7","0.4","0.0","20275"
"Jason Martin","TEX","58","154","6","14","17","3","5.2%","26.6%",".146",".245",".208",".248",".354",".260",".278","63","0.7","-6.3","1.3","0.0","16429"
"T.J. Friedl","CIN","14","36","1","9","2","0","11.1%","5.6%",".129",".276",".290",".361",".419",".338",".298","106","0.5","0.7","-1.8","0.0","19522"
"Monte Harrison","MIA","9","11","0","0","0","0","0.0%","27.3%",".100",".286",".200",".200",".300",".212",".205","33","-0.3","-1.3","1.0","0.0","17216"
"Pete Kozma","OAK","3","12","0","0","0","0","8.3%","33.3%",".000",".143",".091",".167",".091",".131",".199","-21","0.1","-1.7","1.4","0.0","2539"
"Deven Marrero","MIA","10","19","1","4","1","1","15.8%","31.6%",".188",".222",".188",".316",".375",".307",".182","95","-0.3","-0.4","-0.1","0.0","13325"
"Eric Campbell","SEA","4","12","0","1","0","0","8.3%","8.3%",".000",".300",".273",".333",".273",".277",".308","78","0.2","-0.1","-0.2","0.0","6938"
"Nick Ahmed","ARI","129","473","5","46","38","7","7.2%","22.0%",".118",".279",".221",".280",".339",".269",".250","64","0.6","-21.1","5.5","0.0","12147"
"Rob Refsnyder","MIN","51","157","2","21","12","1","10.8%","25.5%",".094",".327",".245",".325",".338",".296",".340","86","-0.5","-3.2","-2.1","0.0","13770"
"Travis Blankenhorn","- - -","24","24","1","4","4","0","4.2%","33.3%",".217",".214",".174",".208",".391",".253",".337","61","0.2","-1.0","0.2","0.0","18395"
"Eric Hosmer","SDP","151","565","12","53","65","5","8.5%","17.5%",".126",".313",".269",".337",".395",".319",".325","102","-5.5","-3.8","-14.9","0.0","3516"
"Jon Jay","LAA","5","14","0","2","1","0","0.0%","14.3%",".000",".417",".357",".357",".357",".314",".185","98","0.1","0.0","-0.6","0.0","5227"
"Rafael Marchan","PHI","20","56","1","7","4","0","7.1%","17.9%",".115",".268",".231",".286",".346",".277",".283","70","0.1","-2.1","0.2","0.0","21646"
"Alex Blandino","CIN","43","82","0","9","5","1","9.8%","34.1%",".057",".333",".200",".317",".257",".270",".256","62","0.4","-3.6","0.8","0.0","16271"
"Kole Calhoun","ARI","51","182","5","17","17","1","8.2%","22.5%",".139",".281",".235",".297",".373",".292",".292","79","0.0","-4.9","-1.2","0.0","11200"
"Jacob Nottingham","- - -","15","45","3","5","6","0","4.4%","44.4%",".250",".167",".150",".222",".400",".263",".245","65","0.1","-1.8","0.1","0.0","16448"
"Jacob Wilson","- - -","12","21","0","3","1","0","4.8%","14.3%",".150",".176",".150",".190",".300",".209",".225","30","0.5","-1.3","0.4","0.0","13254"
"Mason Williams","NYM","17","37","1","3","1","0","10.8%","24.3%",".121",".261",".212",".297",".333",".270",".253","73","-0.4","-1.7","0.3","0.0","11859"
"Josh Palacios","TOR","13","42","0","7","4","0","7.1%","26.2%",".000",".280",".200",".293",".200",".236",".301","42","1.8","-1.2","-0.5","0.0","19818"
"Andrew Velazquez","NYY","28","68","1","11","6","4","1.5%","33.8%",".134",".326",".224",".235",".358",".252",".256","57","0.7","-2.8","0.2","0.0","14196"
"William Contreras","ATL","52","185","8","19","23","0","10.3%","29.2%",".184",".265",".215",".303",".399",".303",".319","86","-0.8","-4.1","-2.3","0.0","20503"
"Taylor Motter","- - -","16","29","0","5","1","0","10.3%","27.6%",".115",".278",".192",".276",".308",".259",".237","51","0.1","-1.8","0.5","0.0","12399"
"Jose Barrero","CIN","21","56","0","4","3","1","5.4%","30.4%",".120",".303",".200",".286",".320",".271",".234","62","0.4","-2.3","0.1","0.0","23378"
"Brian Miller","MIA","5","11","0","1","0","0","0.0%","27.3%",".000",".375",".273",".273",".273",".240",".230","51","0.1","-0.6","-0.2","0.0","20047"
"Ryan Lavarnway","CLE","9","30","0","2","0","0","3.3%","33.3%",".107",".389",".250",".276",".357",".274",".272","71","-0.7","-1.8","0.4","0.0","8879"
"Garrett Stubbs","HOU","18","38","0","2","3","0","5.3%","18.4%",".059",".222",".176",".222",".235",".205",".212","27","0.2","-3.2","1.5","0.0","18067"
"Lewin Diaz","MIA","40","128","8","16","13","0","4.7%","25.8%",".246",".210",".205",".242",".451",".288",".294","82","-0.3","-3.1","-1.6","0.0","18365"
"Rob Brantly","NYY","6","21","0","0","0","0","0.0%","19.0%",".050",".188",".150",".190",".200",".177",".201","7","-0.1","-2.5","1.3","0.0","10655"
"Donovan Walton","SEA","24","69","2","6","7","1","5.8%","21.7%",".159",".239",".206",".254",".365",".267",".269","71","0.3","-2.2","-0.6","0.0","19314"
"Wilfredo Tovar","NYM","6","12","0","0","1","0","8.3%","33.3%",".000",".286",".182",".250",".182",".204",".242","30","0.1","-1.0","0.1","-0.1","10416"
"Taylor Trammell","SEA","51","178","8","23","18","2","9.6%","42.1%",".199",".233",".160",".256",".359",".270",".234","73","0.0","-5.8","-0.8","-0.1","19960"
"Adrian Sanchez","WSN","16","38","0","5","1","0","7.9%","10.5%",".057",".290",".257",".316",".314",".271",".252","65","-1.6","-3.3","1.4","-0.1","11338"
"Yohel Pozo","TEX","21","77","1","8","9","0","3.9%","13.0%",".095",".317",".284",".312",".378",".300",".300","90","-0.5","-1.4","-1.8","-0.1","18848"
"Kevin Padlo","- - -","10","15","0","1","0","0","13.3%","60.0%",".077",".250",".077",".200",".154",".175",".172","10","0.1","-1.6","0.4","-0.1","16593"
"Dexter Fowler","LAA","7","21","0","3","1","1","4.8%","28.6%",".000",".357",".250",".286",".250",".242",".267","49","0.3","-1.0","-0.3","-0.1","4062"
"Taylor Jones","HOU","35","108","2","11","16","0","3.7%","26.9%",".157",".315",".245",".269",".402",".283",".247","80","-1.8","-4.4","0.0","-0.1","19533"
"Michael Chavis","- - -","43","124","3","16","11","1","0.8%","33.9%",".149",".351",".248",".258",".397",".277",".250","69","-1.0","-5.6","0.6","-0.1","17321"
"Jack Lopez","BOS","7","16","0","2","0","0","6.3%","37.5%",".154",".286",".154",".214",".308",".227",".154","35","0.3","-1.0","-0.4","-0.1","13663"
"Stuart Fairchild","ARI","12","17","0","3","2","0","5.9%","17.6%",".067",".167",".133",".235",".200",".208",".268","24","-0.2","-1.8","0.5","-0.1","20321"
"Andrew Stevenson","WSN","109","213","5","22","23","1","6.1%","28.6%",".109",".307",".229",".294",".339",".276",".295","69","0.7","-7.7","-0.3","-0.1","17932"
"Daz Cameron","DET","35","115","4","16","13","6","8.7%","33.0%",".165",".262",".194",".278",".359",".281",".284","76","2.3","-1.1","-3.8","-0.1","18353"
"Eli White","TEX","64","220","6","26","15","4","8.2%","30.0%",".131",".230",".177",".259",".308",".253",".249","58","0.2","-11.0","2.5","-0.1","19346"
"Pablo Sandoval","ATL","69","86","4","11","11","0","12.8%","29.1%",".164",".205",".178",".302",".342",".291",".317","78","-0.8","-3.2","-0.7","-0.1","5409"
"Brian O'Grady","SDP","32","61","2","8","9","0","13.1%","27.9%",".176",".182",".157",".267",".333",".265",".294","67","0.4","-2.2","-0.9","-0.1","16729"
"Luke Williams","PHI","58","108","1","8","6","2","9.3%","21.3%",".071",".311",".245",".315",".316",".283",".266","74","0.1","-3.5","-1.1","-0.1","19931"
"Abraham Almonte","ATL","64","175","5","20","19","1","14.9%","21.7%",".182",".255",".216",".331",".399",".321",".317","97","-1.4","-2.0","-5.0","-0.1","5486"
"Pedro Severino","BAL","113","419","11","32","46","0","8.1%","26.0%",".135",".314",".248",".308",".383",".299",".310","87","-3.9","-10.8","-4.6","-0.1","14523"
"Renato Nunez","DET","14","55","4","7","7","0","1.8%","29.1%",".283",".182",".189",".218",".472",".287",".211","80","-0.5","-1.9","-1.2","-0.1","14503"
"Nick Martini","CHC","25","45","0","4","4","0","13.3%","22.2%",".027",".345",".270",".356",".297",".287",".327","76","-0.4","-1.7","-1.0","-0.1","12005"
"Rodolfo Castro","PIT","31","93","5","9","8","0","6.5%","29.0%",".198",".222",".198",".258",".395",".281",".288","75","-0.8","-3.7","-0.6","-0.1","21987"
"Scott Heineman","CIN","19","34","2","5","3","0","8.8%","44.1%",".200",".077",".100",".206",".300",".226",".205","33","0.1","-2.8","0.4","-0.1","14453"
"Cavan Biggio","TOR","79","294","7","27","27","3","12.6%","26.5%",".132",".290",".224",".322",".356",".298",".285","84","-1.3","-7.1","-4.2","-0.1","19252"
"Cole Tucker","PIT","43","131","2","15","12","2","9.9%","25.2%",".120",".289",".222",".298",".342",".282",".280","75","-0.7","-4.9","-0.8","-0.1","17326"
"Nick Senzel","CIN","36","124","1","18","8","2","9.7%","12.9%",".063",".284",".252",".323",".315",".286",".357","72","-0.2","-4.6","-0.8","-0.1","19293"
"Patrick Mazeika","NYM","37","87","1","6","6","0","4.6%","20.7%",".076",".230",".190",".253",".266",".228",".235","46","0.1","-5.9","1.6","-0.1","18142"
"Mauricio Dubon","SFG","74","187","5","20","22","2","4.8%","21.9%",".137",".282",".240",".278",".377",".278",".273","75","-1.5","-7.6","0.0","-0.1","16530"
"Emmanuel Rivera","KCR","29","98","1","13","5","2","8.2%","21.4%",".078",".324",".256",".316",".333",".289",".317","80","0.9","-1.5","-3.3","-0.1","19890"
"Jose Rojas","LAA","61","184","6","26","15","2","8.2%","27.2%",".190",".259",".208",".277",".399",".292",".293","83","-1.0","-4.9","-2.9","-0.1","19331"
"Troy Stokes Jr.","PIT","8","20","0","2","2","1","5.0%","25.0%",".056",".154",".111",".200",".167",".177",".231","7","0.7","-1.7","-0.5","-0.1","17478"
"Hunter Dozier","KCR","144","543","16","55","54","5","7.9%","28.4%",".179",".276",".216",".285",".394",".293",".299","82","-1.4","-13.3","-6.7","-0.2","15117"
"Josh Reddick","ARI","54","158","2","15","21","0","3.8%","19.6%",".113",".311",".258",".285",".371",".283",".285","73","-0.6","-6.1","-0.7","-0.2","3892"
"Anderson Tejeda","TEX","5","17","0","1","0","1","5.9%","58.8%",".000",".167",".063",".118",".063",".092",".114","-50","0.2","-2.9","0.8","-0.2","19909"
"Daniel Robertson","MIL","50","90","2","10","4","0","13.3%","31.1%",".110",".227",".164",".303",".274",".265",".282","62","0.0","-4.3","-0.2","-0.2","14145"
"Anthony Bemboom","LAA","8","28","0","2","2","0","3.6%","35.7%",".000",".353",".222",".250",".222",".213",".197","30","-0.1","-2.5","0.0","-0.2","13854"
"Brent Rooker","MIN","58","213","9","25","16","0","7.0%","32.9%",".196",".264",".201",".291",".397",".301",".340","89","1.0","-1.8","-7.0","-0.2","19627"
"Mike Brosseau","TBR","57","169","5","21","18","2","8.9%","31.4%",".160",".245",".187",".266",".347",".268",".276","73","-0.9","-6.5","-0.8","-0.2","19683"
"Jorge Soler","- - -","149","602","27","74","70","0","11.1%","23.6%",".209",".250",".223",".316",".432",".323",".354","101","-6.8","-6.0","-15.8","-0.2","14221"
"Tim Lopes","MIL","7","11","0","1","0","0","9.1%","36.4%",".000",".167",".100",".182",".100",".143",".210","-17","-0.4","-2.1","0.0","-0.2","14137"
"Lewis Brinson","MIA","89","290","9","24","33","1","4.5%","24.8%",".150",".273",".226",".263",".376",".275",".286","74","-0.7","-10.4","-0.9","-0.2","14352"
"Kevin Smith","TOR","18","36","1","2","1","0","8.3%","30.6%",".094",".100",".094",".194",".188",".182",".247","6","0.4","-3.8","0.9","-0.2","20242"
"Chadwick Tromp","SFG","9","18","1","1","2","0","0.0%","22.2%",".167",".231",".222",".222",".389",".258",".204","62","-0.8","-1.7","-0.6","-0.2","16953"
"Jake Hager","- - -","14","30","0","2","2","0","13.3%","46.7%",".000",".250",".115",".233",".115",".180",".233","8","0.1","-3.4","0.7","-0.2","12198"
"Magneuris Sierra","MIA","123","225","0","27","5","11","6.7%","22.2%",".038",".302",".230",".281",".268",".239",".239","51","4.0","-10.1","0.9","-0.2","17023"
"Chris Gittens","NYY","16","44","1","1","5","0","15.9%","29.5%",".083",".130",".111",".250",".194",".216",".303","33","0.2","-3.5","0.2","-0.2","18482"
"Tony Wolters","CHC","14","30","0","3","0","0","16.7%","40.0%",".000",".250",".125",".276",".125",".210",".217","27","0.2","-2.7","-0.2","-0.2","11470"
"Zach Reks","LAD","6","10","0","2","0","0","0.0%","70.0%",".000",".000",".000",".000",".000",".000",".077","-100","0.0","-2.6","0.5","-0.2","19667"
"Nick Williams","CHW","4","13","0","2","0","0","7.7%","30.8%",".000",".000",".000",".231",".000",".164",".267","-2","-0.2","-1.8","-0.5","-0.2","14330"
"Alejo Lopez","CIN","14","23","0","3","0","0","0.0%","21.7%",".000",".333",".261",".261",".261",".229",".239","35","-0.1","-2.0","-0.6","-0.2","21127"
"Albert Pujols","- - -","109","296","17","29","50","2","4.7%","15.2%",".196",".223",".236",".284",".433",".302",".322","90","-2.4","-6.0","-5.7","-0.2","1177"
"Mike Ford","NYY","22","72","3","6","5","0","15.3%","31.9%",".150",".147",".133",".278",".283",".254",".314","59","0.2","-3.4","-0.9","-0.2","15585"
"Mike Tauchman","- - -","75","191","4","22","15","3","12.0%","30.4%",".102",".250",".181",".284",".283",".260",".275","63","-0.4","-9.4","1.1","-0.2","15274"
"Danny Santana","BOS","38","127","5","15","14","4","7.9%","23.6%",".164",".198",".181",".252",".345",".261",".275","58","0.2","-6.3","0.1","-0.2","10322"
"Luis Garcia","WSN","70","247","6","29","22","0","4.5%","17.4%",".169",".273",".242",".275",".411",".291",".278","79","-0.5","-7.1","-3.0","-0.2","20391"
"Ronald Guzman","TEX","7","17","1","1","1","0","5.9%","35.3%",".188",".000",".063",".118",".250",".159",".220","-6","0.0","-2.2","-0.4","-0.2","14388"
"Adam Haseley","PHI","9","21","0","2","0","0","0.0%","19.0%",".048",".235",".190",".190",".238",".185",".193","10","0.3","-2.1","-0.6","-0.2","19878"
"Yairo Munoz","BOS","5","11","0","0","0","0","0.0%","18.2%",".000",".111",".091",".091",".091",".080",".148","-64","0.1","-2.1","-0.3","-0.2","16313"
"Johneshwy Fargas","- - -","22","54","0","4","5","1","1.9%","27.8%",".135",".351",".250",".264",".385",".275",".205","73","-1.8","-3.7","-0.1","-0.2","16446"
"Jake Marisnick","- - -","99","198","5","21","24","4","5.6%","32.8%",".159",".306",".216",".286",".375",".287",".258","78","0.0","-5.5","-3.0","-0.2","11339"
"Travis Shaw","- - -","84","250","9","20","39","0","9.6%","27.2%",".173",".243",".200",".286",".373",".289",".302","78","-0.6","-7.7","-2.6","-0.2","11982"
"Aramis Garcia","OAK","32","94","3","8","7","0","1.1%","29.8%",".114",".263",".205",".239",".318",".244",".229","55","-1.7","-6.9","1.6","-0.2","16925"
"Jorge Bonifacio","PHI","7","12","0","0","2","0","8.3%","50.0%",".000",".200",".091",".167",".091",".131",".137","-25","0.0","-1.9","-0.6","-0.2","12174"
"Jarrod Dyson","- - -","102","149","0","17","10","10","6.7%","22.1%",".081",".272",".207",".260",".289",".243",".251","48","0.8","-8.6","1.5","-0.2","4866"
"Rowdy Tellez","- - -","106","325","11","34","36","0","7.1%","20.0%",".172",".275",".242",".305",".414",".306",".338","89","-0.3","-4.8","-8.2","-0.2","15679"
"Alec Bohm","PHI","115","417","7","46","47","4","7.4%","26.6%",".095",".327",".247",".305",".342",".285",".316","75","-2.5","-15.7","-0.2","-0.2","21618"
"Miguel Andujar","NYY","45","162","6","19","12","0","4.3%","17.3%",".130",".273",".253",".284",".383",".288",".309","81","-1.6","-5.3","-2.4","-0.2","15878"
"Mitch Moreland","OAK","81","252","10","28","30","0","7.1%","23.0%",".188",".256",".227",".286",".415",".300",".297","93","-1.9","-4.1","-6.6","-0.2","3086"
"Trent Giambrone","CHC","5","13","0","0","0","0","0.0%","30.8%",".000",".222",".154",".154",".154",".135",".119","-22","0.0","-2.0","-0.7","-0.2","19250"
"Wyatt Mathisen","ARI","23","51","1","3","8","0","9.8%","41.2%",".071",".190",".119",".255",".190",".219",".270","31","0.6","-3.9","-0.1","-0.2","14555"
"Bryan Holaday","ARI","13","34","0","2","1","0","2.9%","44.1%",".065",".375",".194",".265",".258",".239",".193","45","0.0","-2.4","-1.0","-0.2","11287"
"Eddy Alvarez","MIA","24","74","1","8","6","1","5.4%","24.3%",".141",".244",".188",".297",".328",".277",".326","75","0.1","-2.2","-2.6","-0.2","16959"
"Alan Trejo","COL","28","50","1","7","3","0","6.0%","30.0%",".109",".290",".217",".260",".326",".245",".257","38","-0.6","-4.6","0.6","-0.2","20056"
"Sebastian Rivero","KCR","17","44","0","1","3","0","6.8%","34.1%",".050",".280",".175",".250",".225",".220",".239","33","-0.2","-3.8","-0.1","-0.2","21735"
"Colin Moran","PIT","99","359","10","29","50","1","10.0%","24.2%",".132",".321",".258",".334",".390",".318",".314","98","-5.3","-6.1","-8.3","-0.2","16909"
"Steven Souza Jr.","LAD","17","36","1","2","3","0","5.6%","38.9%",".182",".222",".152",".222",".333",".241",".194","51","-0.5","-2.8","-0.9","-0.2","5667"
"Nick Heath","ARI","20","39","0","3","1","0","10.3%","38.5%",".029",".250",".143",".231",".171",".180",".209","6","-0.8","-5.4","1.6","-0.3","19577"
"Dustin Fowler","PIT","18","46","0","3","2","1","6.5%","43.5%",".024",".318",".171",".239",".195",".202",".183","24","0.0","-4.5","0.5","-0.3","17098"
"Mickey Moniak","PHI","21","37","1","3","3","0","8.1%","43.2%",".091",".125",".091",".167",".182",".147",".187","-15","0.9","-4.5","0.8","-0.3","19956"
"Roberto Perez","CLE","44","161","7","13","17","1","10.6%","34.8%",".170",".179",".149",".245",".319",".251",".300","56","0.2","-8.5","0.5","-0.3","2900"
"Max Moroff","STL","6","16","0","0","1","0","0.0%","62.5%",".000",".167",".063",".063",".063",".055",".135","-69","0.2","-3.3","0.1","-0.3","14556"
"Khalil Lee","NYM","11","18","0","2","1","0","0.0%","72.2%",".056",".200",".056",".056",".111",".069",".068","-58","0.1","-3.5","0.3","-0.3","19952"
"Marcell Ozuna","ATL","48","208","7","21","26","0","9.1%","22.1%",".144",".244",".213",".288",".356",".284",".345","73","-1.3","-8.3","-1.3","-0.3","10324"
"Carlos Santana","KCR","158","659","19","66","69","2","13.1%","15.5%",".127",".227",".214",".319",".342",".294",".334","83","-0.8","-14.6","-10.5","-0.3","2396"
"Hernan Perez","WSN","10","21","0","1","0","0","9.5%","47.6%",".000",".111",".053",".143",".053",".108",".178","-40","0.1","-3.7","0.2","-0.3","5751"
"Brock Holt","TEX","77","260","2","21","23","5","8.8%","18.8%",".089",".254",".209",".281",".298",".259",".278","62","-1.6","-13.6","2.0","-0.3","9345"
"Mark Payton","CIN","24","24","0","2","0","0","8.3%","29.2%",".000",".267",".182",".250",".182",".204",".269","19","-0.6","-3.1","-0.5","-0.3","16042"
"Henry Ramos","ARI","18","55","1","5","8","0","7.3%","21.8%",".100",".237",".200",".255",".300",".244",".257","48","0.2","-3.5","-1.1","-0.3","11481"
"Jose Godoy","SEA","16","40","0","2","3","0","7.5%","35.0%",".027",".261",".162",".225",".189",".193",".187","21","-0.4","-4.3","0.1","-0.3","15808"
"Juan Lagares","LAA","112","327","6","39","38","1","3.7%","23.2%",".136",".294",".236",".266",".372",".274",".281","71","-0.9","-12.5","-1.4","-0.3","5384"
"Andrew Romine","CHC","26","64","1","7","5","0","6.3%","37.5%",".083",".286",".183",".234",".267",".223",".218","35","-0.6","-5.9","0.8","-0.3","1159"
"Chad Wallach","MIA","23","66","0","2","6","0","4.5%","48.5%",".067",".400",".200",".242",".267",".224",".165","41","-1.0","-6.0","0.8","-0.3","17161"
"Adam Eaton","- - -","84","288","6","38","30","3","7.6%","24.7%",".126",".253",".201",".282",".327",".271",".275","70","1.2","-9.5","-3.4","-0.3","11205"
"Jose Lobaton","CHC","6","13","0","1","0","0","15.4%","38.5%",".000",".000",".000",".154",".000",".106",".208","-41","0.0","-2.3","-1.2","-0.3","4243"
"Mike Freeman","CIN","37","65","0","6","3","1","7.7%","30.8%",".000",".282",".186",".262",".186",".206",".233","20","0.5","-6.1","0.9","-0.3","11241"
"Joshua Fuentes","COL","95","284","7","30","33","0","4.2%","22.9%",".125",".270",".225",".257",".351",".261",".230","48","2.2","-16.7","4.2","-0.3","16885"
"Colton Welker","COL","19","40","0","7","2","0","7.5%","27.5%",".027",".269",".189",".250",".216",".215",".298","18","-0.6","-4.8","0.4","-0.3","19961"
"Isaac Paredes","DET","23","85","1","7","5","0","11.8%","12.9%",".111",".226",".208",".306",".319",".274",".283","71","-2.4","-5.4","-0.7","-0.3","20036"
"Johan Camargo","ATL","15","18","0","1","0","0","11.1%","33.3%",".000",".000",".000",".111",".000",".077",".166","-61","0.0","-3.7","-0.1","-0.3","14950"
"Jake Cave","MIN","76","178","3","14","13","1","5.6%","34.8%",".104",".283",".189",".249",".293",".241",".273","49","1.3","-9.9","0.6","-0.3","14477"
"Ryan McKenna","BAL","90","197","2","20","14","1","12.2%","37.6%",".083",".312",".183",".292",".266",".259",".281","59","1.6","-8.2","-1.7","-0.3","19928"
"Matt Carpenter","STL","130","249","3","18","21","2","14.1%","30.9%",".106",".250",".169",".305",".275",".269",".342","70","0.4","-9.2","-2.3","-0.3","8090"
"Maikel Franco","BAL","104","403","11","31","47","0","5.0%","16.6%",".146",".225",".210",".253",".355",".263",".269","62","-1.2","-20.0","3.0","-0.3","12179"
"Jay Bruce","NYY","10","39","1","3","3","0","12.8%","33.3%",".118",".150",".118",".231",".235",".217",".232","34","-0.8","-4.0","-0.7","-0.3","9892"
"Jose Marmolejos","SEA","41","122","4","11","12","0","12.3%","32.0%",".151",".203",".160",".262",".311",".256",".280","64","0.5","-4.8","-2.7","-0.3","15767"
"Scott Kingery","PHI","15","19","0","1","0","0","0.0%","63.2%",".000",".143",".053",".053",".053",".046",".056","-80","0.0","-4.4","0.3","-0.3","17975"
"Tucupita Marcano","SDP","25","50","0","7","3","0","12.0%","18.0%",".023",".229",".182",".280",".205",".231",".294","45","-0.6","-4.1","-1.0","-0.3","22871"
"P.J. Higgins","CHC","9","25","0","1","0","0","8.0%","32.0%",".000",".067",".043",".120",".043",".090",".164","-51","-0.2","-5.0","0.8","-0.3","18433"
"Orlando Arcia","- - -","36","89","2","9","14","1","7.9%","21.3%",".111",".230",".198",".258",".309",".245",".250","48","-0.3","-6.1","-0.3","-0.3","13185"
"Will Craig","PIT","18","65","1","5","3","0","7.7%","33.8%",".083",".324",".217",".277",".300",".251",".226","55","-0.2","-4.0","-1.7","-0.4","19267"
"Matt Adams","COL","22","40","0","3","2","0","10.0%","22.5%",".028",".222",".167",".250",".194",".198",".197","7","-1.0","-5.8","0.9","-0.4","9393"
"Jared Oliva","PIT","20","43","0","4","2","2","7.0%","23.3%",".050",".233",".175",".233",".225",".197",".214","20","0.8","-3.6","-1.3","-0.4","19968"
"Khris Davis","- - -","42","114","3","11","10","0","8.8%","27.2%",".157",".257",".206",".272",".363",".274",".311","74","-0.5","-4.1","-3.3","-0.4","9112"
"Cameron Maybin","NYM","9","33","0","2","0","1","9.1%","36.4%",".000",".063",".036",".182",".036",".133",".188","-16","0.4","-4.5","-0.1","-0.4","5223"
"Eric Sogard","CHC","78","180","1","16","12","3","5.0%","16.7%",".065",".293",".249",".283",".314",".259",".227","59","-1.9","-11.4","1.8","-0.4","7927"
"Jason Vosler","SFG","41","82","3","12","9","2","8.5%","25.6%",".178",".200",".178",".256",".356",".261",".293","64","-1.4","-5.2","-1.1","-0.4","16686"
"Greg Deichmann","CHC","14","31","0","0","1","0","3.2%","45.2%",".000",".250",".133",".161",".133",".136",".174","-22","0.2","-4.6","0.0","-0.4","19872"
"Willi Castro","DET","125","450","9","56","38","9","5.1%","24.2%",".131",".275",".220",".273",".351",".271",".290","69","2.0","-15.1","-3.8","-0.4","17338"
"Todd Frazier","PIT","13","40","0","3","4","0","7.5%","15.0%",".029",".103",".086",".200",".114",".163",".261","-2","0.4","-4.8","-0.3","-0.4","785"
"Austin Romine","CHC","28","62","1","5","5","0","3.2%","35.5%",".083",".324",".217",".242",".300",".237",".184","44","-1.3","-5.8","-0.1","-0.4","5491"
"Wilson Ramos","- - -","44","163","8","15","20","0","5.5%","22.1%",".192",".213",".205",".248",".397",".275",".304","72","-1.3","-6.9","-2.5","-0.4","1433"
"Kurt Suzuki","LAA","72","247","6","17","16","0","4.9%","17.8%",".119",".250",".224",".294",".342",".282",".263","76","-1.9","-9.1","-3.1","-0.4","8259"
"Jonathan Davis","- - -","64","103","1","20","4","4","11.7%","25.2%",".046",".164",".126",".252",".172",".210",".284","25","0.3","-9.1","1.8","-0.4","15104"
"Gerardo Parra","WSN","53","107","2","13","10","1","5.6%","28.0%",".113",".318",".237",".292",".351",".282",".253","73","-1.4","-5.1","-2.4","-0.4","8553"
"Rio Ruiz","- - -","62","141","3","11","10","2","8.5%","27.0%",".104",".209",".168",".243",".272",".231",".250","37","0.0","-11.0","2.2","-0.4","14103"
"Luke Raley","LAD","33","72","2","5","4","0","2.8%","34.7%",".106",".256",".182",".250",".288",".236",".298","47","0.1","-4.8","-1.6","-0.4","19354"
"Vimael Machin","OAK","15","37","0","1","1","0","8.1%","27.0%",".000",".182",".125",".200",".125",".160",".191","-2","-0.5","-5.1","-0.3","-0.4","17684"
"Sam Haggerty","SEA","35","94","2","15","5","5","6.4%","29.8%",".105",".250",".186",".247",".291",".240",".285","53","0.0","-5.4","-2.0","-0.4","18054"
"Scott Schebler","LAA","14","34","0","3","0","0","0.0%","50.0%",".088",".294",".147",".147",".235",".161",".158","-5","0.7","-3.7","-1.7","-0.4","12225"
"Mike Moustakas","CIN","62","206","6","21","22","0","8.7%","22.3%",".164",".239",".208",".282",".372",".284",".276","70","-0.4","-8.2","-2.9","-0.4","4892"
"John Nogowski","- - -","52","143","1","14","14","0","8.4%","15.4%",".078",".271",".233",".301",".310",".273",".279","70","-1.8","-7.3","-1.8","-0.4","16852"
"Luis Rengifo","LAA","54","190","6","22","18","1","4.7%","20.0%",".109",".220",".201",".246",".310",".244",".293","50","1.1","-10.5","-0.4","-0.4","19858"
"Drew Ellis","ARI","28","83","1","10","5","0","12.0%","32.5%",".072",".195",".130",".277",".203",".230",".229","39","-0.1","-6.5","-0.7","-0.5","19873"
"Alex Jackson","- - -","52","151","3","13","12","0","8.6%","48.3%",".099",".273",".137",".252",".237",".227",".222","41","-0.2","-11.5","2.0","-0.5","17276"
"Richie Martin","BAL","37","105","1","9","8","0","3.8%","26.7%",".051",".314",".235",".269",".286",".246",".238","51","-1.7","-8.1","-0.1","-0.5","17736"
"Vidal Brujan","TBR","10","26","0","3","2","1","0.0%","30.8%",".000",".111",".077",".077",".077",".068",".172","-63","0.6","-4.6","-1.0","-0.5","20536"
"Andrelton Simmons","MIN","131","451","3","37","31","1","7.1%","13.7%",".051",".256",".223",".283",".274",".252",".261","56","-1.5","-25.5","5.5","-0.5","10847"
"Zach McKinstry","LAD","60","172","7","19","29","1","5.8%","29.1%",".190",".262",".215",".263",".405",".282",".273","77","-0.5","-5.5","-5.0","-0.5","19392"
"Kean Wong","LAA","32","66","0","3","6","0","3.0%","25.8%",".067",".233",".167",".194",".233",".187",".250","12","-0.2","-7.3","0.1","-0.5","15994"
"Kevan Smith","- - -","33","106","0","8","3","0","9.4%","29.2%",".032",".250",".168",".248",".200",".196",".217","17","-0.1","-11.3","2.9","-0.5","12284"
"Skye Bolt","- - -","34","60","1","5","4","2","1.7%","25.0%",".070",".098",".088",".103",".158",".113",".204","-33","0.8","-9.0","1.9","-0.5","17723"
"Dominic Smith","NYM","145","493","11","43","58","2","6.5%","22.7%",".119",".298",".244",".304",".363",".291",".324","86","-4.0","-12.7","-8.6","-0.5","15653"
"Shogo Akiyama","CIN","88","183","0","16","12","2","7.7%","21.9%",".049",".268",".204",".282",".253",".243",".277","44","1.0","-12.0","0.8","-0.5","27461"
"Phillip Evans","PIT","76","247","5","23","16","1","11.3%","21.5%",".093",".250",".206",".312",".299",".278",".312","73","0.0","-8.6","-4.7","-0.5","12950"
"Shed Long Jr.","SEA","34","121","4","13","17","1","7.4%","32.2%",".162",".265",".198",".258",".360",".268",".261","72","-1.1","-5.2","-4.1","-0.5","16542"
"Victor Robles","WSN","107","369","2","37","19","8","8.9%","23.0%",".092",".271",".203",".310",".295",".274",".288","67","-3.4","-18.7","1.2","-0.5","18363"
"Edwin Rios","LAD","25","60","1","4","1","0","11.7%","30.0%",".059",".094",".078",".217",".137",".182",".256","12","-0.2","-6.9","-0.4","-0.5","18316"
"Josh VanMeter","ARI","112","310","6","26","36","3","10.6%","26.8%",".142",".278",".212",".297",".354",".287",".275","75","-1.5","-11.2","-4.4","-0.5","15170"
"Nomar Mazara","DET","50","181","3","12","19","0","8.3%","24.9%",".109",".271",".212",".276",".321",".264",".272","64","0.1","-7.9","-3.7","-0.5","14553"
"Jarren Duran","BOS","33","112","2","17","10","2","3.6%","35.7%",".121",".318",".215",".241",".336",".247",".246","49","0.6","-6.4","-2.8","-0.5","24617"
"Josh Naylor","CLE","69","250","7","28","21","1","5.6%","18.0%",".146",".287",".253",".301",".399",".302",".308","90","-1.4","-4.4","-9.6","-0.6","18839"
"Willie Calhoun","TEX","75","284","6","26","25","0","7.4%","12.0%",".131",".267",".250",".310",".381",".301",".323","91","-4.0","-7.2","-8.0","-0.6","17838"
"Robel Garcia","HOU","47","117","1","8","8","0","6.8%","35.9%",".057",".234",".151",".216",".208",".194",".224","20","-0.4","-11.8","2.2","-0.6","13167"
"Stevie Wilkerson","BAL","31","76","0","5","2","2","3.9%","39.5%",".042",".286",".167",".211",".208",".190",".186","13","0.6","-7.6","-0.7","-0.6","16041"
"Kelvin Gutierrez","- - -","85","295","3","23","20","0","6.4%","25.8%",".085",".311",".232",".292",".316",".270",".263","67","-2.2","-14.1","-1.7","-0.6","17468"
"Matt Joyce","PHI","43","69","2","6","7","0","17.4%","23.2%",".127",".079",".091",".261",".218",".219",".276","32","-1.0","-7.0","-1.0","-0.6","3353"
"Luis Campusano","SDP","11","38","0","0","1","0","10.5%","28.9%",".000",".130",".088",".184",".088",".142",".247","-13","-1.7","-7.2","0.1","-0.6","22217"
"Stephen Piscotty","OAK","72","188","5","14","16","1","6.9%","25.5%",".133",".275",".220",".282",".353",".279",".289","78","-1.0","-6.0","-6.3","-0.6","13367"
"Ka'ai Tom","- - -","48","133","2","10","12","1","12.8%","27.1%",".093",".178",".139",".278",".231",".239",".287","47","-0.5","-9.3","-1.1","-0.6","18136"
"David Bote","CHC","97","327","8","32","35","0","8.3%","22.3%",".131",".235",".199",".276",".330",".268",".312","64","-3.1","-18.1","1.2","-0.6","14593"
"Jahmai Jones","BAL","26","72","0","5","3","1","5.6%","36.1%",".045",".244",".149",".208",".194",".186",".195","10","0.0","-8.0","-0.5","-0.6","18872"
"Sheldon Neuse","LAD","33","66","3","6","4","1","1.5%","39.4%",".154",".222",".169",".182",".323",".214",".249","33","-1.3","-7.0","-1.2","-0.6","19635"
"Albert Almora Jr.","NYM","47","54","0","3","0","0","3.7%","31.5%",".058",".171",".115",".148",".173",".143",".161","-9","0.0","-7.5","-0.5","-0.6","14109"
"Sandy Leon","MIA","84","220","4","15","14","0","5.5%","29.5%",".084",".244",".183",".237",".267",".225",".216","42","-1.6","-18.0","4.4","-0.6","5273"
"Chance Sisco","- - -","28","83","0","5","4","0","8.4%","25.3%",".041",".208",".149",".241",".189",".205",".221","24","-0.5","-8.2","-1.0","-0.6","15694"
"Gilberto Celestino","MIN","23","62","2","7","3","0","4.8%","22.6%",".153",".140",".136",".177",".288",".201",".241","22","-0.3","-6.3","-2.4","-0.7","20233"
"Zack Short","DET","61","184","6","21","20","2","12.0%","32.1%",".141",".165",".141",".239",".282",".230",".243","41","0.1","-13.1","0.3","-0.7","19562"
"Victor Caratini","SDP","116","356","7","33","39","2","9.8%","23.0%",".096",".281",".227",".309",".323",".273",".290","72","-4.9","-17.4","-0.9","-0.7","14968"
"Curtis Terry","TEX","13","48","0","3","1","0","4.2%","31.3%",".044",".133",".089",".146",".133",".132",".193","-23","0.3","-7.0","-1.3","-0.7","18881"
"Miguel Cabrera","DET","130","526","15","48","75","0","7.6%","22.4%",".129",".305",".256",".316",".386",".305",".313","92","-6.3","-11.4","-13.0","-0.7","1744"
"Jake Bauers","- - -","115","315","4","27","19","6","9.5%","24.8%",".067",".275",".209",".290",".277",".257",".296","63","0.4","-14.0","-3.4","-0.7","15194"
"Marwin Gonzalez","- - -","91","307","5","30","28","3","6.5%","25.4%",".105",".258",".199",".275",".304",".259",".280","58","-2.0","-17.8","0.7","-0.7","5497"
"Tim Locastro","- - -","64","156","2","15","7","5","4.5%","21.2%",".072",".219",".180",".263",".252",".237",".257","44","0.3","-10.7","-1.1","-0.7","15124"
"Cristian Pache","ATL","22","68","1","6","4","0","2.9%","36.8%",".095",".162",".111",".152",".206",".159",".192","-8","0.1","-9.3","0.2","-0.7","19948"
"Isan Diaz","MIA","89","277","4","25","17","1","12.3%","26.4%",".088",".256",".193",".293",".282",".253",".273","60","0.3","-14.0","-2.0","-0.7","17922"
"Evan White","SEA","30","104","2","8","9","0","5.8%","29.8%",".093",".188",".144",".202",".237",".197",".240","24","0.5","-9.1","-1.3","-0.7","20078"
"Jarred Kelenic","SEA","93","377","14","41","43","6","9.5%","28.1%",".169",".216",".181",".265",".350",".270",".310","73","1.3","-11.0","-8.7","-0.7","22558"
"Carter Kieboom","WSN","62","249","6","26","20","0","10.0%","24.9%",".111",".258",".207",".301",".318",".275",".299","68","-1.9","-11.9","-3.2","-0.7","19958"
"Zack Collins","CHW","78","231","4","25","26","1","14.7%","29.9%",".128",".303",".210",".330",".338",".300",".322","90","-1.1","-3.9","-10.8","-0.7","19181"
"Drew Butera","LAA","12","36","0","1","5","0","0.0%","44.4%",".031",".176",".094",".091",".125",".091",".149","-53","0.3","-6.4","-1.9","-0.7","3411"
"Erik Gonzalez","PIT","71","229","2","17","21","2","3.5%","17.5%",".068",".274",".232",".258",".300",".244",".274","50","-1.9","-16.4","1.6","-0.7","13369"
"Keston Hiura","MIL","61","197","4","16","19","3","7.1%","39.1%",".133",".269",".168",".256",".301",".250",".281","52","1.3","-10.7","-3.1","-0.7","20003"
"Jurickson Profar","SDP","137","412","4","47","33","10","11.9%","15.8%",".093",".266",".227",".329",".320",".293",".302","85","-1.9","-9.6","-11.3","-0.7","10815"
"Ryan O'Hearn","KCR","84","254","9","23","29","0","5.1%","28.0%",".144",".277",".225",".268",".369",".274",".293","70","-2.1","-11.5","-4.4","-0.7","16442"
"Franchy Cordero","BOS","48","136","1","12","9","1","5.9%","37.5%",".071",".307",".189",".237",".260",".222",".239","32","0.6","-10.8","-1.4","-0.8","14567"
"Ildemaro Vargas","- - -","34","83","0","7","7","1","7.2%","20.5%",".065",".200",".156",".217",".221",".192",".245","15","0.2","-8.8","-1.5","-0.8","13324"
"David Dahl","TEX","63","220","4","19","18","2","4.5%","26.8%",".112",".269",".210",".247",".322",".246",".296","54","-0.7","-13.1","-2.0","-0.8","13744"
"Justin Williams","STL","51","137","4","10","11","0","12.4%","33.6%",".101",".217",".160",".270",".261",".229",".316","44","-0.6","-10.4","-2.0","-0.8","15490"
"Cody Bellinger","LAD","95","350","10","39","36","3","8.9%","26.9%",".137",".196",".165",".240",".302",".237",".281","48","2.1","-21.2","1.8","-0.8","15998"
"Jackie Bradley Jr.","MIL","134","428","6","39","29","7","6.5%","30.8%",".098",".226",".163",".236",".261",".224",".257","35","2.1","-33.1","10.9","-0.8","12984"
"Willians Astudillo","MIN","73","216","7","17","21","0","1.4%","5.6%",".139",".221",".236",".259",".375",".272",".279","70","-3.5","-11.4","-4.4","-0.8","15608"
"Michael Perez","PIT","70","231","7","19","21","0","8.2%","29.4%",".148",".170",".143",".221",".290",".225",".244","38","-0.5","-18.7","2.5","-0.9","12977"
"Domingo Leyba","- - -","34","96","1","6","4","0","8.3%","24.0%",".046",".143",".115",".198",".161",".172",".236","2","-0.6","-12.3","0.3","-0.9","16404"
"Clint Frazier","NYY","66","218","5","20","15","2","14.7%","29.8%",".131",".257",".186",".317",".317",".289",".313","83","-2.4","-7.1","-9.3","-0.9","15983"
"Austin Wynns","BAL","45","139","4","14","14","1","5.8%","22.3%",".123",".211",".185",".232",".308",".236",".243","44","-1.3","-10.8","-3.3","-0.9","15271"
"Pat Valaika","BAL","91","281","5","17","25","1","5.7%","27.0%",".089",".260",".201",".250",".290",".238",".266","46","-1.2","-19.9","0.8","-1.0","14885"
"Andrew Knizner","STL","63","185","1","18","9","0","10.8%","21.1%",".062",".223",".174",".281",".236",".238",".275","50","-1.5","-13.3","-2.5","-1.0","19514"
"JaCoby Jones","DET","36","105","2","9","9","2","4.8%","40.0%",".080",".268",".170",".210",".250",".204",".248","24","-0.8","-10.6","-2.7","-1.0","14818"
"Andrew Knapp","PHI","62","159","2","13","11","0","6.3%","38.4%",".062",".241",".152",".215",".214",".196",".231","18","1.5","-15.2","-0.8","-1.1","14942"
"Owen Miller","CLE","60","202","4","17","18","2","4.5%","26.7%",".105",".261",".204",".243",".309",".241",".264","49","-2.3","-15.0","-2.8","-1.1","24655"
"Gregory Polanco","PIT","107","382","11","38","36","14","9.4%","27.2%",".146",".258",".208",".283",".354",".275",".315","71","1.9","-12.3","-11.9","-1.2","12907"
"Joe Panik","- - -","95","257","3","17","18","2","6.6%","13.2%",".076",".230",".208",".266",".284",".244",".274","51","-2.0","-17.8","-2.4","-1.2","11936"
